Date,Open,High,Low,Close,Volume,Dividends,Stock Splits
1987-11-05,1.7769293544097755,1.786912016972176,1.7569638916215595,1.76694655418396,55310,0.0,0.0
1987-11-06,1.7769293544097755,1.7968946795345762,1.76694655418396,1.76694655418396,212201,0.0,0.0
1987-11-09,1.7569649503699778,1.7769304251894043,1.717033863067627,1.717033863067627,107727,0.0,0.0
1987-11-10,1.7369985664967589,1.7769293544097755,1.7170328283817122,1.76694655418396,61816,0.0,0.0
1987-11-11,1.7369985664967589,1.786912016972176,1.7369985664967589,1.76694655418396,65793,0.0,0.0
1987-11-12,1.7968932613604796,1.87675546247341,1.7769279519930337,1.8667725324630737,102305,0.0,0.0
1987-11-13,1.846807085432321,1.8967209095041626,1.8368244307485981,1.8667725324630737,30366,0.0,0.0
1987-11-16,1.846808950719874,1.8767573580090247,1.8368262859536026,1.856791615486145,53502,0.0,0.0
1987-11-17,1.8667740505900854,1.8767569887189017,1.8168604612533523,1.82684326171875,30004,0.0,0.0
1987-11-18,1.8168609298435547,1.8168609298435547,1.7569643869299691,1.7769298553466797,38681,0.0,0.0
1987-11-19,1.7369998513546432,1.7569651912477955,1.6771032810211182,1.6771032810211182,422955,0.0,0.0
1987-11-20,1.6970686209142702,1.7070512908608464,1.6371720505807452,1.6771032810211182,111342,0.0,0.0
1987-11-23,1.6970673372307674,1.7070499996263295,1.677102012439643,1.687084674835205,31812,0.0,0.0
1987-11-24,1.677102623518748,1.746981836402942,1.6471540747661777,1.7270160913467407,198464,0.0,0.0
1987-11-25,1.727015462080867,1.727015462080867,1.687084674835205,1.687084674835205,96159,0.0,0.0
1987-11-27,1.6771025648537694,1.7070505619049072,1.6771025648537694,1.7070505619049072,31089,0.0,0.0
1987-11-30,1.6870851269437754,1.6870851269437754,1.6471539160070259,1.6671193838119507,74831,0.0,0.0
1987-12-01,1.6571364327781548,1.7070501625088499,1.6571364327781548,1.6970674991607666,96882,0.0,0.0
1987-12-02,1.687084674835205,1.7070499996263295,1.677102012439643,1.687084674835205,78446,0.0,0.0
1987-12-03,1.6771021800538946,1.6970675068404093,1.6571364402770996,1.6571364402770996,29281,0.0,0.0
1987-12-04,1.637169788991908,1.6471524451484276,1.6271871328353882,1.6271871328353882,73385,0.0,0.0
1987-12-07,1.6172059383524926,1.6371714080737243,1.6072232723236084,1.6072232723236084,46272,0.0,0.0
1987-12-08,1.6072239030774997,1.6771032810211182,1.6072239030774997,1.6771032810211182,84230,0.0,0.0
1987-12-09,1.6571369178474626,1.667119584117625,1.5772748993688315,1.6172059774398804,111342,0.0,0.0
1987-12-10,1.5972403309677978,1.6072232723236084,1.5772748612465661,1.6072232723236084,63985,0.0,0.0
1987-12-11,1.587257742881775,1.6172061580268822,1.5672924081120005,1.587257742881775,48441,0.0,0.0
1987-12-14,1.5972403695726227,1.627188781373509,1.5772748993688315,1.6172059774398804,92906,0.0,0.0
1987-12-15,1.5972401947623502,1.6471539336407424,1.5972401947623502,1.6371712684631348,67962,0.0,0.0
1987-12-16,1.647154113913834,1.667119584117625,1.6172059774398804,1.6172059774398804,131948,0.0,0.0
1987-12-17,1.6172057831313635,1.7170332598194378,1.6172057831313635,1.6671193838119507,295707,0.0,0.0
1987-12-18,1.6870849263891092,1.7369987964630127,1.6671191856307408,1.7369987964630127,198825,0.0,0.0
1987-12-21,1.7369991096098787,1.7769299100081877,1.6671194861796816,1.7070505619049072,109535,0.0,0.0
1987-12-22,1.7270160913467407,1.7270160913467407,1.687085289551654,1.7270160913467407,114234,0.0,0.0
1987-12-23,1.7193304936669669,1.8406950614532924,1.6788755912484035,1.800240159034729,135201,0.077455,0.0
1987-12-24,1.8204663737609645,1.8204663737609645,1.759784542518315,1.780011773109436,135924,0.0,0.0
1987-12-28,1.759785293061593,1.8508085668892293,1.7193302567482511,1.8305811882019043,77000,0.0,0.0
1987-12-29,1.810352428375937,1.820466041827438,1.75978422164917,1.75978422164917,46995,0.0,0.0
1987-12-30,1.7395568935193348,1.810352758465404,1.7193295234589274,1.780011773109436,74108,0.0,0.0
1987-12-31,1.7800118477612539,1.7800118477612539,1.699102364126366,1.719329595565796,53864,0.0,0.0
1988-01-04,1.6991026538347607,1.8002395256228854,1.6991026538347607,1.769898533821106,67962,0.0,0.0
1988-01-05,1.7901261518885623,1.8305811882019043,1.7901261518885623,1.8305811882019043,158699,0.0,0.0
1988-01-06,1.8609209313837578,1.8609209313837578,1.8002386967801023,1.8204659223556519,215093,0.0,0.0
1988-01-07,1.8002385716406861,1.8508071899414062,1.8002385716406861,1.8508071899414062,86037,0.0,0.0
1988-01-08,1.8406936871382231,1.8406936871382231,1.75978422164917,1.75978422164917,30727,0.0,0.0
1988-01-11,1.75978422164917,1.7800114485521723,1.739556576338385,1.75978422164917,28920,0.0,0.0
1988-01-12,1.739556947561039,1.7597845971884185,1.6889883116351077,1.7294431924819946,98690,0.0,0.0
1988-01-13,1.7092154180826507,1.7092154180826507,1.6384194339665192,1.6991018056869507,82422,0.0,0.0
1988-01-14,1.7193307585017836,1.7395581430920812,1.6384210806712076,1.6687620878219604,169182,0.0,0.0
1988-01-15,1.668760383317934,1.688987747247612,1.6485331588575,1.678874135017395,177858,0.0,0.0
1988-01-18,1.699102364126366,1.719329595565796,1.6788747142790597,1.719329595565796,31450,0.0,0.0
1988-01-19,1.729443138754488,1.780011773109436,1.729443138754488,1.780011773109436,41573,0.0,0.0
1988-01-20,1.7597850188016089,1.80023963040212,1.7294436068259222,1.7496709823608398,176051,0.0,0.0
1988-01-21,1.739556947561039,1.739556947561039,1.719329576872241,1.7294431924819946,73385,0.0,0.0
1988-01-22,1.749670189789886,1.75978422164917,1.749670189789886,1.75978422164917,15183,0.0,0.0
1988-01-25,1.7496709823608398,1.7800122548672024,1.7294436068259222,1.7496709823608398,32173,0.0,0.0
1988-01-26,1.739557364328043,1.7698986368344056,1.739557364328043,1.7496709823608398,32173,0.0,0.0
1988-01-27,1.7698981578138755,1.8305804074643839,1.7698981578138755,1.780011773109436,249796,0.0,0.0
1988-01-28,1.800240159034729,1.800240159034729,1.7800127775601298,1.800240159034729,21329,0.0,0.0
1988-01-29,1.8103535175323486,1.830581175012626,1.7597852803823968,1.8103535175323486,55671,0.0,0.0
1988-02-01,1.830581175012626,1.830581175012626,1.7800125194546397,1.8103535175323486,87122,0.0,0.0
1988-02-02,1.810352758465404,1.810352758465404,1.7698981578138755,1.780011773109436,32535,0.0,0.0
1988-02-03,1.7698978351006711,1.7800114485521723,1.75978422164917,1.75978422164917,97967,0.0,0.0
1988-02-04,1.7597845971884185,1.7597845971884185,1.709215961262487,1.7294431924819946,14099,0.0,0.0
1988-02-05,1.709215961262487,1.739556947561039,1.709215961262487,1.7294431924819946,41573,0.0,0.0
1988-02-08,1.7496705821942327,1.7496705821942327,1.7092159798460809,1.719329595565796,22052,0.0,0.0
1988-02-09,1.7092153901157778,1.7193290023459948,1.658646771087717,1.678874135017395,83868,0.0,0.0
1988-02-10,1.6788741624878116,1.6991018056869507,1.6586467982271655,1.6991018056869507,108812,0.0,0.0
1988-02-11,1.7092159798460809,1.7395569664745179,1.699102364126366,1.719329595565796,123994,0.0,0.0
1988-02-12,1.6788743132781723,1.749670164283682,1.6788743132781723,1.7395565509796143,102666,0.0,0.0
1988-02-16,1.7193290304783506,1.7395563947389967,1.6991018056869507,1.6991018056869507,60732,0.0,0.0
1988-02-17,1.7294436068259222,1.7496709823608398,1.7193299887931255,1.7496709823608398,27836,0.0,0.0
1988-02-18,1.7395565509796143,1.7597841959955263,1.7395565509796143,1.7395565509796143,8676,0.0,0.0
1988-02-19,1.739557364328043,1.7597850188016089,1.7294436068259222,1.7496709823608398,23136,0.0,0.0
1988-02-22,1.7698986368344056,1.7698986368344056,1.7294436068259222,1.7496709823608398,37958,0.0,0.0
1988-02-23,1.7294427982062877,1.7597841959955263,1.7193291849022199,1.7395565509796143,62539,0.0,0.0
1988-02-24,1.7597850188016089,1.7597850188016089,1.7294436068259222,1.7496709823608398,57840,0.0,0.0
1988-02-25,1.75978422164917,1.75978422164917,1.749670189789886,1.75978422164917,87122,0.0,0.0
1988-02-26,1.749670189789886,1.7800114485521723,1.749670189789886,1.75978422164917,60009,0.0,0.0
1988-02-29,1.7395565509796143,1.7597841959955263,1.7294427982062877,1.7395565509796143,49887,0.0,0.0
1988-03-01,1.7496705821942327,1.759784616321824,1.719329595565796,1.719329595565796,69770,0.0,0.0
1988-03-02,1.7395569664745179,1.7395569664745179,1.719329595565796,1.719329595565796,270041,0.0,0.0
1988-03-03,1.699101777885561,1.7193290023459948,1.678874135017395,1.678874135017395,105920,0.0,0.0
1988-03-04,1.6788750982539662,1.7496709823608398,1.6687613407518453,1.7496709823608398,93990,0.0,0.0
1988-03-07,1.7698978351006711,1.7800114485521723,1.739556576338385,1.75978422164917,327519,0.0,0.0
1988-03-08,1.759784542518315,1.8204663737609645,1.759784542518315,1.780011773109436,126525,0.0,0.0
1988-03-09,1.780011773109436,1.8002391431698435,1.7496705088148954,1.780011773109436,166290,0.0,0.0
1988-03-10,1.780011773109436,1.8002391431698435,1.7496705088148954,1.780011773109436,193764,0.0,0.0
1988-03-11,1.7597849163769514,1.790125768709415,1.749670880524849,1.769898533821106,90737,0.0,0.0
1988-03-14,1.7496714961441833,1.800240159034729,1.7496714961441833,1.800240159034729,82784,0.0,0.0
1988-03-15,1.800239004803851,1.8204662338403117,1.7901252508163452,1.7901252508163452,48803,0.0,0.0
1988-03-16,1.780011773109436,1.7901253884049966,1.7698981578138755,1.780011773109436,78446,0.0,0.0
1988-03-17,1.7496714961441833,1.800240159034729,1.7496714961441833,1.800240159034729,114957,0.0,0.0
1988-03-18,1.7800125194546397,1.8204671370684702,1.7698988999185183,1.8103535175323486,81699,0.0,0.0
1988-03-21,1.7800114485521723,1.7901250620036735,1.75978422164917,1.75978422164917,71939,0.0,0.0
1988-03-22,1.749670164283682,1.7597841959955263,1.7193291849022199,1.7395565509796143,101582,0.0,0.0
1988-03-23,1.7193298887230697,1.769898533821106,1.6991026538347607,1.769898533821106,136286,0.0,0.0
1988-03-24,1.7698981578138755,1.780011773109436,1.7193295234589274,1.780011773109436,61455,0.0,0.0
1988-03-25,1.763607382774353,1.763607382774353,1.743100356355417,1.763607382774353,28558,0.082988,0.0
1988-03-28,1.743098739395738,1.763605746791653,1.7225918733972305,1.7328453063964844,82061,0.0,0.0
1988-03-29,1.7533523699629394,1.7533523699629394,1.7123382091522217,1.7123382091522217,195572,0.0,0.0
1988-03-30,1.7225921154022217,1.7328455498419686,1.7020848223304457,1.7225921154022217,57117,0.0,0.0
1988-03-31,1.7225934713340194,1.7738608252850518,1.7225934713340194,1.763607382774353,155807,0.0,0.0
1988-04-04,1.7430994433378515,1.7636064590154237,1.7328460061977977,1.7533528804779053,75192,0.0,0.0
1988-04-05,1.7533528804779053,1.7738598961554775,1.7430994433378515,1.7533528804779053,100859,0.0,0.0
1988-04-06,1.7533528804779053,1.7636064590154237,1.7430994433378515,1.7533528804779053,6869,0.0,0.0
1988-04-07,1.7430983781814575,1.7636053813278003,1.7328449473069751,1.7430983781814575,84230,0.0,0.0
1988-04-08,1.743100356355417,1.7841146919883664,1.743100356355417,1.763607382774353,91821,0.0,0.0
1988-04-11,1.7430992175078992,1.7841135263442993,1.7430992175078992,1.7841135263442993,86760,0.0,0.0
1988-04-12,1.7841145589164134,1.8046214424082616,1.763607251231981,1.7738606929779053,87483,0.0,0.0
1988-04-13,1.763607251231981,1.7841145589164134,1.7431002263426048,1.7738606929779053,63985,0.0,0.0
1988-04-14,1.7636053813278003,1.7636053813278003,1.7225915164324928,1.7430983781814575,133032,0.0,0.0
1988-04-15,1.7328455016537156,1.7328455016537156,1.7020847749976098,1.7123382091522217,122548,0.0,0.0
1988-04-18,1.7225921154022217,1.7225921154022217,1.7020848223304457,1.7225921154022217,39042,0.0,0.0
1988-04-19,1.7225929493838987,1.7225929493838987,1.6815786261783954,1.6918320655822754,7591,0.0,0.0
1988-04-20,1.6918327257938428,1.6918327257938428,1.6508188107757804,1.6610722541809082,349209,0.0,0.0
1988-04-21,1.6610715073546853,1.691831965137561,1.650818068559556,1.6713250875473022,184365,0.0,0.0
1988-04-22,1.6610707555843154,1.7123382091522217,1.6508173214297033,1.7123382091522217,66878,0.0,0.0
1988-04-25,1.7225915164324928,1.7430983781814575,1.712337661365876,1.7430983781814575,219069,0.0,0.0
1988-04-26,1.7225919516524408,1.7430988185825498,1.6815776522025674,1.7020846605300903,70131,0.0,0.0
1988-04-27,1.7123382567701928,1.7328455498419686,1.6918312464932714,1.7225921154022217,23136,0.0,0.0
1988-04-28,1.7020846911920609,1.7020846911920609,1.6713242488453537,1.6815776824951172,77361,0.0,0.0
1988-04-29,1.7020842304913937,1.7430983781814575,1.6815772273450509,1.7430983781814575,144962,0.0,0.0
1988-05-02,1.743100356355417,1.763607382774353,1.712339604630705,1.763607382774353,105558,0.0,0.0
1988-05-03,1.763605746791653,1.763605746791653,1.7225918733972305,1.7328453063964844,85676,0.0,0.0
1988-05-04,1.7225921154022217,1.7328455498419686,1.7020848223304457,1.7225921154022217,93629,0.0,0.0
1988-05-05,1.7225920674991038,1.7328455016537156,1.6815777652909625,1.7123382091522217,172797,0.0,0.0
1988-05-06,1.7328455498419686,1.7533524187214629,1.6918312464932714,1.7225921154022217,207863,0.0,0.0
1988-05-09,1.7020847749976098,1.7225920674991038,1.6815777652909625,1.7123382091522217,142070,0.0,0.0
1988-05-10,1.7225934713340194,1.763607382774353,1.7225934713340194,1.763607382774353,229191,0.0,0.0
1988-05-11,1.7430989358083275,1.7430989358083275,1.6918311994455744,1.7123382091522217,102666,0.0,0.0
1988-05-12,1.6918311994455744,1.7123382091522217,1.6918311994455744,1.7123382091522217,38319,0.0,0.0
1988-05-13,1.7020845832065006,1.743098739395738,1.7020845832065006,1.7328453063964844,15906,0.0,0.0
1988-05-16,1.7225918733972305,1.743098739395738,1.7225918733972305,1.7328453063964844,50972,0.0,0.0
1988-05-17,1.7328449473069751,1.7533518090559397,1.7328449473069751,1.7430983781814575,70493,0.0,0.0
1988-05-18,1.7225915164324928,1.7430983781814575,1.6815772273450509,1.7430983781814575,234613,0.0,0.0
1988-05-19,1.7533524187214629,1.7533524187214629,1.7020848223304457,1.7225921154022217,174243,0.0,0.0
1988-05-20,1.7328455498419686,1.7430989842817157,1.7225921154022217,1.7225921154022217,32173,0.0,0.0
1988-05-23,1.7328455016537156,1.7328455016537156,1.7123382091522217,1.7123382091522217,23498,0.0,0.0
1988-05-24,1.7123382567701928,1.7328455498419686,1.7020848223304457,1.7225921154022217,120379,0.0,0.0
1988-05-25,1.7328453851174954,1.7430988185825498,1.7020846605300903,1.7020846605300903,236421,0.0,0.0
1988-05-26,1.7123382567701928,1.7225921154022217,1.7020848223304457,1.7225921154022217,55671,0.0,0.0
1988-05-27,1.7123382091522217,1.7123382091522217,1.6918311994455744,1.7123382091522217,95436,0.0,0.0
1988-05-31,1.7123380162057544,1.7533521723949919,1.7123380162057544,1.7328453063964844,217985,0.0,0.0
1988-06-01,1.7328453063964844,1.743098739395738,1.7020845832065006,1.7328453063964844,214008,0.0,0.0
1988-06-02,1.7020847749976098,1.7328455016537156,1.7020847749976098,1.7123382091522217,72300,0.0,0.0
1988-06-03,1.7123382091522217,1.7328455016537156,1.6918311994455744,1.7123382091522217,108812,0.0,0.0
1988-06-06,1.7123381248418243,1.7123381248418243,1.6815776824951172,1.6815776824951172,50972,0.0,0.0
1988-06-07,1.6713250875473022,1.691831965137561,1.6713250875473022,1.6713250875473022,166290,0.0,0.0
1988-06-08,1.6713242488453537,1.691831116144881,1.6610706737981737,1.6815776824951172,50972,0.0,0.0
1988-06-09,1.6918312464932714,1.7328455498419686,1.6815778120535243,1.7225921154022217,241120,0.0,0.0
1988-06-10,1.7225920674991038,1.7328455016537156,1.7020847749976098,1.7123382091522217,179304,0.0,0.0
1988-06-13,1.7225918733972305,1.743098739395738,1.7123380162057544,1.7328453063964844,140624,0.0,0.0
1988-06-14,1.743100356355417,1.763607382774353,1.7225934713340194,1.763607382774353,270764,0.0,0.0
1988-06-15,1.7533529509791077,1.8251277208328247,1.7533529509791077,1.8251277208328247,302937,0.0,0.0
1988-06-16,1.8251276474456046,1.8251276474456046,1.7430994433378515,1.7533528804779053,914233,0.0,0.0
1988-06-17,1.7636059455149748,1.7636059455149748,1.7020847749976098,1.7123382091522217,166290,0.0,0.0
1988-06-20,1.7225919516524408,1.7225919516524408,1.691831085667622,1.7020846605300903,57478,0.0,0.0
1988-06-21,1.7020846911920609,1.7020846911920609,1.6713242488453537,1.6815776824951172,114234,0.0,0.0
1988-06-22,1.6815776522025674,1.7020846605300903,1.6713242187375128,1.7020846605300903,253411,0.0,0.0
1988-06-23,1.6918311994455744,1.7123382091522217,1.6918311994455744,1.7123382091522217,60009,0.0,0.0
1988-06-24,1.726903175503408,1.726903175503408,1.6852911233862766,1.6956942081451416,100136,0.082988,0.0
1988-06-27,1.7164989877383463,1.7269020658122907,1.7060960531234741,1.7060960531234741,90375,0.0,0.0
1988-06-28,1.7060967994280596,1.737305760383606,1.7060967994280596,1.737305760383606,65793,0.0,0.0
1988-06-29,1.726902961730957,1.726902961730957,1.7060969382479585,1.726902961730957,64347,0.0,0.0
1988-06-30,1.7164990440285093,1.7581113576889038,1.7164990440285093,1.7581113576889038,151469,0.0,0.0
1988-07-01,1.7581116962195666,1.768514633178711,1.7373053919239645,1.768514633178711,112427,0.0,0.0
1988-07-05,1.7373050573996296,1.7581113576889038,1.7373050573996296,1.7581113576889038,138816,0.0,0.0
1988-07-06,1.7477092742919922,1.7581122143167738,1.726902963864989,1.7477092742919922,174605,0.0,0.0
1988-07-07,1.7581120690919518,1.7581120690919518,1.737305760383606,1.737305760383606,127971,0.0,0.0
1988-07-08,1.726902963864989,1.7477092742919922,1.726902963864989,1.7477092742919922,309083,0.0,0.0
1988-07-11,1.75811222051481,1.7893211841583252,1.747709280453354,1.7893211841583252,298238,0.0,0.0
1988-07-12,1.7893215968074034,1.799724539267961,1.7165002822875977,1.7165002822875977,77000,0.0,0.0
1988-07-13,1.7269025521496513,1.778917670249939,1.7269025521496513,1.778917670249939,112427,0.0,0.0
1988-07-14,1.7789175701378552,1.789320650556104,1.768514633178711,1.768514633178711,109896,0.0,0.0
1988-07-15,1.7685142926449255,1.789320306016046,1.747708422732882,1.7581113576889038,63985,0.0,0.0
1988-07-18,1.778918100637722,1.7997241242197812,1.7685151605762661,1.7893211841583252,147131,0.0,0.0
1988-07-19,1.7893215968074034,1.7893215968074034,1.70609733982704,1.7165002822875977,86399,0.0,0.0
1988-07-20,1.7269028212181354,1.7477091299264813,1.7164997385935301,1.737305760383606,201356,0.0,0.0
1988-07-21,1.737305901742883,1.7477092721322485,1.7164998782598844,1.726902961730957,61093,0.0,0.0
1988-07-22,1.7373063106678934,1.7477096835059922,1.7165002822875977,1.7165002822875977,78807,0.0,0.0
1988-07-25,1.7164998803810607,1.7477092742919922,1.7164998803810607,1.7477092742919922,75915,0.0,0.0
1988-07-26,1.7477092721322485,1.7477092721322485,1.7164998782598844,1.726902961730957,32535,0.0,0.0
1988-07-27,1.7269020658122907,1.7373050004271628,1.7060960531234741,1.7060960531234741,171713,0.0,0.0
1988-07-28,1.70609733982704,1.7269033682073358,1.6956943973664822,1.7165002822875977,28197,0.0,0.0
1988-07-29,1.726902961730957,1.726902961730957,1.7164998782598844,1.726902961730957,26028,0.0,0.0
1988-08-01,1.7373050004271628,1.7477083654192513,1.7060960531234741,1.7060960531234741,114595,0.0,0.0
1988-08-02,1.7164989877383463,1.7269020658122907,1.7060960531234741,1.7060960531234741,96521,0.0,0.0
1988-08-03,1.6852911233862766,1.7165000907445431,1.6852911233862766,1.6956942081451416,152553,0.0,0.0
1988-08-04,1.6956943973664822,1.7373063106678934,1.6956943973664822,1.7165002822875977,312336,0.0,0.0
1988-08-05,1.70609733982704,1.7165002822875977,1.6852913114467443,1.7165002822875977,199910,0.0,0.0
1988-08-08,1.7164997385935301,1.737305760383606,1.7164997385935301,1.737305760383606,190511,0.0,0.0
1988-08-09,1.737305901742883,1.737305901742883,1.7164998782598844,1.726902961730957,84953,0.0,0.0
1988-08-10,1.7165002822875977,1.7269033682073358,1.70609733982704,1.7165002822875977,30004,0.0,0.0
1988-08-11,1.6956942081451416,1.7060971494448423,1.6852911233862766,1.6956942081451416,48441,0.0,0.0
1988-08-12,1.6956936252236443,1.6956936252236443,1.6644843816757202,1.6644843816757202,67239,0.0,0.0
1988-08-15,1.6644857073928188,1.6852918863296509,1.6540826179244028,1.6852918863296509,41573,0.0,0.0
1988-08-16,1.6748871058197852,1.7060960531234741,1.6644838842867689,1.7060960531234741,246181,0.0,0.0
1988-08-17,1.6956931185086017,1.7164989877383463,1.6956931185086017,1.7060960531234741,81338,0.0,0.0
1988-08-18,1.7165002822875977,1.7165002822875977,1.6956943973664822,1.7165002822875977,80976,0.0,0.0
1988-08-19,1.6956943973664822,1.7269033682073358,1.6956943973664822,1.7165002822875977,130501,0.0,0.0
1988-08-22,1.7269033682073358,1.7373063106678934,1.70609733982704,1.7165002822875977,37958,0.0,0.0
1988-08-23,1.7060960531234741,1.7373050004271628,1.7060960531234741,1.7060960531234741,79169,0.0,0.0
1988-08-24,1.726902961730957,1.737305901742883,1.7060969382479585,1.726902961730957,84230,0.0,0.0
1988-08-25,1.747708422732882,1.7581113576889038,1.7269021224436079,1.7581113576889038,477541,0.0,0.0
1988-08-26,1.7581113576889038,1.7581113576889038,1.7373050573996296,1.7581113576889038,61093,0.0,0.0
1988-08-29,1.7477083654192513,1.7581113000341237,1.7060960531234741,1.7060960531234741,93267,0.0,0.0
1988-08-30,1.7269033682073358,1.7269033682073358,1.70609733982704,1.7165002822875977,26390,0.0,0.0
1988-08-31,1.7164990440285093,1.7685142926449255,1.7060961090724875,1.7581113576889038,101582,0.0,0.0
1988-09-01,1.7581122143167738,1.7581122143167738,1.7373059038897705,1.7477092742919922,34704,0.0,0.0
1988-09-02,1.747708422732882,1.7581113576889038,1.747708422732882,1.7581113576889038,16267,0.0,0.0
1988-09-06,1.7477092742919922,1.7581122143167738,1.7477092742919922,1.7477092742919922,35789,0.0,0.0
1988-09-07,1.7373059038897705,1.7477092742919922,1.7373059038897705,1.7477092742919922,39042,0.0,0.0
1988-09-08,1.7477092742919922,1.7581122143167738,1.7373059038897705,1.7477092742919922,91098,0.0,0.0
1988-09-09,1.7581113576889038,1.7581113576889038,1.747708422732882,1.7581113576889038,112788,0.0,0.0
1988-09-12,1.7581113576889038,1.7581113576889038,1.747708422732882,1.7581113576889038,111704,0.0,0.0
1988-09-13,1.7581113576889038,1.7685142926449255,1.747708422732882,1.7581113576889038,101582,0.0,0.0
1988-09-14,1.7581116962195666,1.768514633178711,1.7477087592604224,1.768514633178711,129417,0.0,0.0
1988-09-15,1.768514633178711,1.768514633178711,1.7581116962195666,1.768514633178711,40127,0.0,0.0
1988-09-16,1.768514633178711,1.768514633178711,1.7581116962195666,1.768514633178711,95075,0.0,0.0
1988-09-19,1.7685142926449255,1.7685142926449255,1.747708422732882,1.7581113576889038,37958,0.0,0.0
1988-09-20,1.7477092742919922,1.7581122143167738,1.726902963864989,1.7477092742919922,44465,0.0,0.0
1988-09-21,1.7373050573996296,1.7685142926449255,1.7373050573996296,1.7581113576889038,65070,0.0,0.0
1988-09-22,1.778917670249939,1.7893207512536415,1.768514732705349,1.778917670249939,324266,0.0,0.0
1988-09-23,1.7893207512536415,1.7893207512536415,1.758111795160759,1.778917670249939,174966,0.0,0.0
1988-09-26,1.7725872532144458,1.7831382751464842,1.7514847728466687,1.7831382751464844,138093,0.082988,0.0
1988-09-27,1.7831382751464842,1.7936892970785228,1.7725872532144458,1.7831382751464844,401988,0.0,0.0
1988-09-28,1.783137961796971,1.783137961796971,1.7620354851375164,1.7725869417190552,489832,0.0,0.0
1988-09-29,1.783138347793436,1.7936893701553345,1.7620358665659215,1.7936893701553345,108812,0.0,0.0
1988-09-30,1.7936892970785228,1.7936892970785228,1.7831382751464842,1.7831382751464844,148215,0.0,0.0
1988-10-03,1.7936889818748865,1.7936889818748865,1.7725869417190552,1.7725869417190552,67239,0.0,0.0
1988-10-04,1.7725869417190552,1.783137961796971,1.7725869417190552,1.7725869417190552,70131,0.0,0.0
1988-10-05,1.7725869417190552,1.783137961796971,1.7620354851375164,1.7725869417190552,43742,0.0,0.0
1988-10-06,1.783137961796971,1.783137961796971,1.7620354851375164,1.7725869417190552,215454,0.0,0.0
1988-10-07,1.7831387730358457,1.8042408227920532,1.772587748157742,1.8042408227920532,256665,0.0,0.0
1988-10-10,1.793690599532284,1.846446329504964,1.793690599532284,1.835895299911499,133032,0.0,0.0
1988-10-11,1.8147928042205528,1.8569973590984288,1.8147928042205528,1.835895299911499,176774,0.0,0.0
1988-10-12,1.8358947139581565,1.846445740184103,1.814792225002386,1.8253432512283325,153999,0.0,0.0
1988-10-13,1.814791993171431,1.8253430180495347,1.8042408227920532,1.8042408227920532,148577,0.0,0.0
1988-10-14,1.814791993171431,1.814791993171431,1.7936897979139494,1.8042408227920532,77723,0.0,0.0
1988-10-17,1.8042400019528022,1.8147911675319255,1.7725869417190552,1.7725869417190552,412110,0.0,0.0
1988-10-18,1.783138347793436,1.7936893701553345,1.7725873254315376,1.7936893701553345,292454,0.0,0.0
1988-10-19,1.7936893701553345,1.7936893701553345,1.7725873254315376,1.7936893701553345,81338,0.0,0.0
1988-10-20,1.793690599532284,1.846446329504964,1.793690599532284,1.835895299911499,247989,0.0,0.0
1988-10-21,1.8253438338140175,1.846446329504964,1.8147928042205528,1.835895299911499,139901,0.0,0.0
1988-10-24,1.8358942825890598,1.8464453063358954,1.8147917985916138,1.8147917985916138,533936,0.0,0.0
1988-10-25,1.814791993171431,1.8253430180495347,1.8042408227920532,1.8042408227920532,134478,0.0,0.0
1988-10-26,1.7936893701553345,1.8147915603803706,1.783138347793436,1.7936893701553345,37235,0.0,0.0
1988-10-27,1.7936897979139494,1.814791993171431,1.7831387730358457,1.8042408227920532,67962,0.0,0.0
1988-10-28,1.8147915603803706,1.8147915603803706,1.7936893701553345,1.7936893701553345,43742,0.0,0.0
1988-10-31,1.7936892970785228,1.8042403190105614,1.7831382751464842,1.7831382751464844,22413,0.0,0.0
1988-11-01,1.7831387730358457,1.8042408227920532,1.7831387730358457,1.8042408227920532,39404,0.0,0.0
1988-11-02,1.80424062934352,1.8147917985916138,1.7936896055966844,1.8147917985916138,72662,0.0,0.0
1988-11-03,1.814791993171431,1.814791993171431,1.7831387730358457,1.8042408227920532,85676,0.0,0.0
1988-11-04,1.7936892970785228,1.8042403190105614,1.7831382751464842,1.7831382751464844,45911,0.0,0.0
1988-11-07,1.7936892970785228,1.7936892970785228,1.7831382751464842,1.7831382751464844,74469,0.0,0.0
1988-11-08,1.7620354851375164,1.783137961796971,1.7514844650596006,1.7725869417190552,280163,0.0,0.0
1988-11-09,1.7725869417190552,1.7936889818748865,1.7620354851375164,1.7725869417190552,266426,0.0,0.0
1988-11-10,1.7725873524599296,1.7831383749827099,1.7514848709106445,1.7514848709106445,164121,0.0,0.0
1988-11-11,1.7620370558621958,1.7725885218495798,1.6987305879592898,1.6987305879592896,204248,0.0,0.0
1988-11-14,1.7092800937455228,1.7725869417190552,1.688177762587276,1.7725869417190552,444284,0.0,0.0
1988-11-15,1.762035893433425,1.7936893975054904,1.740933702886623,1.7514848709106445,55671,0.0,0.0
1988-11-16,1.7725873524599296,1.7725873524599296,1.740933702886623,1.7514848709106445,44465,0.0,0.0
1988-11-17,1.7514859713694886,1.7514859713694886,1.70928156375885,1.70928156375885,46272,0.0,0.0
1988-11-18,1.7303838073717097,1.7303838073717097,1.7092816030809337,1.7198327779769897,92906,0.0,0.0
1988-11-21,1.7409348513941145,1.7409348513941145,1.6987305879592898,1.6987305879592896,32897,0.0,0.0
1988-11-22,1.7092816030809337,1.7198327779769897,1.6987305736862135,1.7198327779769897,112788,0.0,0.0
1988-11-23,1.70928156375885,1.7303837675641693,1.70928156375885,1.70928156375885,40488,0.0,0.0
1988-11-25,1.70928156375885,1.719832738412176,1.6987305346068569,1.70928156375885,75192,0.0,0.0
1988-11-28,1.6987305736862135,1.7198327779769897,1.6987305736862135,1.7198327779769897,109535,0.0,0.0
1988-11-29,1.6987297352564898,1.7092807594436172,1.6881784200668335,1.6881784200668335,118572,0.0,0.0
1988-11-30,1.6987305879592898,1.7092816174426615,1.688179267473243,1.6987305879592896,132671,0.0,0.0
1988-12-01,1.6987297352564898,1.6987297352564898,1.6881784200668335,1.6881784200668335,56394,0.0,0.0
1988-12-02,1.6987297352564898,1.6987297352564898,1.6881784200668335,1.6881784200668335,44465,0.0,0.0
1988-12-05,1.6670762261913141,1.6987297352564898,1.6565252020041867,1.6881784200668335,138093,0.0,0.0
1988-12-06,1.6987297352564898,1.6987297352564898,1.6881784200668335,1.6881784200668335,73023,0.0,0.0
1988-12-07,1.6987305879592898,1.6987305879592898,1.688179267473243,1.6987305879592896,149661,0.0,0.0
1988-12-08,1.688179267473243,1.7198327924273709,1.688179267473243,1.6987305879592896,134478,0.0,0.0
1988-12-09,1.6881784200668335,1.6987297352564898,1.6881784200668335,1.6881784200668335,72662,0.0,0.0
1988-12-12,1.6987305879592898,1.7092816174426615,1.688179267473243,1.6987305879592896,31812,0.0,0.0
1988-12-13,1.6987305879592898,1.7092816174426615,1.6987305879592898,1.6987305879592896,63624,0.0,0.0
1988-12-14,1.6987305346068569,1.7303837675641693,1.6987305346068569,1.70928156375885,111704,0.0,0.0
1988-12-15,1.719832738412176,1.7303837675641693,1.6881792144521979,1.70928156375885,104835,0.0,0.0
1988-12-16,1.70928156375885,1.70928156375885,1.6881792144521979,1.70928156375885,67962,0.0,0.0
1988-12-19,1.7092816174426615,1.7092816174426615,1.688179267473243,1.6987305879592896,97967,0.0,0.0
1988-12-20,1.6987297352564898,1.7092807594436172,1.6881784200668335,1.6881784200668335,143516,0.0,0.0
1988-12-21,1.6881784200668335,1.6987297352564898,1.6881784200668335,1.6881784200668335,144962,0.0,0.0
1988-12-22,1.6881784200668335,1.6987297352564898,1.6881784200668335,1.6881784200668335,71939,0.0,0.0
1988-12-23,1.703175130657488,1.703175130657488,1.6817517280578613,1.6817517280578613,44826,0.082988,0.0
1988-12-27,1.7031750087824342,1.724598853000149,1.692463308249124,1.7138868570327759,217262,0.0,0.0
1988-12-28,1.7138872112044115,1.7353109121322632,1.7138872112044115,1.7353109121322632,224130,0.0,0.0
1988-12-29,1.724598853000149,1.7460224017838009,1.7138868570327759,1.7138868570327759,127971,0.0,0.0
1988-12-30,1.7138870364828112,1.724599033571768,1.6710399344292641,1.7031751871109009,309083,0.0,0.0
1989-01-03,1.7031750087824342,1.724598853000149,1.681751607715814,1.7138868570327759,259918,0.0,0.0
1989-01-04,1.7138868570327759,1.724598853000149,1.7138868570327759,1.7138868570327759,286670,0.0,0.0
1989-01-05,1.7138868570327759,1.7353105535334592,1.7031750087824342,1.7138868570327759,270764,0.0,0.0
1989-01-06,1.7138868570327759,1.7353105535334592,1.7138868570327759,1.7138868570327759,51333,0.0,0.0
1989-01-09,1.7138867999547527,1.746022343635559,1.7138867999547527,1.746022343635559,113873,0.0,0.0
1989-01-10,1.7353113050102724,1.7353113050102724,1.7245995998382568,1.7245995998382568,62901,0.0,0.0
1989-01-11,1.7245995998382568,1.7353113050102724,1.7138875992320504,1.7245995998382568,639132,0.0,0.0
1989-01-12,1.7353107352266313,1.7460225845985415,1.7031751871109009,1.7031751871109009,199910,0.0,0.0
1989-01-13,1.7138875992320504,1.7353113050102724,1.7138875992320504,1.7245995998382568,121464,0.0,0.0
1989-01-16,1.7245995998382568,1.7353113050102724,1.7138875992320504,1.7245995998382568,73385,0.0,0.0
1989-01-17,1.7138875992320504,1.7353113050102724,1.7138875992320504,1.7245995998382568,238228,0.0,0.0
1989-01-18,1.7353113050102724,1.7353113050102724,1.7138875992320504,1.7245995998382568,153638,0.0,0.0
1989-01-19,1.724598853000149,1.7353105535334592,1.7138868570327759,1.7138868570327759,122187,0.0,0.0
1989-01-20,1.7031753607404858,1.7353109121322632,1.7031753607404858,1.7353109121322632,113873,0.0,0.0
1989-01-23,1.7245995998382568,1.7353113050102724,1.7138875992320504,1.7245995998382568,39404,0.0,0.0
1989-01-24,1.7138872112044115,1.7353109121322632,1.7138872112044115,1.7353109121322632,190872,0.0,0.0
1989-01-25,1.7460226690125666,1.767446073358039,1.7353108191227764,1.7567343711853027,129055,0.0,0.0
1989-01-26,1.7674451251263616,1.7888686656951904,1.7567334287004346,1.7888686656951904,271125,0.0,0.0
1989-01-27,1.7995824813842773,1.8210058941896732,1.7995824813842773,1.7995824813842773,210755,0.0,0.0
1989-01-30,1.7781586254275443,1.8210058941896732,1.7781586254275443,1.7995824813842773,681428,0.0,0.0
1989-01-31,1.8102930501274321,1.8531399965286255,1.7995813504563887,1.8531399965286255,242205,0.0,0.0
1989-02-01,1.8531406355156004,1.91741144657135,1.8531406355156004,1.91741144657135,295707,0.0,0.0
1989-02-02,1.91741144657135,1.9388352964517175,1.8959878921251236,1.91741144657135,435246,0.0,0.0
1989-02-03,1.8959882109072248,1.9281234741210938,1.8959882109072248,1.9281234741210938,164483,0.0,0.0
1989-02-06,1.9066990613937378,1.9174107609279387,1.9066990613937378,1.9066990613937378,360777,0.0,0.0
1989-02-07,1.8959872141425191,1.9281224604621396,1.8959872141425191,1.9066990613937378,187619,0.0,0.0
1989-02-08,1.8959872141425191,1.9174107609279387,1.8852755146083182,1.9066990613937378,311252,0.0,0.0
1989-02-09,1.9066990295591366,1.9174107289144928,1.8852754831314085,1.8852754831314087,62178,0.0,0.0
1989-02-10,1.8852755146083182,1.9174107609279387,1.8852755146083182,1.9066990613937378,164844,0.0,0.0
1989-02-13,1.8852758094716064,1.8959875106811523,1.8852758094716064,1.8959875106811523,122548,0.0,0.0
1989-02-14,1.88527551273308,1.88527551273308,1.8745638132095337,1.8745638132095337,163398,0.0,0.0
1989-02-15,1.8745637837760523,1.895987182486765,1.8745637837760523,1.8852754831314087,173520,0.0,0.0
1989-02-16,1.895987182486765,1.9174107289144928,1.8852754831314085,1.8852754831314087,302937,0.0,0.0
1989-02-17,1.8852755146083182,1.9066990613937378,1.8852755146083182,1.9066990613937378,167013,0.0,0.0
1989-02-21,1.8852755146083182,1.9174107609279387,1.8852755146083182,1.9066990613937378,240397,0.0,0.0
1989-02-22,1.917411060817285,1.917411060817285,1.8852758094716064,1.8959875106811523,271848,0.0,0.0
1989-02-23,1.8959872141425191,1.9174107609279387,1.8852755146083182,1.9066990613937378,140262,0.0,0.0
1989-02-24,1.917411060817285,1.917411060817285,1.8852758094716064,1.8959875106811523,252327,0.0,0.0
1989-02-27,1.8852758094716064,1.906699359607739,1.8852758094716064,1.8959875106811523,127971,0.0,0.0
1989-02-28,1.8959875106811523,1.906699359607739,1.8959875106811523,1.8959875106811523,79530,0.0,0.0
1989-03-01,1.88527551273308,1.917410759020736,1.8745638132095337,1.8745638132095337,206417,0.0,0.0
1989-03-02,1.8745637837760523,1.895987182486765,1.8745637837760523,1.8852754831314087,53864,0.0,0.0
1989-03-03,1.895987182486765,1.895987182486765,1.8745637837760523,1.8852754831314087,87845,0.0,0.0
1989-03-06,1.906699359607739,1.906699359607739,1.8745641082620603,1.8959875106811523,149300,0.0,0.0
1989-03-07,1.8852758094716064,1.906699359607739,1.8745641082620603,1.8959875106811523,116041,0.0,0.0
1989-03-08,1.895987182486765,1.9066990295591366,1.8745637837760523,1.8852754831314087,54587,0.0,0.0
1989-03-09,1.88527551273308,1.8959872122566261,1.8531399710113887,1.8745638132095337,110619,0.0,0.0
1989-03-10,1.8852758094716064,1.8959875106811523,1.8745641082620603,1.8959875106811523,103751,0.0,0.0
1989-03-13,1.8852755146083182,1.9174107609279387,1.8852755146083182,1.9066990613937378,121464,0.0,0.0
1989-03-14,1.8959875106811523,1.917411060817285,1.8959875106811523,1.8959875106811523,144239,0.0,0.0
1989-03-15,1.906699743206772,1.91741144657135,1.906699743206772,1.91741144657135,93267,0.0,0.0
1989-03-16,1.9067000637899112,1.9388356224379708,1.9067000637899112,1.9281234741210938,178220,0.0,0.0
1989-03-17,1.9388352964517175,1.9388352964517175,1.8959878921251236,1.91741144657135,170267,0.0,0.0
1989-03-20,1.9174104430733603,1.949545979499817,1.9174104430733603,1.949545979499817,133755,0.0,0.0
1989-03-21,1.9495470091098663,2.0031058216222144,1.9388353056942251,1.992393970489502,323181,0.0,0.0
1989-03-22,1.9923936446033383,2.0138174910816393,1.9816819429397583,1.9816819429397583,126886,0.0,0.0
1989-03-23,1.9709702412761783,1.9816819429397583,1.9709702412761783,1.9816819429397583,82422,0.0,0.0
1989-03-27,1.9751697750571788,2.029432507460151,1.9751697750571788,2.0077273845672607,334026,0.082988,0.0
1989-03-28,2.007727439179508,2.040285348892212,2.007727439179508,2.040285348892212,100859,0.0,0.0
1989-03-29,2.0402855251047085,2.051138162612915,2.029432737937978,2.051138162612915,118572,0.0,0.0
1989-03-30,2.051138680583418,2.051138680583418,2.0077281195881973,2.029433250427246,95436,0.0,0.0
1989-03-31,2.018579926091898,2.061990472375504,2.018579926091898,2.040285348892212,203525,0.0,0.0
1989-04-03,2.0402855251047085,2.061990650462598,2.029432737937978,2.051138162612915,49887,0.0,0.0
1989-04-04,2.0511389610963504,2.0619914531707764,2.0402863193633425,2.0619914531707764,40488,0.0,0.0
1989-04-05,2.0619909321363377,2.105401039123535,2.051138442804174,2.105401039123535,75915,0.0,0.0
1989-04-06,2.094549079052636,2.094549079052636,2.0402863193633425,2.0619914531707764,152915,0.0,0.0
1989-04-07,2.051138442804174,2.116253977431331,2.051138442804174,2.105401039123535,118933,0.0,0.0
1989-04-10,2.105401347196757,2.1162542870926115,2.0836963653564453,2.0836963653564453,242205,0.0,0.0
1989-04-11,2.0836957758204875,2.09454826367017,2.051138162612915,2.051138162612915,124356,0.0,0.0
1989-04-12,2.040286102358689,2.0836963653564453,2.029433312121401,2.0836963653564453,177858,0.0,0.0
1989-04-13,2.0836971499753583,2.0945496449820356,2.0728445053100586,2.0728445053100586,44826,0.0,0.0
1989-04-14,2.0728437247777234,2.0945488562766013,2.0728437247777234,2.0836963653564453,90014,0.0,0.0
1989-04-17,2.0619920103033813,2.0945496449820356,2.0619920103033813,2.0728445053100586,175328,0.0,0.0
1989-04-18,2.0836965869782103,2.0836965869782103,2.0402863193633425,2.0619914531707764,329688,0.0,0.0
1989-04-19,2.061990472375504,2.0728429592878945,2.007727439179508,2.040285348892212,141347,0.0,0.0
1989-04-20,2.040286587944155,2.040286587944155,1.9968761649562106,2.0185811519622803,74831,0.0,0.0
1989-04-21,2.0402860403346126,2.0402860403346126,2.0185806101784407,2.029433250427246,267149,0.0,0.0
1989-04-24,2.0402855251047085,2.061990650462598,2.0077276125800885,2.051138162612915,669137,0.0,0.0
1989-04-25,2.061990472375504,2.061990472375504,2.040285348892212,2.040285348892212,142431,0.0,0.0
1989-04-26,2.0511389610963504,2.0836965869782103,2.0402863193633425,2.0619914531707764,163398,0.0,0.0
1989-04-27,2.0728437247777234,2.105401347196757,2.0728437247777234,2.0836963653564453,229552,0.0,0.0
1989-04-28,2.094549354776533,2.094549354776533,2.0185811519622803,2.0185811519622803,381021,0.0,0.0
1989-05-01,2.0185811519622803,2.040286587944155,2.0185811519622803,2.0185811519622803,108089,0.0,0.0
1989-05-02,2.0185801004297717,2.051138162612915,2.0077276125800885,2.051138162612915,126163,0.0,0.0
1989-05-03,2.0511389610963504,2.0619914531707764,2.018580886238744,2.0619914531707764,249435,0.0,0.0
1989-05-04,2.051137985463113,2.051137985463113,2.040285348892212,2.040285348892212,199910,0.0,0.0
1989-05-05,2.0511389610963504,2.0619914531707764,2.0402863193633425,2.0619914531707764,117849,0.0,0.0
1989-05-08,2.0511387429374115,2.0945488562766013,2.0511387429374115,2.0836963653564453,119656,0.0,0.0
1989-05-09,2.061992255778327,2.0945498943328857,2.061992255778327,2.0945498943328857,56394,0.0,0.0
1989-05-10,2.0728437247777234,2.105401347196757,2.0728437247777234,2.0836963653564453,125802,0.0,0.0
1989-05-11,2.0836963653564453,2.0945488562766013,2.0728437247777234,2.0836963653564453,173520,0.0,0.0
1989-05-12,2.094549134401804,2.1162545680999756,2.094549134401804,2.1162545680999756,125802,0.0,0.0
1989-05-15,2.1162551250220654,2.1379601154564503,2.1162551250220654,2.127107620239258,434162,0.0,0.0
1989-05-16,2.1271064667634945,2.1271064667634945,2.105401039123535,2.105401039123535,42296,0.0,0.0
1989-05-17,2.105401039123535,2.1379589560956576,2.105401039123535,2.105401039123535,352463,0.0,0.0
1989-05-18,2.1162551250220654,2.127107620239258,2.105402180828997,2.127107620239258,170267,0.0,0.0
1989-05-19,2.1271070604611824,2.137959552822389,2.1162545680999756,2.1162545680999756,140624,0.0,0.0
1989-05-22,2.1162542603015315,2.1379592418670654,2.1054013205430717,2.1379592418670654,366923,0.0,0.0
1989-05-23,2.1488117491345036,2.1705167293548584,2.127106619255594,2.1705167293548584,164844,0.0,0.0
1989-05-24,2.1488116643706534,2.1705166437348153,2.1488116643706534,2.1596641540527344,117487,0.0,0.0
1989-05-25,2.1596641540527344,2.1705166437348153,2.1488116643706534,2.1596641540527344,50249,0.0,0.0
1989-05-26,2.1596641996681227,2.1922221183776855,2.1596641996681227,2.1922221183776855,256665,0.0,0.0
1989-05-30,2.1922218621782092,2.2573370933532715,2.1922218621782092,2.2573370933532715,99413,0.0,0.0
1989-05-31,2.235633212035608,2.246485856383905,2.2030755783079528,2.21392822265625,132309,0.0,0.0
1989-06-01,2.2139269891227413,2.2573370933532715,2.1922218621782092,2.2573370933532715,129778,0.0,0.0
1989-06-02,2.257337863183496,2.333306207543527,2.257337863183496,2.311600923538208,193041,0.0,0.0
1989-06-05,2.322453757720962,2.365864182462533,2.3116012637795245,2.3333065509796143,337280,0.0,0.0
1989-06-06,2.333306433916183,2.333306433916183,2.2790435179555786,2.289896011352539,45911,0.0,0.0
1989-06-07,2.279042369408757,2.420125909737548,2.279042369408757,2.3875679969787598,241482,0.0,0.0
1989-06-08,2.376716826062578,2.387569320004015,2.3333065509796143,2.3333065509796143,185811,0.0,0.0
1989-06-09,2.322453737258911,2.333306530421945,2.300748599908663,2.322453737258911,107727,0.0,0.0
1989-06-12,2.3224534538444632,2.344158887863159,2.3224534538444632,2.344158887863159,71939,0.0,0.0
1989-06-13,2.344158887863159,2.344158887863159,2.3333062456831053,2.344158887863159,88206,0.0,0.0
1989-06-14,2.3441588495461865,2.3441588495461865,2.311600923538208,2.311600923538208,141347,0.0,0.0
1989-06-15,2.311601548378918,2.3224540436564904,2.2790439128875732,2.2790439128875732,96521,0.0,0.0
1989-06-16,2.289896121693623,2.289896121693623,2.203075422041388,2.224780559539795,113873,0.0,0.0
1989-06-19,2.2356323143341963,2.2356323143341963,2.181369413698808,2.2030746936798096,92183,0.0,0.0
1989-06-20,2.203075422041388,2.2356330534596944,2.1922229281214887,2.224780559539795,294984,0.0,0.0
1989-06-21,2.2356319664087394,2.2573370933532715,2.22477947776574,2.2573370933532715,46272,0.0,0.0
1989-06-22,2.2573381954379084,2.344159194579659,2.2573381954379084,2.3333065509796143,156168,0.0,0.0
1989-06-23,2.333306433916183,2.333306433916183,2.289896011352539,2.289896011352539,60009,0.0,0.0
1989-06-26,2.2740765237381826,2.3290058871453674,2.2740765237381826,2.3180201053619385,89291,0.08852,0.0
1989-06-27,2.318020161579203,2.350977659225464,2.3070343795293446,2.350977659225464,76277,0.0,0.0
1989-06-28,2.3290058871453674,2.3290058871453674,2.30703432357851,2.3180201053619385,48080,0.0,0.0
1989-06-29,2.3399911716281396,2.3509769503655975,2.285061671954295,2.329005241394043,138455,0.0,0.0
1989-06-30,2.307033127653943,2.307033127653943,2.274075344898339,2.2850611209869385,155084,0.0,0.0
1989-07-03,2.2850616061163174,2.307033617448084,2.2850616061163174,2.2960476875305176,82422,0.0,0.0
1989-07-05,2.274075893216837,2.3509769503655975,2.274075893216837,2.329005241394043,83507,0.0,0.0
1989-07-06,2.3290056374169046,2.3729493658254586,2.3290056374169046,2.339991569519043,126163,0.0,0.0
1989-07-07,2.329005943629062,2.361963744268691,2.318020161579203,2.350977659225464,74108,0.0,0.0
1989-07-10,2.329004912411932,2.42787766456604,2.329004912411932,2.42787766456604,398373,0.0,0.0
1989-07-11,2.4168927783444456,2.4388647953054057,2.350977484944929,2.394921064376831,138816,0.0,0.0
1989-07-12,2.372949669496223,2.3839354515075684,2.361963735988194,2.3839354515075684,95075,0.0,0.0
1989-07-13,2.3619620058289374,2.394919479217999,2.3399901549074658,2.372947931289673,117126,0.0,0.0
1989-07-14,2.3619635691737453,2.405906997108975,2.350977484944929,2.394921064376831,67601,0.0,0.0
1989-07-17,2.3729486299538314,2.482807159423828,2.3729486299538314,2.482807159423828,178943,0.0,0.0
1989-07-18,2.4937939570956673,2.5487234715530276,2.4937939570956673,2.526751756668091,429462,0.0,0.0
1989-07-19,2.482807159423828,2.5487224286024435,2.482807159423828,2.482807159423828,307998,0.0,0.0
1989-07-20,2.482809047900241,2.5377385816607156,2.482809047900241,2.5157668590545654,277994,0.0,0.0
1989-07-21,2.5047807705063914,2.5377385816607156,2.5047807705063914,2.5157668590545654,84591,0.0,0.0
1989-07-24,2.5157668590545654,2.5157668590545654,2.482809047900241,2.5157668590545654,108450,0.0,0.0
1989-07-25,2.515767288332499,2.559710741043091,2.515767288332499,2.559710741043091,197379,0.0,0.0
1989-07-26,2.5487217903137207,2.5597077162577704,2.5377360158662503,2.5487217903137207,138093,0.0,0.0
1989-07-27,2.537737689858899,2.570695034941285,2.526751756668091,2.526751756668091,323181,0.0,0.0
1989-07-28,2.526751440890963,2.526751440890963,2.460836152977142,2.504779577255249,139539,0.0,0.0
1989-07-31,2.482807159423828,2.493792936622519,2.4498496763311377,2.482807159423828,125440,0.0,0.0
1989-08-01,2.482808042918227,2.482808042918227,2.449850548097783,2.4718222618103027,50249,0.0,0.0
1989-08-02,2.4498501543430793,2.482807643866397,2.4498501543430793,2.4608359336853027,79530,0.0,0.0
1989-08-03,2.4498504887887442,2.4718222019693457,2.427878472614808,2.4388647079467773,128694,0.0,0.0
1989-08-04,2.4168923618264677,2.4608359336853027,2.4168923618264677,2.4608359336853027,53141,0.0,0.0
1989-08-07,2.4388647780767543,2.471822273047021,2.4278785424288736,2.449850559234619,87122,0.0,0.0
1989-08-08,2.4718214556615257,2.5047789397333635,2.4608355266398316,2.49379301071167,176051,0.0,0.0
1989-08-09,2.4718214556615257,2.5047789397333635,2.4718214556615257,2.49379301071167,188342,0.0,0.0
1989-08-10,2.49379301071167,2.5047789397333635,2.4498497491147595,2.49379301071167,320651,0.0,0.0
1989-08-11,2.493793645437392,2.504779577255249,2.460836152977142,2.504779577255249,554541,0.0,0.0
1989-08-14,2.482808042918227,2.4937938240261515,2.460836329205707,2.4718222618103027,187257,0.0,0.0
1989-08-15,2.471821379295185,2.471821379295185,2.4059061101947017,2.42787766456604,281247,0.0,0.0
1989-08-16,2.4388647079467773,2.4498504887887442,2.405906910930874,2.4388647079467773,185811,0.0,0.0
1989-08-17,2.43886389624156,2.43886389624156,2.4168918873803706,2.42787766456604,207863,0.0,0.0
1989-08-18,2.4168918873803706,2.43886389624156,2.4168918873803706,2.42787766456604,248712,0.0,0.0
1989-08-21,2.4278782367959386,2.4388644710608194,2.4059066772460938,2.4059066772460938,45911,0.0,0.0
1989-08-22,2.405906997108975,2.4168927783444456,2.3839352831413603,2.394921064376831,47357,0.0,0.0
1989-08-23,2.4059050870898835,2.438862859121536,2.4059050870898835,2.416890859603882,475372,0.0,0.0
1989-08-24,2.4168923618264677,2.4718218645241734,2.4168923618264677,2.4608359336853027,170628,0.0,0.0
1989-08-25,2.449850548097783,2.504779756630747,2.449850548097783,2.4718222618103027,706371,0.0,0.0
1989-08-28,2.4718214556615257,2.5047789397333635,2.4608355266398316,2.49379301071167,118572,0.0,0.0
1989-08-29,2.4937934232086207,2.4937934232086207,2.4608359336853027,2.4608359336853027,134840,0.0,0.0
1989-08-30,2.4608355266398316,2.49379301071167,2.4608355266398316,2.49379301071167,352824,0.0,0.0
1989-08-31,2.482807159423828,2.5047788653178276,2.482807159423828,2.482807159423828,115680,0.0,0.0
1989-09-01,2.493793645437392,2.504779577255249,2.4828078651161958,2.504779577255249,87122,0.0,0.0
1989-09-05,2.4828078651161958,2.504779577255249,2.471822084794999,2.504779577255249,414279,0.0,0.0
1989-09-06,2.482807159423828,2.5047788653178276,2.471821382225137,2.482807159423828,64708,0.0,0.0
1989-09-07,2.49379301071167,2.5047789397333635,2.49379301071167,2.49379301071167,68324,0.0,0.0
1989-09-08,2.49379483345495,2.5157668590545654,2.471823262345532,2.5157668590545654,219431,0.0,0.0
1989-09-11,2.5047788681583163,2.537736654281616,2.5047788681583163,2.537736654281616,65070,0.0,0.0
1989-09-12,2.51576431547473,2.5487217903137207,2.504778238034101,2.5487217903137207,183281,0.0,0.0
1989-09-13,2.5487217903137207,2.5706933392086615,2.5377360158662503,2.5487217903137207,254496,0.0,0.0
1989-09-14,2.5487217903137207,2.5597077162577704,2.5267500899222,2.5487217903137207,647447,0.0,0.0
1989-09-15,2.5706939859150637,2.5706939859150637,2.5267507255738493,2.537736654281616,348125,0.0,0.0
1989-09-18,2.5487217903137207,2.5706933392086615,2.5377360158662503,2.5487217903137207,99774,0.0,0.0
1989-09-19,2.559710741043091,2.5706963769756013,2.5487248021170634,2.559710741043091,27113,0.0,0.0
1989-09-20,2.5377385816607156,2.5597103042668663,2.5157668590545654,2.5157668590545654,63624,0.0,0.0
1989-09-21,2.5047807705063914,2.5267526446092745,2.5047807705063914,2.5157668590545654,443922,0.0,0.0
1989-09-22,2.5047788681583163,2.559708360200532,2.5047788681583163,2.537736654281616,74831,0.0,0.0
1989-09-25,2.5550671619620786,2.5550671619620786,2.532849073410034,2.532849073410034,78084,0.08852,0.0
1989-09-26,2.543958646493238,2.5661765851313487,2.532849447382566,2.555067539215088,61093,0.0,0.0
1989-09-27,2.5550671619620786,2.5550671619620786,2.532849073410034,2.532849073410034,46995,0.0,0.0
1989-09-28,2.5328490193253685,2.5328490193253685,2.4884131495589092,2.5106310844421387,307275,0.0,0.0
1989-09-29,2.5217408914337094,2.543959140777588,2.4995231016731534,2.543959140777588,217985,0.0,0.0
1989-10-02,2.555067539215088,2.555067539215088,2.521740401466305,2.555067539215088,43742,0.0,0.0
1989-10-03,2.555067539215088,2.555067539215088,2.532849447382566,2.555067539215088,61816,0.0,0.0
1989-10-04,2.5772854931566744,2.6439394626611983,2.566176600368862,2.5995032787323,128694,0.0,0.0
1989-10-05,2.5995016307433,2.5995016307433,2.5772838592529297,2.5772838592529297,323543,0.0,0.0
1989-10-06,2.5883931934063225,2.643938088050252,2.577284153199803,2.621720314025879,127248,0.0,0.0
1989-10-09,2.632829047843733,2.643938088050252,2.5995019272241766,2.621720314025879,15906,0.0,0.0
1989-10-10,2.643938088050252,2.643938088050252,2.5995019272241766,2.621720314025879,47357,0.0,0.0
1989-10-11,2.621721661518243,2.621721661518243,2.510631508744455,2.555067539215088,138093,0.0,0.0
1989-10-12,2.566175699234009,2.566175699234009,2.5550666571528207,2.566175699234009,146769,0.0,0.0
1989-10-13,2.555067051869621,2.5772849862699525,2.488413095474243,2.488413095474243,94352,0.0,0.0
1989-10-16,2.3106689633353668,2.4550857543945312,2.3106689633353668,2.4550857543945312,364031,0.0,0.0
1989-10-17,2.466195596404938,2.466195596404938,2.343996560237396,2.3773233890533447,176774,0.0,0.0
1989-10-18,2.3884304931335336,2.4439752101898193,2.355103387150085,2.4439752101898193,170267,0.0,0.0
1989-10-19,2.4217591917148344,2.5106310844421387,2.4217591917148344,2.5106310844421387,78084,0.0,0.0
1989-10-20,2.510631508744455,2.5661765851313487,2.499522616022605,2.555067539215088,51333,0.0,0.0
1989-10-23,2.5772854778531986,2.5772854778531986,2.543958646493238,2.555067539215088,80976,0.0,0.0
1989-10-24,2.555067313581659,2.555067313581659,2.4661955668773206,2.477304458618164,143154,0.0,0.0
1989-10-25,2.4884131495589092,2.5772850422862135,2.477304258714487,2.5106310844421387,54948,0.0,0.0
1989-10-26,2.510631029874575,2.510631029874575,2.4550859640821727,2.488413095474243,32173,0.0,0.0
1989-10-27,2.466195016719994,2.4773039059826734,2.3439960092756174,2.388432025909424,93629,0.0,0.0
1989-10-30,2.3662147521972656,2.399541890993831,2.3662147521972656,2.3662147521972656,228468,0.0,0.0
1989-10-31,2.343996812860638,2.3662147521972656,2.3328879197895325,2.3662147521972656,53502,0.0,0.0
1989-11-01,2.399541890993831,2.399541890993831,2.355105705931744,2.3662147521972656,113150,0.0,0.0
1989-11-02,2.3551056560652586,2.3773235949314486,2.34399676322937,2.34399676322937,50249,0.0,0.0
1989-11-03,2.3662147020955597,2.3995418401864637,2.3328878703934817,2.34399676322937,79892,0.0,0.0
1989-11-06,2.3328871262923836,2.3328871262923836,2.2884509563446045,2.2884509563446045,321735,0.0,0.0
1989-11-07,2.2884505341127563,2.3328866958618164,2.2884505341127563,2.3328866958618164,91821,0.0,0.0
1989-11-08,2.3217792619081816,2.421760082244873,2.3217792619081816,2.421760082244873,102305,0.0,0.0
1989-11-09,2.410651187315486,2.432869130368702,2.3995422923860987,2.421760082244873,26390,0.0,0.0
1989-11-10,2.42175819690919,2.443976122665779,2.399540424346924,2.399540424346924,33981,0.0,0.0
1989-11-13,2.3773221922016905,2.399540424346924,2.3662133059205575,2.399540424346924,32173,0.0,0.0
1989-11-14,2.388432025909424,2.388432025909424,2.3551048985382965,2.388432025909424,40850,0.0,0.0
1989-11-15,2.3662133059205575,2.399540424346924,2.355104266445102,2.399540424346924,84953,0.0,0.0
1989-11-16,2.4106499576291456,2.4106499576291456,2.388432025909424,2.388432025909424,26390,0.0,0.0
1989-11-17,2.388431384871468,2.399540424346924,2.3662133059205575,2.399540424346924,48441,0.0,0.0
1989-11-20,2.388432025909424,2.3995410683664664,2.388432025909424,2.388432025909424,30727,0.0,0.0
1989-11-21,2.377322830258018,2.388432025909424,2.3551048985382965,2.388432025909424,27836,0.0,0.0
1989-11-22,2.388431384871468,2.4328672363846455,2.388431384871468,2.399540424346924,273656,0.0,0.0
1989-11-24,2.399541837310483,2.4106507301330566,2.399541837310483,2.4106507301330566,9399,0.0,0.0
1989-11-27,2.3995422923860987,2.421760082244873,2.3995422923860987,2.421760082244873,67239,0.0,0.0
1989-11-28,2.399540424346924,2.410649310628057,2.399540424346924,2.399540424346924,96882,0.0,0.0
1989-11-29,2.410649310628057,2.410649310628057,2.399540424346924,2.399540424346924,23859,0.0,0.0
1989-11-30,2.410649310628057,2.410649310628057,2.399540424346924,2.399540424346924,62901,0.0,0.0
1989-12-01,2.4106507301330566,2.4328686689726173,2.399541837310483,2.4106507301330566,92906,0.0,0.0
1989-12-04,2.399540424346924,2.443976122665779,2.399540424346924,2.399540424346924,41934,0.0,0.0
1989-12-05,2.4106500710798664,2.432868003845215,2.3995411812943774,2.432868003845215,119295,0.0,0.0
1989-12-06,2.4328681828762226,2.52173992047755,2.4328681828762226,2.488413095474243,275825,0.0,0.0
1989-12-07,2.4661934340397167,2.4661934340397167,2.4439752101898193,2.4439752101898193,231721,0.0,0.0
1989-12-08,2.4439752101898193,2.477302316173268,2.4439752101898193,2.4439752101898193,33981,0.0,0.0
1989-12-11,2.443976864740361,2.4773039932859784,2.443976864740361,2.4550857543945312,154722,0.0,0.0
1989-12-12,2.4884128829401484,2.4884128829401484,2.4550857543945312,2.4550857543945312,182196,0.0,0.0
1989-12-13,2.4439773238124407,2.510631287035092,2.4439773238124407,2.477304458618164,403073,0.0,0.0
1989-12-14,2.466195103631808,2.4773039932859784,2.443976864740361,2.4550857543945312,173159,0.0,0.0
1989-12-15,2.4773040225702823,2.4884129123557712,2.432868003845215,2.432868003845215,504654,0.0,0.0
1989-12-18,2.4328674540556463,2.4328674540556463,2.2995595812002856,2.310668468475342,537551,0.0,0.0
1989-12-19,2.3217780838054387,2.3328871262923836,2.2773420670520235,2.2884509563446045,189788,0.0,0.0
1989-12-20,2.310668468475342,2.310668468475342,2.2773416534558377,2.310668468475342,153276,0.0,0.0
1989-12-21,2.2995599988315494,2.3328871262923836,2.2884509563446045,2.2884509563446045,229914,0.0,0.0
1989-12-22,2.305999130675408,2.305999130675408,2.272252939651968,2.294750452041626,63624,0.08852,0.0
1989-12-26,2.3059987141451255,2.3284962224710806,2.294750037543181,2.3172473907470703,49887,0.0,0.0
1989-12-27,2.339746100897456,2.4409853281715463,2.339746100897456,2.3959901332855225,46272,0.0,0.0
1989-12-28,2.407238483428955,2.429736310450134,2.3959898026015516,2.407238483428955,55671,0.0,0.0
1989-12-29,2.395989997935389,2.418487671668574,2.373492479324341,2.373492479324341,62178,0.0,0.0
1990-01-02,2.395989051707093,2.4072377290092013,2.339745044708252,2.339745044708252,94352,0.0,0.0
1990-01-03,2.362242864678694,2.373491541980802,2.328496367406144,2.339745044708252,234252,0.0,0.0
1990-01-04,2.3622422218322754,2.4072370739181537,2.339744407984253,2.3622422218322754,305468,0.0,0.0
1990-01-05,2.339744407984253,2.3622422218322754,2.328495733743292,2.3622422218322754,54587,0.0,0.0
1990-01-08,2.350994398759973,2.3847405910491943,2.350994398759973,2.3847405910491943,61093,0.0,0.0
1990-01-09,2.40723906857516,2.463483106872346,2.40723906857516,2.4522342681884766,371984,0.0,0.0
1990-01-10,2.4634808646405717,2.474729537963867,2.452232036195255,2.474729537963867,407049,0.0,0.0
1990-01-11,2.4522336721049407,2.485979869709275,2.407238483428955,2.407238483428955,249073,0.0,0.0
1990-01-12,2.384740501600257,2.384740501600257,2.294750452041626,2.294750452041626,100497,0.0,0.0
1990-01-15,2.2947504796847915,2.305999158454078,2.2272577865806897,2.2497551441192627,106643,0.0,0.0
1990-01-16,2.2497547106471396,2.3284962224710806,2.21600852571924,2.3172473907470703,246543,0.0,0.0
1990-01-17,2.3397448990730254,2.3397448990730254,2.3059987141451255,2.3172473907470703,221238,0.0,0.0
1990-01-18,2.294750037543181,2.3284962224710806,2.294750037543181,2.3172473907470703,25667,0.0,0.0
1990-01-19,2.31724757424261,2.3284964068573797,2.283501386642456,2.283501386642456,17714,0.0,0.0
1990-01-22,2.2947505027950093,2.3284966945648193,2.2722529899077704,2.3284966945648193,209309,0.0,0.0
1990-01-23,2.3059997128796486,2.3059997128796486,2.2385070035484484,2.2722535133361816,69408,0.0,0.0
1990-01-24,2.249755848940086,2.2947511986021043,2.238507166646726,2.261004686355591,52418,0.0,0.0
1990-01-25,2.261004686355591,2.2722536788932395,2.238507166646726,2.261004686355591,49526,0.0,0.0
1990-01-26,2.2497551441192627,2.2497551441192627,2.2385064653499764,2.2497551441192627,77000,0.0,0.0
1990-01-29,2.2497554043000303,2.3059994251393805,2.1147703127251987,2.137267827987671,85676,0.0,0.0
1990-01-30,2.148516893386841,2.159765730596573,2.1035216996700528,2.148516893386841,51695,0.0,0.0
1990-01-31,2.1372676023401413,2.3284966945648193,2.1372676023401413,2.3284966945648193,144962,0.0,0.0
1990-02-01,2.317248197961222,2.3397457141241937,2.305999517440796,2.305999517440796,76638,0.0,0.0
1990-02-02,2.317247860560151,2.3509943625741556,2.317247860560151,2.3284966945648193,98690,0.0,0.0
1990-02-05,2.3172476117173604,2.362242942904109,2.3172476117173604,2.350994110107422,35789,0.0,0.0
1990-02-06,2.3397448990730254,2.3509938859191015,2.3059987141451255,2.3172473907470703,35789,0.0,0.0
1990-02-07,2.29475083692037,2.305999517440796,2.261004329992732,2.305999517440796,40127,0.0,0.0
1990-02-08,2.3059987141451255,2.3172473907470703,2.3059987141451255,2.3172473907470703,107727,0.0,0.0
1990-02-09,2.317247860560151,2.33974537344739,2.317247860560151,2.3284966945648193,81699,0.0,0.0
1990-02-12,2.3172473907470703,2.3284962224710806,2.3059987141451255,2.3172473907470703,82061,0.0,0.0
1990-02-13,2.31724780930919,2.328496643065066,2.294750452041626,2.294750452041626,27113,0.0,0.0
1990-02-14,2.3059987141451255,2.3509938859191015,2.294750037543181,2.3172473907470703,194487,0.0,0.0
1990-02-15,2.3059987141451255,2.3284962224710806,2.294750037543181,2.3172473907470703,87122,0.0,0.0
1990-02-16,2.33974537344739,2.33974537344739,2.3059991816775804,2.3284966945648193,50249,0.0,0.0
1990-02-20,2.3172473907470703,2.3172473907470703,2.3059987141451255,2.3172473907470703,252327,0.0,0.0
1990-02-21,2.294750180377745,2.3509940322545106,2.2722526706514534,2.339745044708252,131948,0.0,0.0
1990-02-22,2.305999517440796,2.3397457141241937,2.29475083692037,2.305999517440796,105558,0.0,0.0
1990-02-23,2.3172483943534266,2.328497230949338,2.2722535133361816,2.2722535133361816,46634,0.0,0.0
1990-02-26,2.283501645793409,2.283501645793409,2.2497551441192627,2.2497551441192627,37596,0.0,0.0
1990-02-27,2.249755848940086,2.2722536788932395,2.249755848940086,2.261004686355591,146408,0.0,0.0
1990-02-28,2.261004329992732,2.317248197961222,2.261004329992732,2.305999517440796,48080,0.0,0.0
1990-03-01,2.305999517440796,2.328497033603768,2.283502001277824,2.305999517440796,86399,0.0,0.0
1990-03-02,2.317247860560151,2.3284966945648193,2.3059991816775804,2.3284966945648193,66155,0.0,0.0
1990-03-05,2.328497033603768,2.328497033603768,2.29475083692037,2.305999517440796,18075,0.0,0.0
1990-03-06,2.328496643065066,2.328496643065066,2.294750452041626,2.294750452041626,60732,0.0,0.0
1990-03-07,2.294750037543181,2.3284962224710806,2.283501205819171,2.3172473907470703,63985,0.0,0.0
1990-03-08,2.3059991816775804,2.3284966945648193,2.2947505027950093,2.3284966945648193,119656,0.0,0.0
1990-03-09,2.3172473907470703,2.3284962224710806,2.3172473907470703,2.3172473907470703,35789,0.0,0.0
1990-03-12,2.3284964068573797,2.3284964068573797,2.283501386642456,2.283501386642456,108089,0.0,0.0
1990-03-13,2.2947510314058706,2.2947510314058706,2.2722535133361816,2.2722535133361816,62901,0.0,0.0
1990-03-14,2.272253320757398,2.317248197961222,2.272253320757398,2.305999517440796,154722,0.0,0.0
1990-03-15,2.294750572158586,2.3284967649484445,2.238506555557251,2.238506555557251,202440,0.0,0.0
1990-03-16,2.23850681382976,2.305999517440796,2.23850681382976,2.305999517440796,173159,0.0,0.0
1990-03-19,2.2947510314058706,2.2947510314058706,2.2722535133361816,2.2722535133361816,15906,0.0,0.0
1990-03-20,2.283502001277824,2.317248197961222,2.283502001277824,2.305999517440796,128694,0.0,0.0
1990-03-21,2.305999517440796,2.317248197961222,2.29475083692037,2.305999517440796,28197,0.0,0.0
1990-03-22,2.294750452041626,2.31724780930919,2.294750452041626,2.294750452041626,30727,0.0,0.0
1990-03-23,2.3059997128796486,2.3059997128796486,2.2722535133361816,2.2722535133361816,158699,0.0,0.0
1990-03-26,2.278632395983262,2.278632395983262,2.2444530475175646,2.2672393321990967,143877,0.08852,0.0
1990-03-27,2.2786333560943604,2.2900265817923073,2.2672402875096807,2.2786333560943604,84591,0.0,0.0
1990-03-28,2.25584593412909,2.278632058320826,2.244452714920044,2.244452714920044,26028,0.0,0.0
1990-03-29,2.2444536652934697,2.255846889326771,2.233060598373413,2.233060598373413,43742,0.0,0.0
1990-03-30,2.2102732515915258,2.2102732515915258,2.1760939051861383,2.1874871253967285,84591,0.0,0.0
1990-04-02,2.176093464447387,2.2216663360595703,2.1191275320453182,2.2216663360595703,119656,0.0,0.0
1990-04-03,2.210273265838623,2.233059863519874,2.1988802026677865,2.210273265838623,55671,0.0,0.0
1990-04-04,2.2444536652934697,2.255846889326771,2.19888092627351,2.233060598373413,87122,0.0,0.0
1990-04-05,2.210272803930205,2.244452457639342,2.210272803930205,2.2216663360595703,243651,0.0,0.0
1990-04-06,2.1874879899028645,2.1988810575028603,2.1419154052763747,2.153308629989624,318120,0.0,0.0
1990-04-09,2.164700746536255,2.17609380913075,2.14191446423408,2.164700746536255,272933,0.0,0.0
1990-04-10,2.1647008899056845,2.1647008899056845,2.1419146060943604,2.1419146060943604,108450,0.0,0.0
1990-04-11,2.1419154052763747,2.153308629989624,2.119128798736622,2.153308629989624,291731,0.0,0.0
1990-04-12,2.1533080194445393,2.198880434036255,2.1533080194445393,2.198880434036255,164483,0.0,0.0
1990-04-16,2.2102739931935664,2.2444536652934697,2.1874878593534532,2.233060598373413,236782,0.0,0.0
1990-04-17,2.255846268414931,2.2672393321990967,2.2330599837333986,2.2672393321990967,249073,0.0,0.0
1990-04-18,2.2786317779964165,2.301418370724408,2.255845656607901,2.290024995803833,246904,0.0,0.0
1990-04-19,2.278632420545536,2.3014190196990967,2.2672393566385605,2.3014190196990967,398012,0.0,0.0
1990-04-20,2.2786333560943604,2.2900265817923073,2.2672402875096807,2.2786333560943604,247627,0.0,0.0
1990-04-23,2.2786333560943604,2.2786333560943604,2.255847218925001,2.2786333560943604,173882,0.0,0.0
1990-04-24,2.278632395983262,2.278632395983262,2.2444530475175646,2.2672393321990967,151830,0.0,0.0
1990-04-25,2.278632980124379,2.3469920088064207,2.267239913419533,2.3242058753967285,154361,0.0,0.0
1990-04-26,2.301417602517284,2.3355969303042468,2.290024231399786,2.3128106594085693,189065,0.0,0.0
1990-04-27,2.3242062027660775,2.381172015653787,2.3242062027660775,2.369778633117676,220877,0.0,0.0
1990-04-30,2.381172015653787,2.392565241076634,2.346992339385245,2.369778633117676,355716,0.0,0.0
1990-05-01,2.36977625809121,2.36977625809121,2.2786310173953943,2.3128106594085693,235336,0.0,0.0
1990-05-02,2.301418994891197,2.301418994891197,2.2444530475175646,2.2672393321990967,213285,0.0,0.0
1990-05-03,2.255847218925001,2.301419964603522,2.255847218925001,2.2786333560943604,261726,0.0,0.0
1990-05-04,2.2786310173953943,2.3128106594085693,2.2786310173953943,2.3128106594085693,157614,0.0,0.0
1990-05-07,2.3242062027660775,2.369778633117676,2.3014199090336467,2.369778633117676,280524,0.0,0.0
1990-05-08,2.3469916256827372,2.358384847640991,2.3355985608376986,2.358384847640991,19521,0.0,0.0
1990-05-09,2.3697779124860294,2.3697779124860294,2.358384847640991,2.358384847640991,69047,0.0,0.0
1990-05-10,2.3469916256827372,2.3697779124860294,2.3355985608376986,2.358384847640991,331496,0.0,0.0
1990-05-11,2.369778633117676,2.369778633117676,2.358385564808092,2.369778633117676,161591,0.0,0.0
1990-05-14,2.3697779124860294,2.3697779124860294,2.3469916256827372,2.358384847640991,212924,0.0,0.0
1990-05-15,2.3469920123396735,2.3469920123396735,2.335598945617676,2.335598945617676,164121,0.0,0.0
1990-05-16,2.3469920123396735,2.3583852361749127,2.324205878895678,2.335598945617676,249435,0.0,0.0
1990-05-17,2.3355984745772056,2.358384760538934,2.324205410152947,2.346991539001465,245820,0.0,0.0
1990-05-18,2.3355984745772056,2.358384760538934,2.3355984745772056,2.346991539001465,79530,0.0,0.0
1990-05-21,2.346992339385245,2.381172015653787,2.346992339385245,2.369778633117676,238590,0.0,0.0
1990-05-22,2.369778633117676,2.381172015653787,2.369778633117676,2.369778633117676,24221,0.0,0.0
1990-05-23,2.3811712915574996,2.3811712915574996,2.3355985608376986,2.358384847640991,60732,0.0,0.0
1990-05-24,2.369778633117676,2.381172015653787,2.3355992710756612,2.369778633117676,205694,0.0,0.0
1990-05-25,2.369778322296871,2.381171703338623,2.369778322296871,2.381171703338623,151830,0.0,0.0
1990-05-29,2.381171550363006,2.3925647735595703,2.3583851039698773,2.3925647735595703,87845,0.0,0.0
1990-05-30,2.3697779391032716,2.4039576053619385,2.3697779391032716,2.4039576053619385,78084,0.0,0.0
1990-05-31,2.381171550363006,2.415350905726233,2.381171550363006,2.3925647735595703,96521,0.0,0.0
1990-06-01,2.4039578478790995,2.4267441372370633,2.4039578478790995,2.415350914001465,31450,0.0,0.0
1990-06-04,2.403957948687404,2.4837100433412425,2.403957948687404,2.460923910140991,108812,0.0,0.0
1990-06-05,2.4837110072445645,2.6660015576108664,2.4723179362229026,2.597642660140991,347402,0.0,0.0
1990-06-06,2.597641871734505,2.6090352535247803,2.586248647057483,2.6090352535247803,139901,0.0,0.0
1990-06-07,2.597642660140991,2.609036045389255,2.597642660140991,2.597642660140991,91460,0.0,0.0
1990-06-08,2.597641871734505,2.620428321088549,2.597641871734505,2.6090352535247803,272933,0.0,0.0
1990-06-11,2.597642660140991,2.609036045389255,2.574856360984366,2.597642660140991,405965,0.0,0.0
1990-06-12,2.597641769858595,2.6090351512020376,2.5520691871643066,2.5520691871643066,97967,0.0,0.0
1990-06-13,2.552069271198483,2.5976418553933787,2.552069271198483,2.563462495803833,92906,0.0,0.0
1990-06-14,2.5748555632959307,2.586248630788029,2.552069271198483,2.563462495803833,43019,0.0,0.0
1990-06-15,2.5862491130828857,2.5862491130828857,2.552069747119425,2.5862491130828857,104835,0.0,0.0
1990-06-18,2.5634624113945024,2.574855478511451,2.5520691871643066,2.5520691871643066,244374,0.0,0.0
1990-06-19,2.5520684655832544,2.5634616865920896,2.540675401687622,2.540675401687622,135563,0.0,0.0
1990-06-20,2.540675401687622,2.5520684655832544,2.540675401687622,2.540675401687622,103389,0.0,0.0
1990-06-21,2.540676120047358,2.5520691871643066,2.52928305293041,2.5520691871643066,143154,0.0,0.0
1990-06-22,2.5520699025998077,2.563463130023928,2.5292837619781494,2.5292837619781494,122548,0.0,0.0
1990-06-25,2.5145188517035737,2.526053400950069,2.491450071334839,2.491450071334839,199910,0.094053,0.0
1990-06-26,2.491450071334839,2.5145188517035737,2.491450071334839,2.491450071334839,77361,0.0,0.0
1990-06-27,2.491450370621829,2.5145191537617158,2.491450370621829,2.5029847621917725,47357,0.0,0.0
1990-06-28,2.5145191537617158,2.5145191537617158,2.4799158199897393,2.5029847621917725,28558,0.0,0.0
1990-06-29,2.526052303820674,2.549121074170049,2.5145177595839274,2.5375866889953613,602621,0.0,0.0
1990-07-02,2.5260537043938056,2.5260537043938056,2.5029847621917725,2.5029847621917725,24221,0.0,0.0
1990-07-03,2.5029855217735753,2.5375888660466392,2.479916572570801,2.479916572570801,101582,0.0,0.0
1990-07-05,2.4914494647220793,2.4914494647220793,2.4683802127838135,2.4683802127838135,50610,0.0,0.0
1990-07-06,2.4683802127838135,2.4799149182839906,2.4683802127838135,2.4683802127838135,52056,0.0,0.0
1990-07-09,2.4683802127838135,2.4799149182839906,2.4683802127838135,2.4683802127838135,23859,0.0,0.0
1990-07-10,2.4799151894233074,2.4799151894233074,2.4453115463256836,2.4453115463256836,104474,0.0,0.0
1990-07-11,2.4568460940248915,2.4568460940248915,2.4453115463256836,2.4453115463256836,58924,0.0,0.0
1990-07-12,2.4568460940248915,2.4799151894233074,2.4453115463256836,2.4453115463256836,132671,0.0,0.0
1990-07-13,2.491450071334839,2.491450071334839,2.456846423595354,2.491450071334839,80253,0.0,0.0
1990-07-16,2.5145180225372314,2.5260525679801917,2.5029836361563467,2.5145180225372314,68324,0.0,0.0
1990-07-17,2.5260537043938056,2.5260537043938056,2.491450370621829,2.5029847621917725,92906,0.0,0.0
1990-07-18,2.4914511267032857,2.5029855217735753,2.4683818593761213,2.479916572570801,29281,0.0,0.0
1990-07-19,2.468381345105531,2.4799160558970317,2.4453124007090157,2.4568469524383545,66878,0.0,0.0
1990-07-20,2.4453116581971392,2.4453116581971392,2.4222428798675537,2.4222428798675537,118572,0.0,0.0
1990-07-23,2.433777598275356,2.433777598275356,2.3645706176757812,2.3645706176757812,288116,0.0,0.0
1990-07-24,2.353034996719232,2.353034996719232,2.3184313654490394,2.3299660682678223,129778,0.0,0.0
1990-07-25,2.3299660682678223,2.341500452962501,2.3299660682678223,2.3299660682678223,40488,0.0,0.0
1990-07-26,2.341500452962501,2.341500452962501,2.3299660682678223,2.3299660682678223,33258,0.0,0.0
1990-07-27,2.341499983461544,2.341499983461544,2.3184309005737305,2.3184309005737305,22413,0.0,0.0
1990-07-30,2.318432906909738,2.329967617397625,2.2953639631204372,2.306898355484009,83507,0.0,0.0
1990-07-31,2.3068969878896985,2.3068969878896985,2.237690038487492,2.249224901199341,95075,0.0,0.0
1990-08-01,2.237689971923828,2.2722936046576545,2.237689971923828,2.237689971923828,54948,0.0,0.0
1990-08-02,2.237689971923828,2.2492248342925545,2.237689971923828,2.237689971923828,139178,0.0,0.0
1990-08-03,2.226156234741211,2.237690623281245,2.226156234741211,2.226156234741211,161229,0.0,0.0
1990-08-06,2.226155652961833,2.249224901199341,2.226155652961833,2.249224901199341,102305,0.0,0.0
1990-08-07,2.237690623281245,2.2492254890075936,2.226156234741211,2.226156234741211,204609,0.0,0.0
1990-08-08,2.226156234741211,2.237690623281245,2.226156234741211,2.226156234741211,31812,0.0,0.0
1990-08-09,2.2261553169147836,2.2722933292388916,2.2261553169147836,2.2722933292388916,185450,0.0,0.0
1990-08-10,2.260760272021314,2.2838292121887207,2.2376910137296417,2.2838292121887207,155807,0.0,0.0
1990-08-13,2.2722939558979283,2.2722939558979283,2.1915526108912338,2.2146215438842773,76277,0.0,0.0
1990-08-14,2.21462199034075,2.21462199034075,2.1684841150535026,2.180018663406372,53502,0.0,0.0
1990-08-15,2.1684841150535026,2.191553052697126,2.1684841150535026,2.180018663406372,149661,0.0,0.0
1990-08-16,2.168483711726792,2.1800182579342957,2.110811298813444,2.1223456859588623,259195,0.0,0.0
1990-08-17,2.11081150264294,2.1454146674206322,2.076207701616844,2.087742567062378,424040,0.0,0.0
1990-08-20,2.076207959966853,2.076207959966853,2.018535852432251,2.018535852432251,145685,0.0,0.0
1990-08-21,2.0070013999938965,2.018535789327799,1.9954665334736466,2.0070013999938965,425847,0.0,0.0
1990-08-22,2.018535661272846,2.018535661272846,1.9839320182800293,1.9839320182800293,178220,0.0,0.0
1990-08-23,1.9839320182800293,1.9839320182800293,1.9493286934114247,1.9839320182800293,264618,0.0,0.0
1990-08-24,1.9839322858477229,1.995466676005502,1.93779456615448,1.93779456615448,53141,0.0,0.0
1990-08-27,1.960863206409823,2.0070013999938965,1.960863206409823,2.0070013999938965,172436,0.0,0.0
1990-08-28,2.0070003462221178,2.0531380383953346,2.0070003462221178,2.03006911277771,240759,0.0,0.0
1990-08-29,2.0300698927623135,2.0531388272433837,2.0185355050528253,2.0416042804718018,444284,0.0,0.0
1990-08-30,2.0300701786617017,2.0762078950594276,2.0070013999938965,2.0070013999938965,214370,0.0,0.0
1990-08-31,1.9954664068821957,2.007001272670679,1.9839320182800293,1.9839320182800293,96159,0.0,0.0
1990-09-04,1.983932144139744,2.018535789327799,1.983932144139744,2.0070013999938965,32535,0.0,0.0
1990-09-05,1.9954669151162039,2.064673900604248,1.983932523576294,2.064673900604248,216900,0.0,0.0
1990-09-06,2.087743160870507,2.1223464945523824,2.053139509064338,2.064673900604248,293177,0.0,0.0
1990-09-07,2.064673214952872,2.064673214952872,2.0416042804718018,2.0416042804718018,243651,0.0,0.0
1990-09-10,2.041604958462282,2.064673900604248,2.0300705669223724,2.064673900604248,247627,0.0,0.0
1990-09-11,2.0762078762054443,2.099277131850106,2.0762078762054443,2.0762078762054443,277994,0.0,0.0
1990-09-12,2.0762078762054443,2.087742742620947,2.0646734869762855,2.0762078762054443,248712,0.0,0.0
1990-09-13,2.087742742620947,2.087742742620947,2.0646734869762855,2.0762078762054443,164844,0.0,0.0
1990-09-14,2.076208292144158,2.076208292144158,2.041604958462282,2.064673900604248,208947,0.0,0.0
1990-09-17,2.07620760266236,2.07620760266236,2.0416042804718018,2.0416042804718018,57478,0.0,0.0
1990-09-18,2.0416047138229994,2.0416047138229994,1.926259698810319,1.93779456615448,187980,0.0,0.0
1990-09-19,1.937793157761305,1.9608619213104248,1.937793157761305,1.9608619213104248,317036,0.0,0.0
1990-09-20,1.9608633464700378,1.9608633464700378,1.93779456615448,1.93779456615448,270041,0.0,0.0
1990-09-21,1.9608627591945476,1.9608627591945476,1.8916558027267456,1.8916558027267456,223407,0.0,0.0
1990-09-24,1.9001019927380967,1.9118310772901026,1.7945405552596052,1.8179988861083984,199548,0.094053,0.0
1990-09-25,1.8297278089156233,1.8649147390820788,1.8062699633011736,1.8179988861083984,90014,0.0,0.0
1990-09-26,1.8297265890825447,1.8649134957907672,1.8297265890825447,1.8531845808029175,92544,0.0,0.0
1990-09-27,1.8531842673588428,1.8531842673588428,1.7945390553600409,1.8062684535980225,48080,0.0,0.0
1990-09-28,1.8062702625303426,1.8766441345214844,1.7945408525456645,1.8766441345214844,116403,0.0,0.0
1990-10-01,1.8649141485140888,1.9470173908886867,1.8649141485140888,1.9352883100509644,97244,0.0,0.0
1990-10-02,1.935287254034622,1.970474639092035,1.935287254034622,1.9587452411651611,167375,0.0,0.0
1990-10-03,1.9470173908886867,1.9587463099816795,1.9235593909579718,1.9352883100509644,73746,0.0,0.0
1990-10-04,1.935288504304305,1.9704759120941162,1.9235595840340296,1.9704759120941162,143154,0.0,0.0
1990-10-05,1.9470181465148926,1.9587470701598109,1.9352890611251814,1.9470181465148926,37235,0.0,0.0
1990-10-08,1.9470163490781942,1.9939324855804446,1.9470163490781942,1.9939324855804443,11207,0.0,0.0
1990-10-09,1.9704759120941162,1.993933752634667,1.9704759120941162,1.9704759120941162,222684,0.0,0.0
1990-10-10,1.9939324644779322,1.9939324644779322,1.9470163284722124,1.9587452411651611,133394,0.0,0.0
1990-10-11,1.9587456244169317,1.9587456244169317,1.8414556658150678,1.8531845808029175,150384,0.0,0.0
1990-10-12,1.8531854529862823,1.8531854529862823,1.829727450225633,1.8414565324783325,74108,0.0,0.0
1990-10-15,1.8297278089156233,1.8414568934676292,1.8179988861083984,1.8179988861083984,63624,0.0,0.0
1990-10-16,1.7945405552596052,1.8179988861083984,1.7828116324523806,1.8179988861083984,109173,0.0,0.0
1990-10-17,1.8062693353917096,1.85318517205614,1.782811012697682,1.8297271728515625,137732,0.0,0.0
1990-10-18,1.8766441345214844,1.9001023075116088,1.8297281120308513,1.8766441345214844,359331,0.0,0.0
1990-10-19,1.9001023075116088,1.9001023075116088,1.8531861232761677,1.8766441345214844,116403,0.0,0.0
1990-10-22,1.8883718991060303,1.8883718991060303,1.8531846672667345,1.8649135828018188,142070,0.0,0.0
1990-10-23,1.864915048026422,1.8766441345214844,1.864915048026422,1.8766441345214844,133394,0.0,0.0
1990-10-24,1.8649134957907672,1.8649134957907672,1.8414556658150678,1.8531845808029175,93629,0.0,0.0
1990-10-25,1.8297278089156233,1.8414568934676292,1.8062699633011736,1.8179988861083984,62539,0.0,0.0
1990-10-26,1.829727048254841,1.841456127930791,1.7828108912957534,1.7945398092269897,117487,0.0,0.0
1990-10-29,1.7945405369722387,1.8062699448942778,1.6889794240590361,1.7007085084915161,119295,0.0,0.0
1990-10-30,1.6889788584439847,1.6889788584439847,1.642063021659851,1.642063021659851,97967,0.0,0.0
1990-10-31,1.6655222075722573,1.6655222075722573,1.5834189090328696,1.6186058521270752,251242,0.0,0.0
1990-11-01,1.630333265957009,1.7124363183975222,1.6068752740803873,1.712436318397522,203163,0.0,0.0
1990-11-02,1.7241659781501437,1.829727048254841,1.7241659781501437,1.7945398092269897,254134,0.0,0.0
1990-11-05,1.817998254121636,1.8297271728515625,1.8062693353917096,1.8297271728515625,210032,0.0,0.0
1990-11-06,1.8297265890825447,1.8649134957907672,1.8297265890825447,1.8531845808029175,119295,0.0,0.0
1990-11-07,1.8649134957907672,1.8766425725232903,1.8297265890825447,1.8531845808029175,205694,0.0,0.0
1990-11-08,1.8414571985259136,1.8766441345214844,1.8297281120308513,1.8766441345214844,76638,0.0,0.0
1990-11-09,1.8766441345214844,1.9118313940066711,1.8531861232761677,1.8766441345214844,176412,0.0,0.0
1990-11-12,1.8766426600815842,1.8883718991060303,1.8649135828018188,1.8649135828018188,201356,0.0,0.0
1990-11-13,1.8649131308983633,1.9587452411651611,1.8649131308983633,1.9587452411651611,270041,0.0,0.0
1990-11-14,1.9470175152916307,2.0760367657712284,1.9470175152916307,2.052578926086426,212562,0.0,0.0
1990-11-15,2.052578527193074,2.052578527193074,1.9939332923990845,2.0291202068328857,78807,0.0,0.0
1990-11-16,2.052578763894977,2.064307682810578,1.9822046034224594,2.005662441253662,76277,0.0,0.0
1990-11-19,2.0056613983975247,2.017390472959248,1.9822035727633645,1.9939324855804443,74108,0.0,0.0
1990-11-20,1.9704759120941162,1.9822048323643915,1.9587465065896021,1.9704759120941162,156891,0.0,0.0
1990-11-21,1.9587452411651611,1.970474639092035,1.935287254034622,1.9587452411651611,136647,0.0,0.0
1990-11-23,1.935288504304305,1.9704759120941162,1.935288504304305,1.9704759120941162,30366,0.0,0.0
1990-11-26,1.9704759120941162,1.9704759120941162,1.9587465065896021,1.9704759120941162,184727,0.0,0.0
1990-11-27,1.958746127455716,2.0408496856689453,1.958746127455716,2.0408496856689453,99774,0.0,0.0
1990-11-28,2.029120601167402,2.0643078459288273,2.029120601167402,2.052578926086426,175328,0.0,0.0
1990-11-29,2.076035409755213,2.076035409755213,2.052577585392492,2.0643064975738525,87122,0.0,0.0
1990-11-30,2.064307298098734,2.0877652933029465,2.064307298098734,2.076036214828491,84591,0.0,0.0
1990-12-03,2.064307298098734,2.076036214828491,2.0525783813689764,2.076036214828491,164844,0.0,0.0
1990-12-04,2.076036463993989,2.169868617817253,2.076036463993989,2.1346817016601562,224130,0.0,0.0
1990-12-05,2.1581403367293572,2.2637014398500823,2.1581403367293572,2.240243434906006,229914,0.0,0.0
1990-12-06,2.2519719378686007,2.2519719378686007,2.1112234592437744,2.1112234592437744,216900,0.0,0.0
1990-12-07,2.0877652933029465,2.0877652933029465,2.029120062675369,2.076036214828491,100136,0.0,0.0
1990-12-10,2.076036439669042,2.076036439669042,2.0408496856689453,2.0408496856689453,102666,0.0,0.0
1990-12-11,2.0408487622282934,2.0408487622282934,1.9587452411651611,1.9587452411651611,114595,0.0,0.0
1990-12-12,1.970475457273023,2.052578527193074,1.970475457273023,2.0291202068328857,145323,0.0,0.0
1990-12-13,2.0408496856689453,2.076036439669042,2.017391364434736,2.0408496856689453,179666,0.0,0.0
1990-12-14,2.0291202824347683,2.0408496856689453,1.9939333666899572,2.0408496856689453,74831,0.0,0.0
1990-12-17,2.0760364697447242,2.158139705657959,2.0525786334048246,2.158139705657959,178220,0.0,0.0
1990-12-18,2.1464106967542476,2.1464106967542476,2.099494379078841,2.122952699661255,182558,0.0,0.0
1990-12-19,2.1112233801510856,2.158139699679793,2.1112233801510856,2.1346817016601562,359693,0.0,0.0
1990-12-20,2.134681707573342,2.158139705657959,2.1229527894033926,2.158139705657959,284862,0.0,0.0
1990-12-21,2.134681562439627,2.251971706633052,2.134681562439627,2.2050557136535645,201717,0.0,0.0
1990-12-24,2.2255262238096134,2.2255262238096134,2.1541192531585693,2.1541192531585693,99774,0.094053,0.0
1990-12-26,2.1779214250131202,2.1779214250131202,2.154119049012115,2.166020154953003,42296,0.0,0.0
1990-12-27,2.177921364372993,2.2612297601165614,2.177921364372993,2.201723575592041,118933,0.0,0.0
1990-12-28,2.177921364372993,2.237427384778288,2.177921364372993,2.201723575592041,90375,0.0,0.0
1990-12-31,2.2017236100094912,2.2136247158050537,2.166020128503576,2.2136247158050537,158337,0.0,0.0
1991-01-02,2.2493286545070372,2.2493286545070372,2.201723575592041,2.201723575592041,245820,0.0,0.0
1991-01-03,2.1779216314153325,2.2017238455528503,2.1541192531585693,2.1541192531585693,273656,0.0,0.0
1991-01-04,2.1541199250709107,2.16602103585186,2.130317211151123,2.130317211151123,124356,0.0,0.0
1991-01-07,2.1303172143044686,2.1303172143044686,2.0589098930358887,2.0589098930358887,91460,0.0,0.0
1991-01-08,2.070811496192344,2.0946137177894752,2.0589098930358887,2.0589098930358887,83507,0.0,0.0
1991-01-09,2.0589089586565015,2.070810556411743,2.0589089586565015,2.070810556411743,139539,0.0,0.0
1991-01-10,2.058908664426821,2.0708102604812573,2.0470075607299805,2.0470075607299805,84591,0.0,0.0
1991-01-11,2.0470078941119407,2.0470078941119407,1.999403307452353,2.023205518722534,233890,0.0,0.0
1991-01-14,2.0113055427085853,2.0113055427085853,1.9756017133930892,1.9994044303894043,164121,0.0,0.0
1991-01-15,2.0232051892171015,2.0470075607299805,2.0232051892171015,2.0470075607299805,249796,0.0,0.0
1991-01-16,2.0470076890792273,2.0470076890792273,1.9994031071878169,2.0351064205169678,188703,0.0,0.0
1991-01-17,2.0946137177894752,2.1184161035059033,2.047008782237323,2.0589098930358887,130501,0.0,0.0
1991-01-18,2.070811496192344,2.070811496192344,2.0232063965208953,2.0589098930358887,94352,0.0,0.0
1991-01-21,2.0351062929139414,2.082711364178097,2.011304085520261,2.0470075607299805,71577,0.0,0.0
1991-01-22,2.058910642930383,2.1184168750737014,2.058910642930383,2.0827133655548096,490194,0.0,0.0
1991-01-23,2.0946133136749268,2.106514422177407,2.070811096669966,2.0946133136749268,632987,0.0,0.0
1991-01-24,2.118414878845215,2.142217086682233,2.106513610807504,2.118414878845215,122910,0.0,0.0
1991-01-25,2.1422171239807457,2.2374271058209483,2.1422171239807457,2.189822196960449,227384,0.0,0.0
1991-01-28,2.1898222326797763,2.27313061939553,2.1898222326797763,2.2612295150756836,99413,0.0,0.0
1991-01-29,2.27312981601313,2.296932180359664,2.2374263515529043,2.2850310802459717,160506,0.0,0.0
1991-01-30,2.273131743677694,2.392143830454319,2.273131743677694,2.3683414459228516,181112,0.0,0.0
1991-01-31,2.3564402331651264,2.4159462739637525,2.344538959357689,2.392143726348877,479710,0.0,0.0
1991-02-01,2.3802424525414394,2.4040451642755962,2.3564402331651264,2.392143726348877,269318,0.0,0.0
1991-02-04,2.4040441932198675,2.6063646173888784,2.4040441932198675,2.594463348388672,517306,0.0,0.0
1991-02-05,2.58256332716404,2.6182668209075928,2.5587609432952427,2.6182668209075928,479710,0.0,0.0
1991-02-06,2.606364341115236,2.642068144331267,2.58256196975708,2.58256196975708,204248,0.0,0.0
1991-02-07,2.5944630733765592,2.606364341115236,2.58256196975708,2.58256196975708,191957,0.0,0.0
1991-02-08,2.5944630733765592,2.5944630733765592,2.5706608661376005,2.58256196975708,176774,0.0,0.0
1991-02-11,2.57066116982367,2.6658706665039062,2.57066116982367,2.6658706665039062,229552,0.0,0.0
1991-02-12,2.6658703549282423,2.6777716226819104,2.6301665516672377,2.6420681476593018,260641,0.0,0.0
1991-02-13,2.630166859069992,2.6658706665039062,2.6182657540445713,2.6658706665039062,311613,0.0,0.0
1991-02-14,2.6658703549282423,2.7372776332118556,2.6301665516672377,2.6420681476593018,751197,0.0,0.0
1991-02-15,2.6420689703321676,2.725377378190364,2.6420689703321676,2.7134759426116943,502123,0.0,0.0
1991-02-19,2.7134755257907983,2.725376959541271,2.665870775504249,2.677772045135498,238951,0.0,0.0
1991-02-20,2.66587178351456,2.6777730576458785,2.6301679611206055,2.6301679611206055,230637,0.0,0.0
1991-02-21,2.6539696699922235,2.6896731506475238,2.6539696699922235,2.677772045135498,154361,0.0,0.0
1991-02-22,2.6896730370207083,2.737277949415384,2.6896730370207083,2.725376844406128,125440,0.0,0.0
1991-02-25,2.71347559549851,2.725377029554724,2.7015743255615234,2.7015743255615234,151830,0.0,0.0
1991-02-26,2.701573829950851,2.701573829950851,2.6420681476593018,2.6420681476593018,245097,0.0,0.0
1991-02-27,2.6420685644801982,2.6896731506475238,2.6420685644801982,2.677772045135498,218708,0.0,0.0
1991-02-28,2.6896735638121023,2.7134759426116943,2.677772456471931,2.7134759426116943,125802,0.0,0.0
1991-03-01,2.7015752511841455,2.7729827311527018,2.677773031393434,2.7610814571380615,429462,0.0,0.0
1991-03-04,2.761081323910693,2.796784815993284,2.749180214589588,2.772982597351074,112427,0.0,0.0
1991-03-05,2.772981257675722,2.772981257675722,2.6896727120794095,2.749178886413574,611658,0.0,0.0
1991-03-06,2.749178886413574,2.7848821971280002,2.749178886413574,2.749178886413574,296069,0.0,0.0
1991-03-07,2.713476282384296,2.713476282384296,2.689673900604248,2.689673900604248,255942,0.0,0.0
1991-03-08,2.701575009434637,2.701575009434637,2.6658715188242,2.689673900604248,86760,0.0,0.0
1991-03-11,2.6658703549282423,2.6777716226819104,2.594463076644629,2.6420681476593018,217623,0.0,0.0
1991-03-12,2.6420695634904954,2.6420695634904954,2.606365741096541,2.6301679611206055,357885,0.0,0.0
1991-03-13,2.6182664249637715,2.653970241546631,2.6063653168887444,2.653970241546631,146408,0.0,0.0
1991-03-14,2.653969251293772,2.6777716226819104,2.6420681476593018,2.6420681476593018,135563,0.0,0.0
1991-03-15,2.6777716226819104,2.6777716226819104,2.6420681476593018,2.6420681476593018,1294170,0.0,0.0
1991-03-18,2.653970241546631,2.677772621815945,2.6420691334716038,2.653970241546631,186173,0.0,0.0
1991-03-19,2.6301671783793372,2.6539698836775427,2.5944636948493587,2.6063649654388428,95075,0.0,0.0
1991-03-20,2.6182654480327674,2.6420681476593018,2.5825619730101588,2.6420681476593018,202079,0.0,0.0
1991-03-21,2.6420693011634215,2.701575009434637,2.6420693011634215,2.689673900604248,164121,0.0,0.0
1991-03-22,2.698345987711617,2.7103922367095947,2.698345987711617,2.7103922367095947,196295,0.094053,0.0
1991-03-25,2.6983470916748047,2.710393345601214,2.6983470916748047,2.6983470916748047,69770,0.0,0.0
1991-03-26,2.698346573870631,2.7585776658259578,2.698346573870631,2.7465312480926514,83145,0.0,0.0
1991-03-27,2.7585789824906826,2.903133074152149,2.7585789824906826,2.8910868167877197,579123,0.0,0.0
1991-03-28,2.9031313557230125,2.987454775123848,2.879039187492081,2.9513163566589355,294984,0.0,0.0
1991-04-01,2.951318355611683,3.0115493153394923,2.93927209721867,2.987456798553467,458382,0.0,0.0
1991-04-02,3.035639613047894,3.1801939594399484,3.035639613047894,3.1681480407714844,779394,0.0,0.0
1991-04-03,3.1681485490181935,3.180194469619111,3.0597326057131213,3.08382511138916,569363,0.0,0.0
1991-04-04,3.1320105354696826,3.1320105354696826,3.0958721005970053,3.1079180240631104,368007,0.0,0.0
1991-04-05,3.132011109771259,3.144057035446167,3.1079185939469602,3.144057035446167,276186,0.0,0.0
1991-04-08,3.156101596362463,3.3006559491087284,3.156101596362463,3.2283787727355957,386444,0.0,0.0
1991-04-09,3.2283787727355957,3.2765637784757264,3.180194099232528,3.2283787727355957,367646,0.0,0.0
1991-04-10,3.216334250681822,3.216334250681822,3.132011109771259,3.144057035446167,499231,0.0,0.0
1991-04-11,3.1320079461644132,3.156100105416245,3.095869541168213,3.095869541168213,522729,0.0,0.0
1991-04-12,3.1079174980600657,3.156102180480957,3.0958715766326863,3.156102180480957,370176,0.0,0.0
1991-04-15,3.144056060469675,3.144056060469675,3.1079176301770497,3.1199638843536377,251242,0.0,0.0
1991-04-16,3.1440575061014946,3.1922425449632383,3.1320115786233504,3.1801962852478027,71216,0.0,0.0
1991-04-17,3.19223975548566,3.2765631675720215,3.1801935062966082,3.2765631675720215,245458,0.0,0.0
1991-04-18,3.252470669193918,3.324747499854226,3.252470669193918,3.2765631675720215,363308,0.0,0.0
1991-04-19,3.252470947852711,3.252470947852711,3.2042862792052342,3.216332197189331,563217,0.0,0.0
1991-04-22,3.2042874162179698,3.2042874162179698,3.119963966985691,3.1320102214813232,244012,0.0,0.0
1991-04-23,3.1320090097941544,3.1320090097941544,3.0115471759154593,3.0235934257507324,289923,0.0,0.0
1991-04-24,3.0115480651680895,3.095871506677086,3.0115480651680895,3.035640239715576,285585,0.0,0.0
1991-04-25,3.0597327465001802,3.071778667655365,3.035640239715576,3.035640239715576,135201,0.0,0.0
1991-04-26,3.0597330267446767,3.1561023982354404,3.0597330267446767,3.1320102214813232,161952,0.0,0.0
1991-04-29,3.144056143739808,3.1561023982354404,3.119963966985691,3.1320102214813232,118210,0.0,0.0
1991-04-30,3.144055552582708,3.2163327337295278,3.132009632589142,3.204286813735962,464166,0.0,0.0
1991-05-01,3.180194907226705,3.180194907226705,3.1320102214813232,3.1320102214813232,117126,0.0,0.0
1991-05-02,3.1320102214813232,3.1320102214813232,3.0958717902315738,3.1320102214813232,137009,0.0,0.0
1991-05-03,3.1320115786233504,3.1801962852478027,3.1199653189079144,3.1801962852478027,93629,0.0,0.0
1991-05-06,3.1440540679449365,3.168146893266573,3.0597310066223145,3.0597310066223145,65070,0.0,0.0
1991-05-07,3.083825253284784,3.1079174278322705,3.0235943185603915,3.035640239715576,131586,0.0,0.0
1991-05-08,3.0235955737325053,3.0235955737325053,2.9874567985534664,2.987456798553467,177135,0.0,0.0
1991-05-09,3.0115491550142823,3.05973385378388,2.9995028972625732,2.9995028972625732,134117,0.0,0.0
1991-05-10,3.0235942955981816,3.047686469962704,3.0115480422973633,3.0115480422973633,201717,0.0,0.0
1991-05-13,3.0235942955981816,3.0235942955981816,3.0115480422973633,3.0115480422973633,72300,0.0,0.0
1991-05-14,3.0115490581947815,3.0115490581947815,2.8910868167877197,2.8910868167877197,219069,0.0,0.0
1991-05-15,2.8910868167877197,2.9151793315165775,2.866994634296089,2.8910868167877197,83145,0.0,0.0
1991-05-16,2.866994247836073,2.9513177057833637,2.866994247836073,2.9392714500427246,335472,0.0,0.0
1991-05-17,2.9513163566589355,2.9513163566589355,2.9151776059569934,2.9513163566589355,136286,0.0,0.0
1991-05-20,2.9633624644309857,3.0838246422482167,2.9633624644309857,3.0717780590057373,222684,0.0,0.0
1991-05-21,3.0717780590057373,3.11996306302745,3.0717780590057373,3.0717780590057373,268233,0.0,0.0
1991-05-22,3.08382511138916,3.0958713642271793,3.0717785263140387,3.08382511138916,48803,0.0,0.0
1991-05-23,3.0717789490031615,3.144056143739808,3.0717789490031615,3.1320102214813232,185088,0.0,0.0
1991-05-24,3.1801962852478027,3.2042888046786744,3.1320115786233504,3.1801962852478027,515860,0.0,0.0
1991-05-28,3.192240561505311,3.2765639948827823,3.1801943092746603,3.204286813735962,262449,0.0,0.0
1991-05-29,3.204286813735962,3.2163327337295278,3.192240561505311,3.204286813735962,257388,0.0,0.0
1991-05-30,3.288611976323357,3.3247504234313965,3.2765660487788724,3.3247504234313965,476457,0.0,0.0
1991-05-31,3.3608865093723974,3.3849790096282955,3.336794341353526,3.384979009628296,960505,0.0,0.0
1991-06-03,3.409072731289467,3.5536271342296653,3.3970264756715873,3.493396520614624,1245006,0.0,0.0
1991-06-04,3.4933954396336815,3.565672286501572,3.457256683962661,3.529533863067627,784817,0.0,0.0
1991-06-05,3.565673389847545,3.589765901083304,3.481349932759566,3.493396520614624,541527,0.0,0.0
1991-06-06,3.5054405672387894,3.5054405672387894,3.4331634044647217,3.4331634044647217,192318,0.0,0.0
1991-06-07,3.4211188412447444,3.5054419543163577,3.4211188412447444,3.4572572708129883,265703,0.0,0.0
1991-06-10,3.445211016877863,3.469303192510982,3.445211016877863,3.4572572708129883,119295,0.0,0.0
1991-06-11,3.4572574265817586,3.4572574265817586,3.421118995385276,3.445211172103882,949299,0.0,0.0
1991-06-12,3.4331634044647217,3.4572559028017444,3.421117487533211,3.4331634044647217,309806,0.0,0.0
1991-06-13,3.4211188412447444,3.469303192510982,3.4211188412447444,3.4572572708129883,266426,0.0,0.0
1991-06-14,3.481349932759566,3.5295349552310844,3.4693036771416863,3.493396520614624,188342,0.0,0.0
1991-06-17,3.4933954906358595,3.4933954906358595,3.4693026542663574,3.4693026542663574,166652,0.0,0.0
1991-06-18,3.4572577537609854,3.5054424439953253,3.4572577537609854,3.493396520614624,128332,0.0,0.0
1991-06-19,3.469303348822488,3.493396190015388,3.445211172103882,3.445211172103882,505015,0.0,0.0
1991-06-20,3.46930358175417,3.46930358175417,3.4090726375579834,3.4090726375579834,245097,0.0,0.0
1991-06-21,3.409072150464484,3.42111873626709,3.409072150464484,3.42111873626709,131586,0.0,0.0
1991-06-24,3.407488822937012,3.41965848820937,3.407488822937012,3.4074888229370117,172436,0.099585,0.0
1991-06-25,3.4196585228353418,3.4196585228353418,3.3831498622894287,3.3831498622894287,359331,0.0,0.0
1991-06-26,3.3831484916834285,3.3831484916834285,3.2371132373809814,3.2371132373809814,302576,0.0,0.0
1991-06-27,3.2857920495443524,3.358809352298004,3.249283062526776,3.297961711883545,632987,0.0,0.0
1991-06-28,3.2857920495443524,3.3344703632603707,3.2857920495443524,3.297961711883545,96882,0.0,0.0
1991-07-01,3.310132093878869,3.5291850566864014,3.2979624288938685,3.5291850566864014,629372,0.0,0.0
1991-07-02,3.529184519890078,3.6143714905463162,3.529184519890078,3.577862501144409,352101,0.0,0.0
1991-07-03,3.5656922782917424,3.5656922782917424,3.4318263530731197,3.43182635307312,135201,0.0,0.0
1991-07-05,3.456167221069336,3.468336549774978,3.4318275567356338,3.456167221069336,54225,0.0,0.0
1991-07-08,3.4805049933855967,3.4805049933855967,3.419657028635689,3.43182635307312,153999,0.0,0.0
1991-07-09,3.4196584224700928,3.4561674175853208,3.407488757431684,3.4196584224700928,146046,0.0,0.0
1991-07-10,3.443996013151239,3.4561660088700465,3.419657028635689,3.43182635307312,423317,0.0,0.0
1991-07-11,3.419658228029992,3.456167221069336,3.419658228029992,3.456167221069336,175689,0.0,0.0
1991-07-12,3.4561660088700465,3.4561660088700465,3.4318263530731197,3.43182635307312,104112,0.0,0.0
1991-07-15,3.456167221069336,3.480506214121426,3.443997221082082,3.456167221069336,331496,0.0,0.0
1991-07-16,3.4561652826792373,3.577860850968347,3.4561652826792373,3.5535218715667725,192680,0.0,0.0
1991-07-17,3.5535235105172434,3.5778625011444087,3.541353847383274,3.577862501144409,223046,0.0,0.0
1991-07-18,3.5656931736512125,3.602201827412347,3.5535235105172434,3.577862501144409,160506,0.0,0.0
1991-07-19,3.590030790695294,3.626539766128488,3.5656918093804757,3.614370107650757,208586,0.0,0.0
1991-07-22,3.602201827412347,3.602201827412347,3.5778625011444087,3.577862501144409,224130,0.0,0.0
1991-07-23,3.5778625011444087,3.650880144307451,3.5656931736512125,3.577862501144409,258472,0.0,0.0
1991-07-24,3.5656931400299072,3.5778624674083574,3.553523477010687,3.5656931400299072,108089,0.0,0.0
1991-07-25,3.5413522140456757,3.553521871566772,3.5048432414823867,3.5535218715667725,596475,0.0,0.0
1991-07-26,3.577860850968347,3.6265394810527325,3.553521871566772,3.5535218715667725,188342,0.0,0.0
1991-07-29,3.5535218064431575,3.5656914637412265,3.504843177250881,3.51701283454895,222323,0.0,0.0
1991-07-30,3.5291844866130164,3.5656931400299072,3.517014487953027,3.5656931400299072,140262,0.0,0.0
1991-07-31,3.5656946525616426,3.6995603312759955,3.5656946525616426,3.6873903274536133,161952,0.0,0.0
1991-08-01,3.6873873872358556,3.6873873872358556,3.6022004491730253,3.614370107650757,225938,0.0,0.0
1991-08-02,3.602201223373413,3.626540545559986,3.5535229146409835,3.602201223373413,252327,0.0,0.0
1991-08-05,3.626540184020996,3.626540184020996,3.602200864260871,3.626540184020996,146046,0.0,0.0
1991-08-06,3.614371174669007,3.6508798252394747,3.5900318505281996,3.6387104988098145,248712,0.0,0.0
1991-08-07,3.626539766128488,3.638709424606219,3.6143701076507564,3.614370107650757,285947,0.0,0.0
1991-08-08,3.614370524140934,3.6387098439010583,3.602200864260871,3.626540184020996,83868,0.0,0.0
1991-08-09,3.6265408367394105,3.675219149380282,3.6265408367394105,3.6387104988098145,126886,0.0,0.0
1991-08-12,3.650879930868285,3.772575883811794,3.6387106040865365,3.748236894607544,678897,0.0,0.0
1991-08-13,3.8212521765477496,3.869930460572164,3.7847435474395748,3.784743547439575,997378,0.0,0.0
1991-08-14,3.82125585550323,3.991630181438683,3.8090861888705114,3.9551215171813965,915679,0.0,0.0
1991-08-15,3.942951609005407,3.9551212748926177,3.8455946175485685,3.894273281097412,374153,0.0,0.0
1991-08-16,3.8942732810974117,3.918612277230985,3.86993394932299,3.894273281097412,467058,0.0,0.0
1991-08-19,3.845595194828617,3.845595194828617,3.748238524397968,3.7725775241851807,166290,0.0,0.0
1991-08-20,3.845593515319659,3.845593515319659,3.7969152013639045,3.8334238529205322,130501,0.0,0.0
1991-08-21,3.8577642834357793,3.8942732810974117,3.8577642834357793,3.894273281097412,302937,0.0,0.0
1991-08-22,3.8942732810974117,3.906442611343774,3.86993394932299,3.894273281097412,70131,0.0,0.0
1991-08-23,3.894272681564947,3.9064420099378125,3.8090853691101074,3.8090853691101074,126886,0.0,0.0
1991-08-26,3.796912866715269,3.796912866715269,3.7847435474395748,3.784743547439575,100136,0.0,0.0
1991-08-27,3.796912866715269,3.8334214958234436,3.7604039019665487,3.784743547439575,288839,0.0,0.0
1991-08-28,3.796912866715269,3.809082521631509,3.7847435474395748,3.784743547439575,132671,0.0,0.0
1991-08-29,3.809082521631509,3.809082521631509,3.7847435474395748,3.784743547439575,54225,0.0,0.0
1991-08-30,3.7847458818750486,3.7847458818750486,3.7360672321850426,3.748236894607544,62901,0.0,0.0
1991-09-03,3.7604039019665487,3.7847435474395748,3.7482345826908543,3.784743547439575,285947,0.0,0.0
1991-09-04,3.7604060201066956,3.7604060201066956,3.6630493972193805,3.6752190589904785,196295,0.0,0.0
1991-09-05,3.6508795321058427,3.6508795321058427,3.5900315622801267,3.602201223373413,109896,0.0,0.0
1991-09-06,3.614371085775723,3.6873883851208418,3.614371085775723,3.6752190589904785,168459,0.0,0.0
1991-09-09,3.6873882077696547,3.6873882077696547,3.6630492210388184,3.6630492210388184,20967,0.0,0.0
1991-09-10,3.663051435816831,3.6752211043607126,3.6508817672729488,3.650881767272949,216177,0.0,0.0
1991-09-11,3.650878747443306,3.6630484059210375,3.6143701076507564,3.614370107650757,213285,0.0,0.0
1991-09-12,3.626539903227423,3.736066162386283,3.626539903227423,3.7238965034484863,197379,0.0,0.0
1991-09-13,3.7969152086567974,3.7969152086567974,3.7117282429807927,3.748236894607544,430908,0.0,0.0
1991-09-16,3.736067225009023,3.8334238529205322,3.7117282358515222,3.8334238529205322,272210,0.0,0.0
1991-09-17,3.8334243614966352,3.8334243614966352,3.796915705096445,3.8090853691101074,144962,0.0,0.0
1991-09-18,3.80908409302845,3.857762397134579,3.80908409302845,3.845592737197876,103751,0.0,0.0
1991-09-19,3.8334226225657084,3.8334226225657084,3.772574665740262,3.8212532997131348,451514,0.0,0.0
1991-09-20,3.857762397134579,3.894271376944689,3.8334230772611724,3.845592737197876,204248,0.0,0.0
1991-09-23,3.821254526162158,3.845593515319659,3.821254526162158,3.8334238529205322,74108,0.0,0.0
1991-09-24,3.856513261795044,3.8810768269336533,3.831949357918724,3.856513261795044,122910,0.099585,0.0
1991-09-25,3.8810781822128435,4.02846097946167,3.8810781822128435,4.02846097946167,380298,0.0,0.0
1991-09-26,4.003897729467372,4.003897729467372,3.942487943367084,3.9916157722473145,217262,0.0,0.0
1991-09-27,4.02846130516963,4.02846130516963,3.967051857807199,3.9916157722473145,94352,0.0,0.0
1991-09-30,3.991615192289981,4.11443406917001,3.991615192289981,4.0530242919921875,369092,0.0,0.0
1991-10-01,4.040742183155728,4.126715183258057,4.028460229216034,4.126715183258057,306914,0.0,0.0
1991-10-02,4.102151710624175,4.114433664852816,4.05302389370961,4.065306186676025,200633,0.0,0.0
1991-10-03,4.065306091035117,4.126715183258057,4.053023798357656,4.126715183258057,502846,0.0,0.0
1991-10-04,4.138996974293982,4.138996974293982,4.0653059310317,4.089869499206543,379937,0.0,0.0
1991-10-07,4.102152799691495,4.102152799691495,4.016179436003989,4.040743350982666,613466,0.0,0.0
1991-10-08,4.028459802962214,4.05302336950475,3.991614283779544,4.003896236419678,470673,0.0,0.0
1991-10-09,4.003898272170232,4.003898272170232,3.9793343544006343,3.9793343544006348,189426,0.0,0.0
1991-10-10,3.9547669354266732,3.979330831449548,3.9302033781414014,3.9670488834381104,596837,0.0,0.0
1991-10-11,3.930204859316607,4.028459802962214,3.930204859316607,4.003896236419678,618527,0.0,0.0
1991-10-14,4.003898643547533,4.003898643547533,3.954770803451538,3.954770803451538,478987,0.0,0.0
1991-10-15,3.942488634719761,3.9793345128412074,3.9179250547100466,3.9302070140838623,451875,0.0,0.0
1991-10-16,3.942488477746238,4.040743810086726,3.942488477746238,3.9793343544006348,557433,0.0,0.0
1991-10-17,4.003897729467372,4.003897729467372,3.9547699005871415,3.9916157722473145,176051,0.0,0.0
1991-10-18,3.991615192289981,4.0530242919921875,3.9793332368544165,4.0530242919921875,143154,0.0,0.0
1991-10-21,4.028461851201927,4.028461851201927,3.967052395515836,3.9793343544006348,523452,0.0,0.0
1991-10-22,3.9547705940935765,3.9547705940935765,3.9302070140838623,3.9302070140838623,181473,0.0,0.0
1991-10-23,3.9179248987145434,3.9793343544006343,3.9056429398297445,3.9793343544006348,644193,0.0,0.0
1991-10-24,3.967048883438111,3.979330831449548,3.9547669354266732,3.9670488834381104,95075,0.0,0.0
1991-10-25,3.9793343544006343,3.9793343544006343,3.954770436631037,3.9793343544006348,88568,0.0,0.0
1991-10-28,3.9670527634755373,4.003898643547533,3.9424888434275394,3.954770803451538,109535,0.0,0.0
1991-10-29,3.954767763255141,4.016177177429199,3.9424858126727944,4.016177177429199,178943,0.0,0.0
1991-10-30,4.0161787644233025,4.077588541601124,4.0161787644233025,4.0530242919921875,89652,0.0,0.0
1991-10-31,4.028462149531121,4.077589988708496,4.028462149531121,4.077589988708496,104835,0.0,0.0
1991-11-01,4.077588541601124,4.11443406917001,4.040742675294431,4.0530242919921875,259557,0.0,0.0
1991-11-04,4.040742675294431,4.077588541601124,4.028460719858867,4.0530242919921875,138455,0.0,0.0
1991-11-05,4.05302336950475,4.05302336950475,4.003896236419678,4.003896236419678,432716,0.0,0.0
1991-11-06,4.028460070662806,4.089869499206543,4.0161781172065085,4.089869499206543,206778,0.0,0.0
1991-11-07,4.089871609764912,4.089871609764912,4.077589988708496,4.077589988708496,41573,0.0,0.0
1991-11-08,4.102150499362475,4.163559913635254,4.102150499362475,4.163559913635254,197741,0.0,0.0
1991-11-11,4.151280554128862,4.200407705716768,4.151280554128862,4.188126087188721,289562,0.0,0.0
1991-11-12,4.17584462387076,4.286381574863273,4.163562665152059,4.249536037445068,696249,0.0,0.0
1991-11-13,4.24953639749189,4.347791398090469,4.24953639749189,4.335509777069092,604790,0.0,0.0
1991-11-14,4.347788217319374,4.372352118867431,4.224969387054443,4.224969387054443,408134,0.0,0.0
1991-11-15,4.224971697109152,4.224971697109152,4.040743350982666,4.040743350982666,241120,0.0,0.0
1991-11-18,4.053025430233621,4.053025430233621,3.9302068575993423,3.9793343544006348,618165,0.0,0.0
1991-11-19,3.9670498360357427,3.9670498360357427,3.8933584690093994,3.8933584690093994,457659,0.0,0.0
1991-11-20,3.8933604648048883,3.942487955093384,3.8810785075483,3.942487955093384,205694,0.0,0.0
1991-11-21,3.9670498360357427,3.9670498360357427,3.881076518048728,3.8933584690093994,35427,0.0,0.0
1991-11-22,3.868793981418094,3.9179217778236617,3.807384574648768,3.819666862487793,183281,0.0,0.0
1991-11-25,3.8196690151943256,3.8196690151943256,3.73369566176896,3.770541191101074,202440,0.0,0.0
1991-11-26,3.7582590793404806,3.7582590793404806,3.696849640506466,3.7336955070495605,282693,0.0,0.0
1991-11-27,3.745977164306759,3.745977164306759,3.6968493461608887,3.6968493461608887,198102,0.0,0.0
1991-11-29,3.709131596020831,3.7336955070495605,3.696849640506466,3.7336955070495605,42296,0.0,0.0
1991-12-02,3.7336956012261,3.807386658695409,3.721413306664124,3.782823085784912,126525,0.0,0.0
1991-12-03,3.7951047028712512,3.807386658695409,3.7705411299607547,3.782823085784912,140985,0.0,0.0
1991-12-04,3.782823085784912,3.807386658695409,3.782823085784912,3.782823085784912,138455,0.0,0.0
1991-12-05,3.782823587513351,3.8442330360412598,3.782823587513351,3.8442330360412598,139901,0.0,0.0
1991-12-06,3.844232526167882,3.844232526167882,3.782823085784912,3.782823085784912,348125,0.0,0.0
1991-12-09,3.7705421643961454,3.782824123589817,3.72141432762146,3.72141432762146,277632,0.0,0.0
1991-12-10,3.709130172905532,3.7214117849698907,3.6600027084350586,3.6600027084350586,161229,0.0,0.0
1991-12-11,3.635439346880315,3.635439346880315,3.5249024507169264,3.5740299224853516,627564,0.0,0.0
1991-12-12,3.574029391558469,3.6600027084350586,3.574029391558469,3.6600027084350586,290646,0.0,0.0
1991-12-13,3.684567332168169,3.7828226281366235,3.684567332168169,3.7091312408447266,602621,0.0,0.0
1991-12-16,3.733694419888865,3.9056407308099734,3.733694419888865,3.856513261795044,210032,0.0,0.0
1991-12-17,3.881077908811243,3.881077908811243,3.819668809477649,3.8319504261016846,154722,0.0,0.0
1991-12-18,3.807386259513531,3.831950168586466,3.6968493461608887,3.6968493461608887,215093,0.0,0.0
1991-12-19,3.6722844757091,3.6845660871596664,3.635438625144412,3.6477205753326416,285224,0.0,0.0
1991-12-20,3.733695446418479,3.7705409736254327,3.70913153578864,3.7459774017333984,629372,0.0,0.0
1991-12-23,3.758260389007272,4.077589988708496,3.7459787679508563,4.077589988708496,393674,0.0,0.0
1991-12-24,4.088490637890018,4.11326983912781,4.063712120056152,4.063712120056152,116764,0.099585,0.0
1991-12-26,4.051321198792317,4.175214767456055,4.0389321152874125,4.175214767456055,259557,0.0,0.0
1991-12-27,4.199996489192267,4.299111616904302,4.199996489192267,4.286722183227539,156530,0.0,0.0
1991-12-30,4.348667621612549,4.385835913697538,4.323889101924544,4.348667621612549,411026,0.0,0.0
1991-12-31,4.323889757863968,4.41061544418335,4.323889757863968,4.41061544418335,263172,0.0,0.0
1992-01-02,4.385833794811256,4.385833794811256,4.261940231120789,4.299108505249023,322097,0.0,0.0
1992-01-03,4.286721017669852,4.286721017669852,4.162827056291008,4.2495527267456055,455851,0.0,0.0
1992-01-06,4.237161381701967,4.311497588256612,4.237161381701967,4.299108505249023,210755,0.0,0.0
1992-01-07,4.311498804063469,4.348666746970931,4.249552004749754,4.261941432952881,425486,0.0,0.0
1992-01-08,4.224773098837766,4.237162184191763,4.150436878204346,4.150436878204346,240036,0.0,0.0
1992-01-09,4.150435688151909,4.16282476995359,4.088488570634552,4.1380462646484375,565386,0.0,0.0
1992-01-10,4.1380462646484375,4.1380462646484375,4.088488570634552,4.1380462646484375,571893,0.0,0.0
1992-01-13,4.138047535353146,4.138047535353146,4.038932800292969,4.038932800292969,428378,0.0,0.0
1992-01-14,4.038932350242531,4.162825584411621,4.038932350242531,4.162825584411621,397650,0.0,0.0
1992-01-15,4.29911058223654,4.348667621612549,4.2495528594565535,4.348667621612549,460551,0.0,0.0
1992-01-16,4.361057281494141,4.385835800542859,4.348667509416812,4.361057281494141,810483,0.0,0.0
1992-01-17,4.373445945079105,4.373445945079105,4.212384061842291,4.261941432952881,345233,0.0,0.0
1992-01-20,4.249551224202027,4.261940650129493,4.162825584411621,4.162825584411621,203525,0.0,0.0
1992-01-21,4.138047138320758,4.138047138320758,4.063710923306999,4.0761003494262695,215093,0.0,0.0
1992-01-22,4.076101549824067,4.100880409359895,4.051322690288238,4.063712120056152,234613,0.0,0.0
1992-01-23,4.051323559264235,4.23716402053833,4.051323559264235,4.23716402053833,352463,0.0,0.0
1992-01-24,4.261941432952881,4.274330861156008,4.237162576546626,4.261941432952881,177858,0.0,0.0
1992-01-27,4.237161780311702,4.286719483811473,4.212383270263672,4.212383270263672,75915,0.0,0.0
1992-01-28,4.224774339768548,4.348667621612549,4.212384909073552,4.348667621612549,254496,0.0,0.0
1992-01-29,4.361056559377545,4.398224502647235,4.361056559377545,4.373445987701416,461274,0.0,0.0
1992-01-30,4.373444041759356,4.435390472412109,4.373444041759356,4.435390472412109,315228,0.0,0.0
1992-01-31,4.410614661293557,4.460172382794952,4.361057281494141,4.361057281494141,209309,0.0,0.0
1992-02-03,4.373447510322101,4.410615466531856,4.361058077684835,4.385836601257324,153638,0.0,0.0
1992-02-04,4.3858360664394045,4.472561742622715,4.3858360664394045,4.460172653198242,201717,0.0,0.0
1992-02-05,4.435394578994363,4.6955716738146895,4.435394578994363,4.683182239532471,585269,0.0,0.0
1992-02-06,4.633624620301524,4.732739406367851,4.6212351866177155,4.670792579650879,631541,0.0,0.0
1992-02-07,4.65840068205437,4.683179536316001,4.608843656934888,4.633622169494629,331857,0.0,0.0
1992-02-10,4.608844650187613,4.745127352891218,4.584065448883923,4.720348834991455,541527,0.0,0.0
1992-02-11,4.782294528149398,4.8070730402764426,4.707958308364497,4.745126247406006,225215,0.0,0.0
1992-02-12,4.782296180725098,4.807074701414636,4.732738455942017,4.782296180725098,221600,0.0,0.0
1992-02-13,4.794683955063863,4.844240979317951,4.745126247406006,4.745126247406006,89652,0.0,0.0
1992-02-14,4.769906372116677,4.769906372116677,4.695570468902588,4.695570468902588,172074,0.0,0.0
1992-02-18,4.695569270332161,4.732737212451879,4.683179842391618,4.707958698272705,212562,0.0,0.0
1992-02-19,4.757517318333558,4.782296180725098,4.732738455942017,4.782296180725098,190872,0.0,0.0
1992-02-20,4.757516514302333,4.881410121917725,4.757516514302333,4.881410121917725,407772,0.0,0.0
1992-02-21,5.05486174772666,5.05486174772666,4.943357220854198,4.955746650695801,428016,0.0,0.0
1992-02-24,4.930966059728098,4.955744910711337,4.83185133919883,4.856629848480225,162314,0.0,0.0
1992-02-25,4.856629265817626,4.881408113828082,4.844239841812398,4.869019031524658,153638,0.0,0.0
1992-02-26,4.869019759967703,4.869019759967703,4.831851482391357,4.831851482391357,168821,0.0,0.0
1992-02-27,4.8318531167292225,4.8318531167292225,4.732738018035889,4.732738018035889,136286,0.0,0.0
1992-02-28,4.757515268940521,4.831851482391357,4.757515268940521,4.831851482391357,725169,0.0,0.0
1992-03-02,4.831852929113496,4.831852929113496,4.782295552542075,4.807074069976807,321012,0.0,0.0
1992-03-03,4.7946835465168665,4.844240566548284,4.7946835465168665,4.831851482391357,210032,0.0,0.0
1992-03-04,4.831853313731194,4.831853313731194,4.757517072105885,4.794685363769531,762404,0.0,0.0
1992-03-05,4.782297796185063,4.782297796185063,4.633625255018249,4.64601469039917,220877,0.0,0.0
1992-03-06,4.633624048401314,4.633624048401314,4.534509274568125,4.546898365020752,280163,0.0,0.0
1992-03-09,4.509730244225898,4.509730244225898,4.311500347135771,4.385836601257324,3017441,0.0,0.0
1992-03-10,4.398225497565877,4.472561742622715,4.398225497565877,4.460172653198242,2646903,0.0,0.0
1992-03-11,4.472560637547486,4.497339151976184,4.460171551184095,4.484950065612793,982195,0.0,0.0
1992-03-12,4.509729273584944,4.5345084752282245,4.497339843614288,4.522119045257568,1508540,0.0,0.0
1992-03-13,4.534506797790527,4.546895881476155,4.522117372403058,4.534506797790527,300045,0.0,0.0
1992-03-16,4.509730111441172,4.509730111441172,4.484951588598262,4.497340679168701,987618,0.0,0.0
1992-03-17,4.4973394499598545,4.571676023277072,4.4973394499598545,4.559286594390869,1133303,0.0,0.0
1992-03-18,4.559284447035701,4.584062951435861,4.559284447035701,4.57167387008667,586353,0.0,0.0
1992-03-19,4.5840637646011295,4.608842956800416,4.571674681054243,4.5964531898498535,491640,0.0,0.0
1992-03-20,4.596453558624009,4.633621837352198,4.596453558624009,4.6088433265686035,257749,0.0,0.0
1992-03-23,4.6212337266256975,4.6212337266256975,4.5840654373168945,4.5840654373168945,314144,0.0,0.0
1992-03-24,4.5964531898498535,4.5964531898498535,4.5840637646011295,4.5964531898498535,484410,0.0,0.0
1992-03-25,4.6104487644997345,4.635437429099229,4.6104487644997345,4.622942924499512,401627,0.107884,0.0
1992-03-26,4.635436911075402,4.635436911075402,4.5604705810546875,4.5604705810546875,77723,0.0,0.0
1992-03-27,4.560469690672764,4.572964191436768,4.547974845308926,4.572964191436768,439946,0.0,0.0
1992-03-30,4.5604705810546875,4.5604705810546875,4.547975733251367,4.5604705810546875,188342,0.0,0.0
1992-03-31,4.5479759806056235,4.56047082908851,4.485504150390625,4.485504150390625,458382,0.0,0.0
1992-04-01,4.497999593448767,4.510493755340576,4.473010235865174,4.510493755340576,398735,0.0,0.0
1992-04-02,4.535480314630903,4.535480314630903,4.473008155822754,4.473008155822754,206778,0.0,0.0
1992-04-03,4.510492386186388,4.535481046984722,4.510492386186388,4.522986888885498,288839,0.0,0.0
1992-04-06,4.510493755340576,4.522988261832376,4.497999593448767,4.510493755340576,270764,0.0,0.0
1992-04-07,4.510494564638184,4.510494564638184,4.448022365570068,4.448022365570068,128332,0.0,0.0
1992-04-08,4.448022733830591,4.448022733830591,4.410539549126437,4.423033714294434,92544,0.0,0.0
1992-04-09,4.423032299449997,4.423032299449997,4.360560115193357,4.398043632507324,302576,0.0,0.0
1992-04-10,4.410536758204258,4.435525417327881,4.410536758204258,4.435525417327881,286308,0.0,0.0
1992-04-13,4.423032554497963,4.510493755340576,4.423032554497963,4.510493755340576,659015,0.0,0.0
1992-04-14,4.510495160956796,4.560473202498773,4.510495160956796,4.5354838371276855,709986,0.0,0.0
1992-04-15,4.647932068763726,4.666673480218474,4.572965389144964,4.629189968109131,907847,0.0,1.5
1992-04-16,4.647935411338884,4.704160030737136,4.629193297205847,4.685418605804443,899653,0.0,0.0
1992-04-20,4.685415463247718,4.704156875610352,4.6666737062851436,4.704156875610352,476939,0.0,0.0
1992-04-21,4.704156875610352,4.741640389535501,4.704156875610352,4.704156875610352,426088,0.0,0.0
1992-04-22,4.722896828809773,4.797863483428955,4.66667192399534,4.797863483428955,622503,0.0,0.0
1992-04-23,4.797863483428955,4.83534698303845,4.797863483428955,4.797863483428955,447055,0.0,0.0
1992-04-24,4.779123011970652,4.816606521606445,4.760381601752657,4.816606521606445,196174,0.0,0.0
1992-04-27,4.797866701757921,4.854091644287109,4.797866701757921,4.854091644287109,291851,0.0,0.0
1992-04-28,4.835349056637554,4.8540904698795915,4.722898854185546,4.779123783111572,246061,0.0,0.0
1992-04-29,4.74163984693476,4.816606521606445,4.74163984693476,4.816606521606445,254978,0.0,0.0
1992-04-30,4.835350629658975,4.835350629658975,4.7041586266859925,4.722900390625,319807,0.0,0.0
1992-05-01,4.704156904215933,4.797865344998697,4.704156904215933,4.760382175445557,382226,0.0,0.0
1992-05-04,4.760382369869535,4.797865540953566,4.741640612027541,4.779123783111572,635035,0.0,0.0
1992-05-05,4.797863483428955,4.797863483428955,4.779121733624208,4.797863483428955,244615,0.0,0.0
1992-05-06,4.797866701757921,4.854091644287109,4.7791249393815125,4.854091644287109,540322,0.0,0.0
1992-05-07,4.854091644287109,4.854091644287109,4.83535022651074,4.854091644287109,150866,0.0,0.0
1992-05-08,4.835348180313641,4.872831344604492,4.816606425868269,4.872831344604492,599608,0.0,0.0
1992-05-11,4.872832763390566,5.078991088515551,4.872832763390566,5.060249328613281,392348,0.0,0.0
1992-05-12,5.078990785162433,5.135215716911099,5.041507267596673,5.0977325439453125,249194,0.0,0.0
1992-05-13,5.078989601414231,5.078989601414231,5.004022928354992,5.022764682769775,348727,0.0,0.0
1992-05-14,4.985280658574721,5.004022411052031,4.966538906097412,4.966538906097412,281970,0.0,0.0
1992-05-15,4.9852823363876855,4.9852823363876855,4.910315990447998,4.910315990447998,362946,0.0,0.0
1992-05-18,4.872833406663519,4.910316931416337,4.8166084641343305,4.854091644287109,262449,0.0,0.0
1992-05-19,4.835348276424342,4.835348276424342,4.779123011970652,4.816606521606445,320289,0.0,0.0
1992-05-20,4.8166084641343305,4.854091644287109,4.797866701757921,4.854091644287109,372345,0.0,0.0
1992-05-21,4.854090714093272,4.910315990447998,4.797865782338519,4.910315990447998,370658,0.0,0.0
1992-05-22,4.910315990447998,4.910315990447998,4.872832472878181,4.910315990447998,281006,0.0,0.0
1992-05-26,4.947798017786089,4.947798017786089,4.85408959015912,4.872831344604492,508269,0.0,0.0
1992-05-27,4.891573605861848,4.9290571212768555,4.891573605861848,4.9290571212768555,909052,0.0,0.0
1992-05-28,4.910314337865201,5.02276416352934,4.910314337865201,4.966538906097412,449465,0.0,0.0
1992-05-29,4.985280658574721,5.04150557140679,4.947797498219961,4.966538906097412,461515,0.0,0.0
1992-06-01,4.966541577412096,4.966541577412096,4.947800159454346,4.947800159454346,115921,0.0,0.0
1992-06-02,4.966541577412096,4.9852833399698895,4.9290583968965525,4.947800159454346,257388,0.0,0.0
1992-06-03,4.966541577412096,4.966541577412096,4.947800159454346,4.947800159454346,401988,0.0,0.0
1992-06-04,4.947800159454346,4.966541577412096,4.947800159454346,4.947800159454346,241482,0.0,0.0
1992-06-05,4.9290557457426525,4.985280658574721,4.9290557457426525,4.966538906097412,172797,0.0,0.0
1992-06-08,4.947800159454346,4.947800159454346,4.9290583968965525,4.947800159454346,304624,0.0,0.0
1992-06-09,4.929058431320373,4.985283374786377,4.929058431320373,4.985283374786377,268233,0.0,0.0
1992-06-10,4.985283374786377,4.985283374786377,4.947800194009057,4.985283374786377,96641,0.0,0.0
1992-06-11,4.9852833399698895,4.9852833399698895,4.9290583968965525,4.947800159454346,354029,0.0,0.0
1992-06-12,4.947800194009057,4.985283374786377,4.947800194009057,4.985283374786377,150143,0.0,0.0
1992-06-15,4.9665405776027765,4.9665405776027765,4.910315990447998,4.910315990447998,456695,0.0,0.0
1992-06-16,4.929057156647612,4.929057156647612,4.779123783111572,4.779123783111572,361741,0.0,0.0
1992-06-17,4.760382369869535,4.81660729879556,4.741640612027541,4.779123783111572,439584,0.0,0.0
1992-06-18,4.760381410976198,4.760381410976198,4.6479315757751465,4.6479315757751465,271607,0.0,0.0
1992-06-19,4.685413098509002,4.704154501412807,4.572963302687106,4.610446453094482,308480,0.0,0.0
1992-06-22,4.572966075553704,4.591707489821565,4.516740798950195,4.516740798950195,349691,0.0,0.0
1992-06-23,4.554225602705928,4.572967712884267,4.5354838371276855,4.5354838371276855,271607,0.0,0.0
1992-06-24,4.574800715463112,4.574800715463112,4.4991841316223145,4.4991841316223145,551890,0.107884,0.0
1992-06-25,4.536991703280078,4.688224829573531,4.536991703280078,4.650416374206543,1077270,0.0,0.0
1992-06-26,4.650419551355143,4.669323444366455,4.631515310756346,4.669323444366455,696972,0.0,0.0
1992-06-29,4.650419705777491,4.801652940414766,4.650419705777491,4.782748699188232,475011,0.0,0.0
1992-06-30,4.8016539009807575,4.896174430847168,4.782749655972449,4.896174430847168,302937,0.0,0.0
1992-07-01,4.9150774634356305,4.990694077228677,4.9150774634356305,4.971789836883545,731435,0.0,0.0
1992-07-02,4.971789836883545,4.990694077228677,4.952885944125894,4.971789836883545,626600,0.0,0.0
1992-07-06,4.990695476531982,4.990695476531982,4.971791230886432,4.990695476531982,493568,0.0,0.0
1992-07-07,4.990695749037956,5.047408141483683,4.990695749037956,5.028503894805908,411146,0.0,0.0
1992-07-08,5.009598664337875,5.047407150268555,5.009598664337875,5.047407150268555,293297,0.0,0.0
1992-07-09,5.047405950012475,5.123022556304932,5.047405950012475,5.123022556304932,310167,0.0,0.0
1992-07-10,5.141925583005955,5.2175421714782715,5.123021348991035,5.2175421714782715,428739,0.0,0.0
1992-07-13,5.21754152035368,5.255349636077881,5.21754152035368,5.255349636077881,495014,0.0,0.0
1992-07-14,5.2175421714782715,5.255350291920747,5.2175421714782715,5.2175421714782715,856032,0.0,0.0
1992-07-15,5.21754350244035,5.236447393690168,5.198638916015625,5.198638916015625,647567,0.0,0.0
1992-07-16,5.160830867910028,5.160830867910028,4.91507714947144,4.952885627746582,888326,0.0,0.0
1992-07-17,4.952887332828461,4.990695476531982,4.896174595891811,4.990695476531982,821569,0.0,0.0
1992-07-20,4.971789519296694,4.971789519296694,4.91507714947144,4.952885627746582,409459,0.0,0.0
1992-07-21,4.9528840921247275,4.9528840921247275,4.896171392295559,4.933979511260986,335472,0.0,0.0
1992-07-22,4.9528840921247275,4.9528840921247275,4.858363273330132,4.933979511260986,405603,0.0,0.0
1992-07-23,4.933980622582417,4.933980622582417,4.89617249510115,4.915076732635498,293297,0.0,0.0
1992-07-24,4.915075625571949,4.9528840921247275,4.877267506606521,4.933979511260986,484169,0.0,0.0
1992-07-27,4.952887332828461,5.009599374589953,4.933982739595332,4.990695476531982,267751,0.0,0.0
1992-07-28,4.952887332828461,4.990695476531982,4.933982739595332,4.990695476531982,436210,0.0,0.0
1992-07-29,4.9717915023601815,5.028503894805908,4.9717915023601815,5.028503894805908,636481,0.0,0.0
1992-07-30,5.047407150268555,5.047407150268555,4.990694768960065,5.047407150268555,218346,0.0,0.0
1992-07-31,5.066311375177406,5.198640032700573,5.047407132279441,5.179736137390137,342461,0.0,0.0
1992-08-03,5.179735024765808,5.198638916015625,5.160830785928536,5.198638916015625,287754,0.0,0.0
1992-08-04,5.217544623186066,5.255352761394467,5.160831894492172,5.179736137390137,856273,0.0,0.0
1992-08-05,5.198639816221069,5.198639816221069,5.104119300842285,5.104119300842285,729507,0.0,0.0
1992-08-06,5.104117898109275,5.104117898109275,5.066309771865837,5.085213661193848,104112,0.0,0.0
1992-08-07,5.066309050479866,5.066309050479866,4.9906924611725305,5.009596347808838,169182,0.0,0.0
1992-08-10,5.028503894805908,5.028503894805908,5.009599648128133,5.028503894805908,114234,0.0,0.0
1992-08-11,5.00959721638997,5.066309928894043,4.971789088974685,5.066309928894043,247989,0.0,0.0
1992-08-12,5.047407150268555,5.047407150268555,5.009598664337875,5.047407150268555,78084,0.0,0.0
1992-08-13,5.047407865881054,5.047407865881054,4.990695476531982,4.990695476531982,301973,0.0,0.0
1992-08-14,4.990693555468172,4.990693555468172,4.839460343693012,4.858364582061768,423678,0.0,0.0
1992-08-17,4.858363273330132,4.933979511260986,4.839459040053742,4.933979511260986,358608,0.0,0.0
1992-08-18,4.896174117922761,4.915078361722861,4.858365977910105,4.877270221710205,402952,0.0,0.0
1992-08-19,4.89617302556197,4.89617302556197,4.744939804077148,4.744939804077148,394035,0.0,0.0
1992-08-20,4.782747976174188,4.858364582061768,4.782747976174188,4.858364582061768,395722,0.0,0.0
1992-08-21,4.858364801569201,4.896172932427491,4.7638439530422865,4.801652431488037,435487,0.0,0.0
1992-08-24,4.782748540371754,4.782748540371754,4.650419551355143,4.669323444366455,271848,0.0,0.0
1992-08-25,4.61260986328125,4.669321870790549,4.555897160597214,4.61260986328125,328242,0.0,0.0
1992-08-26,4.6504187023710095,4.68822717666626,4.612610575663182,4.68822717666626,527308,0.0,0.0
1992-08-27,4.726035822183997,4.858364801569201,4.7071315829611216,4.801652431488037,953396,0.0,0.0
1992-08-28,4.877268820430524,4.877268820430524,4.820556105324256,4.858364582061768,602500,0.0,0.0
1992-08-31,4.858364801569201,4.858364801569201,4.782748192265162,4.801652431488037,109896,0.0,0.0
1992-09-01,4.782748507276513,4.877269362028957,4.782748507276513,4.820556640625,689983,0.0,0.0
1992-09-02,4.820557490309904,4.896174117922761,4.801653594097349,4.877270221710205,788070,0.0,0.0
1992-09-03,4.877270221710205,4.896174117922761,4.858365977910105,4.877270221710205,990510,0.0,0.0
1992-09-04,4.877269133566968,4.877269133566968,4.744939804077148,4.744939804077148,218346,0.0,0.0
1992-09-08,4.763843430081915,4.78274766722954,4.68822717666626,4.68822717666626,460069,0.0,0.0
1992-09-09,4.688227780504675,4.744939804077148,4.688227780504675,4.744939804077148,80012,0.0,0.0
1992-09-10,4.726035912082146,4.763844043659618,4.707131672499677,4.744939804077148,355716,0.0,0.0
1992-09-11,4.726034187977765,4.763842305762458,4.707129955291748,4.707129955291748,441994,0.0,0.0
1992-09-14,4.726035608655364,4.858364582061768,4.726035608655364,4.858364582061768,1311522,0.0,0.0
1992-09-15,4.820556323123451,4.820556323123451,4.782748192265162,4.801652431488037,243651,0.0,0.0
1992-09-16,4.782748192265162,4.801652431488037,4.726035822183997,4.801652431488037,347040,0.0,0.0
1992-09-17,4.782747765069923,4.915076732635498,4.782747765069923,4.915076732635498,367284,0.0,0.0
1992-09-18,4.877267408203289,4.896171293510925,4.82055470951835,4.83945894241333,311131,0.0,0.0
1992-09-21,4.858365089987716,5.009597969986327,4.839460849642585,4.971789836883545,304383,0.0,0.0
1992-09-22,4.9717915023601815,5.10412053392941,4.9717915023601815,5.028503894805908,635517,0.0,0.0
1992-09-23,5.047407865881054,5.047407865881054,4.971791230886432,4.990695476531982,134719,0.0,0.0
1992-09-24,4.954107690368422,4.992216405102259,4.954107690368422,4.973161697387695,163639,0.107884,0.0
1992-09-25,4.9922197973447915,4.9922197973447915,4.916002666434776,4.935056686401367,237385,0.0,0.0
1992-09-28,4.91600270980274,5.068436622619629,4.91600270980274,5.068436622619629,469709,0.0,0.0
1992-09-29,5.068436622619629,5.087490993102198,5.04938225213706,5.068436622619629,226781,0.0,0.0
1992-09-30,5.087490993102198,5.1065453635847655,5.04938225213706,5.068436622619629,232083,0.0,0.0
1992-10-01,5.068436622619629,5.087490993102198,5.030328232002378,5.068436622619629,472842,0.0,0.0
1992-10-02,5.04938225213706,5.068436622619629,5.04938225213706,5.068436622619629,107486,0.0,0.0
1992-10-05,5.049379825592041,5.06843418691779,4.992217442310234,5.049379825592041,200030,0.0,0.0
1992-10-06,5.049380921408966,5.125598032904882,5.030326906295833,5.106544017791748,291128,0.0,0.0
1992-10-07,5.106544017791748,5.144652398365809,5.087489652330821,5.106544017791748,365838,0.0,0.0
1992-10-08,5.1065453635847655,5.1255993837194485,5.030328232002378,5.068436622619629,386082,0.0,0.0
1992-10-09,5.049379825592041,5.06843418691779,5.030325814614011,5.049379825592041,127489,0.0,0.0
1992-10-12,5.049379825592041,5.049379825592041,5.011271453288264,5.049379825592041,199789,0.0,0.0
1992-10-13,5.04938225213706,5.068436622619629,5.030328232002378,5.068436622619629,195210,0.0,0.0
1992-10-14,5.049381815422761,5.068436184257342,5.011273428101453,5.030327796936035,361500,0.0,0.0
1992-10-15,5.049381815422761,5.049381815422761,5.011273428101453,5.030327796936035,197379,0.0,0.0
1992-10-16,5.03032636068372,5.1255974769592285,5.03032636068372,5.1255974769592285,183160,0.0,0.0
1992-10-19,5.12559710180651,5.163705825805664,5.106543090154663,5.163705825805664,229673,0.0,0.0
1992-10-20,5.163704546617157,5.297084346876973,5.144650189337857,5.258975982666016,446814,0.0,0.0
1992-10-21,5.258979367234849,5.354250514250577,5.258979367234849,5.335196495056152,744208,0.0,0.0
1992-10-22,5.316138816941218,5.335193526228174,5.220867722940154,5.297084808349609,413315,0.0,0.0
1992-10-23,5.2589777142365906,5.278031727441971,5.220868987130314,5.239923000335693,517186,0.0,0.0
1992-10-26,5.239923000335693,5.2589777142365906,5.239923000335693,5.239923000335693,354029,0.0,0.0
1992-10-27,5.220868987130314,5.239923000335693,5.201814623577175,5.239923000335693,490194,0.0,0.0
1992-10-28,5.239923077818185,5.239923077818185,5.2018147004961595,5.220869064331055,150384,0.0,0.0
1992-10-29,5.201813697814941,5.201813697814941,5.10654259770008,5.201813697814941,134478,0.0,0.0
1992-10-30,5.2018147004961595,5.239923077818185,5.2018147004961595,5.220869064331055,200030,0.0,0.0
1992-11-02,5.220868987130314,5.239923000335693,5.220868987130314,5.239923000335693,116644,0.0,0.0
1992-11-03,5.239921275039072,5.258975982666016,5.220867268107415,5.258975982666016,132791,0.0,0.0
1992-11-04,5.220868987130314,5.278031727441971,5.220868987130314,5.239923000335693,197379,0.0,0.0
1992-11-05,5.220870053702622,5.2589787885941375,5.1827616691589355,5.1827616691589355,223407,0.0,0.0
1992-11-06,5.201812910828115,5.258975982666016,5.163704546617157,5.258975982666016,550203,0.0,0.0
1992-11-09,5.258975436879301,5.278029441833496,5.2208667262756965,5.278029441833496,393794,0.0,0.0
1992-11-10,5.297083797135299,5.316137802089494,5.278029441833496,5.278029441833496,184124,0.0,0.0
1992-11-11,5.316141775165991,5.335196495056152,5.258979367234849,5.335196495056152,340533,0.0,0.0
1992-11-12,5.297084808349609,5.316138816941218,5.258976440818719,5.297084808349609,208465,0.0,0.0
1992-11-13,5.316140104200489,5.316140104200489,5.220868987130314,5.239923000335693,160024,0.0,0.0
1992-11-16,5.220868987130314,5.239923000335693,5.220868987130314,5.239923000335693,110860,0.0,0.0
1992-11-17,5.258975982666016,5.258975982666016,5.239921275039072,5.258975982666016,151589,0.0,0.0
1992-11-18,5.239920731229891,5.278029441833496,5.201812370973895,5.278029441833496,386323,0.0,0.0
1992-11-19,5.2780318054879745,5.2780318054879745,5.220869064331055,5.220869064331055,239072,0.0,0.0
1992-11-20,5.220869064331055,5.220869064331055,5.2018147004961595,5.220869064331055,372345,0.0,0.0
1992-11-23,5.220868987130314,5.2589777142365906,5.220868987130314,5.239923000335693,365597,0.0,0.0
1992-11-24,5.220867268107415,5.278029989597672,5.220867268107415,5.258975982666016,358367,0.0,0.0
1992-11-25,5.258975175893397,5.449517668412592,5.258975175893397,5.4304633140563965,351137,0.0,0.0
1992-11-27,5.430464690913372,5.430464690913372,5.411410331726074,5.411410331726074,75433,0.0,0.0
1992-11-30,5.430464503558711,5.601953029632568,5.430464503558711,5.601953029632568,603946,0.0,0.0
1992-12-01,5.582899168699505,5.621007891547372,5.525736785123144,5.563845157623291,682512,0.0,0.0
1992-12-02,5.582901477813721,5.582901477813721,5.5447930895517645,5.582901477813721,276668,0.0,0.0
1992-12-03,5.563847458856675,5.582901477813721,5.5447930895517645,5.582901477813721,667088,0.0,0.0
1992-12-04,5.563844312572749,5.601953029632568,5.563844312572749,5.601953029632568,844223,0.0,0.0
1992-12-07,5.601954356560734,5.659116744995117,5.582899643169691,5.659116744995117,494773,0.0,0.0
1992-12-08,5.678170659469189,5.716279029846191,5.678170659469189,5.716279029846191,354511,0.0,0.0
1992-12-09,5.716279029846191,5.754387400223193,5.716279029846191,5.716279029846191,446573,0.0,0.0
1992-12-10,5.716279906588062,5.7353339195251465,5.716279906588062,5.7353339195251465,1014128,0.0,0.0
1992-12-11,5.735335955254885,5.79249906539917,5.716281935554668,5.79249906539917,362946,0.0,0.0
1992-12-14,5.7924971088206885,5.7924971088206885,5.697225641108703,5.77344274520874,188944,0.0,0.0
1992-12-15,5.754388381596791,5.7924971088206885,5.754388381596791,5.77344274520874,371622,0.0,0.0
1992-12-16,5.773442646094824,5.792497009379662,5.697225543303222,5.7353339195251465,429221,0.0,0.0
1992-12-17,5.735333493659788,5.754387855529785,5.678171108745255,5.754387855529785,591896,0.0,0.0
1992-12-18,5.792495762029892,5.849658489227295,5.7543870436665046,5.849658489227295,489230,0.0,0.0
1992-12-21,5.849660919158065,5.925877686849689,5.811552184964429,5.868715286254883,342461,0.0,0.0
1992-12-22,5.868714871297368,5.944931983947754,5.830606139798275,5.944931983947754,610212,0.0,0.0
1992-12-23,5.94493240429433,5.94493240429433,5.868715286254883,5.868715286254883,365115,0.0,0.0
1992-12-24,5.889431476593018,5.90861539013902,5.870247563047014,5.889431476593018,39042,0.107884,0.0
1992-12-28,5.908616737444596,5.92780065536499,5.8702489016038095,5.92780065536499,325591,0.0,0.0
1992-12-29,5.908618293838734,6.004537203247098,5.870250447891441,5.966169357299805,208465,0.0,0.0
1992-12-30,5.966167785746093,5.966167785746093,5.92780065536499,5.92780065536499,281247,0.0,0.0
1992-12-31,5.908616737444596,5.966167785746093,5.908616737444596,5.92780065536499,154722,0.0,0.0
1993-01-04,5.946983337402344,5.966166899744052,5.908615859989139,5.946983337402344,484169,0.0,0.0
1993-01-05,5.946984220555541,5.985352056396328,5.92780065536499,5.92780065536499,405362,0.0,0.0
1993-01-06,5.927802216812381,5.966169357299805,5.927802216812381,5.966169357299805,517668,0.0,0.0
1993-01-07,5.966169357299805,5.966169357299805,5.908618293838734,5.966169357299805,757463,0.0,0.0
1993-01-08,5.946982944625092,5.9661665056997935,5.831880167257818,5.8510637283325195,348727,0.0,0.0
1993-01-11,5.831882953643799,5.831882953643799,5.793515107703284,5.831882953643799,271607,0.0,0.0
1993-01-12,5.831883241850439,5.8510668130387975,5.793515394013818,5.812699317932129,331134,0.0,0.0
1993-01-13,5.812699128677004,5.812699128677004,5.6975959416447255,5.793515205383301,785419,0.0,0.0
1993-01-14,5.793512830787837,5.812696746218601,5.716777874524374,5.735961437225342,644193,0.0,0.0
1993-01-15,5.735961145163167,5.889431755335311,5.735961145163167,5.870247840881348,829040,0.0,0.0
1993-01-18,5.870247563047014,5.889431476593018,5.851063649501012,5.889431476593018,317879,0.0,0.0
1993-01-19,5.889434339364502,6.023720741271973,5.889434339364502,6.023720741271973,327037,0.0,0.0
1993-01-20,6.023718209821377,6.023718209821377,5.946983256044737,5.985351085662842,388974,0.0,0.0
1993-01-21,6.0045356215868795,6.023719186777431,5.8702489016038095,5.92780065536499,249194,0.0,0.0
1993-01-22,5.946983337402344,5.966166899744052,5.927799775060636,5.946983337402344,595270,0.0,0.0
1993-01-25,5.946985787056093,5.966169357299805,5.908618293838734,5.966169357299805,270161,0.0,0.0
1993-01-26,5.9853536330033865,6.004537203247098,5.946985787056093,5.966169357299805,342943,0.0,0.0
1993-01-27,5.966166818124004,6.042902477360214,5.966166818124004,5.985351085662842,443440,0.0,0.0
1993-01-28,6.0237223851004815,6.1580095291137695,5.985355234348164,6.1580095291137695,508751,0.0,0.0
1993-01-29,6.138825248277552,6.196377385326145,6.138825248277552,6.1580095291137695,401024,0.0,0.0
1993-02-01,6.119641672901393,6.177193104489928,6.119641672901393,6.1580095291137695,404639,0.0,0.0
1993-02-02,6.196374080647318,6.2922926118324565,6.196374080647318,6.2347412109375,544901,0.0,0.0
1993-02-03,6.234740832693348,6.234740832693348,6.138821601867676,6.138821601867676,1171742,0.0,0.0
1993-02-04,6.138820491746547,6.2155561447143555,6.138820491746547,6.2155561447143555,410905,0.0,0.0
1993-02-05,6.215557268712069,6.234740832693348,6.138821601867676,6.138821601867676,713119,0.0,0.0
1993-02-08,6.138824196511773,6.196376323699951,6.138824196511773,6.196376323699951,200030,0.0,0.0
1993-02-09,6.177188318230452,6.234739705226551,6.177188318230452,6.2155561447143555,767585,0.0,0.0
1993-02-10,6.215556534292165,6.330659315498759,6.215556534292165,6.31147575378418,707094,0.0,0.0
1993-02-11,6.330662739245866,6.349847016795238,6.177192046150579,6.196376323699951,781804,0.0,0.0
1993-02-12,6.177193263011998,6.196377544340531,6.004538963815656,6.0620903968811035,468504,0.0,0.0
1993-02-16,6.042905049194392,6.062088619438104,5.908618293838734,5.966169357299805,547070,0.0,0.0
1993-02-17,5.927799775060636,5.966166899744052,5.908615859989139,5.946983337402344,425124,0.0,0.0
1993-02-18,5.966169260237209,6.081272796206489,5.966169260237209,6.004537105560303,45790,0.0,0.0
1993-02-19,6.023720741271973,6.062088587014049,6.023720741271973,6.023720741271973,546106,0.0,0.0
1993-02-22,6.062087514132712,6.138822486576279,6.062087514132712,6.119638919830322,595029,0.0,0.0
1993-02-23,6.158007563276978,6.273110389709473,6.138823288565007,6.273110389709473,796023,0.0,0.0
1993-02-24,6.253928062487889,6.426582336425782,6.253928062487889,6.426582336425781,693839,0.0,0.0
1993-02-25,6.426579070962867,6.464946903051434,6.3882112388743,6.445762634277344,417653,0.0,0.0
1993-02-26,6.445764157684836,6.4841319988413515,6.40739631652832,6.40739631652832,167736,0.0,0.0
1993-03-01,6.445762634277343,6.445762634277343,6.407394802188776,6.445762634277344,384877,0.0,0.0
1993-03-02,6.445761128898435,6.503313216320058,6.445761128898435,6.484128952026367,231360,0.0,0.0
1993-03-03,6.503314548476511,6.675968729729977,6.464946717489209,6.637600898742676,370417,0.0,0.0
1993-03-04,6.599237381608892,6.6376052376768655,6.541685950236958,6.580053806304932,520319,0.0,0.0
1993-03-05,6.541684119403062,6.599235534667968,6.522500549468045,6.599235534667969,617201,0.0,0.0
1993-03-08,6.560869693756104,6.599237550807798,6.503318966368674,6.5608696937561035,424883,0.0,0.0
1993-03-09,6.580049893439361,6.675969123840332,6.580049893439361,6.675969123840332,810001,0.0,0.0
1993-03-10,6.6759701246499805,6.752705097198487,6.6376022856458565,6.752705097198486,420304,0.0,0.0
1993-03-11,6.771886579255025,6.925356461118862,6.752702314927457,6.829437255859375,866154,0.0,0.0
1993-03-12,6.7910752712373315,6.7910752712373315,6.656788141279652,6.733523845672607,423678,0.0,0.0
1993-03-15,6.771888399447536,6.848623361004781,6.752704129963495,6.810255527496338,415725,0.0,0.0
1993-03-16,6.810255527496338,6.810255527496338,6.771888399447536,6.810255527496338,378129,0.0,0.0
1993-03-17,6.9061747449011905,6.9061747449011905,6.8486233474819835,6.867806911468506,450670,0.0,0.0
1993-03-18,6.886991918850764,7.059646129608154,6.829439809805251,7.059646129608154,594547,0.0,0.0
1993-03-19,7.05964716750672,7.05964716750672,6.886992931365967,6.886992931365967,495496,0.0,0.0
1993-03-22,6.752704129963495,6.829439091520738,6.733520565939093,6.810255527496338,453080,0.0,0.0
1993-03-23,6.791072936202611,6.829440069746993,6.752705097198487,6.752705097198486,399337,0.0,0.0
1993-03-24,6.867807908751117,6.867807908751117,6.714337258194362,6.752705097198486,824220,0.0,0.0
1993-03-25,6.742658467611801,6.781298541681583,6.742658467611801,6.7619781494140625,424401,0.128631,0.0
1993-03-26,6.800616556098622,6.877895974825443,6.800616556098622,6.85857629776001,307998,0.0,0.0
1993-03-29,6.858580812529172,6.877900502312096,6.800621032714843,6.800621032714844,132068,0.0,0.0
1993-03-30,6.76198094268344,6.800621032714843,6.742661252900515,6.800621032714844,227504,0.0,0.0
1993-03-31,6.839257852208894,6.916537284851074,6.839257852208894,6.916537284851074,202681,0.0,0.0
1993-04-01,6.95517610401735,6.95517610401735,6.85857629776001,6.85857629776001,467540,0.0,0.0
1993-04-02,6.877898725489403,6.877898725489403,6.761979195807168,6.781299591064453,264618,0.0,0.0
1993-04-05,6.742658467611801,6.7619781494140625,6.684698711739759,6.7619781494140625,158337,0.0,0.0
1993-04-06,6.7813002820691555,6.80061996882972,6.704020114096015,6.7233405113220215,211598,0.0,0.0
1993-04-07,6.72334042031042,6.74266010680946,6.684700336846908,6.704020023345947,264859,0.0,0.0
1993-04-08,6.704020023345948,6.72334042031042,6.684700336846908,6.704020023345947,360536,0.0,0.0
1993-04-12,6.723338348013016,6.935857675860529,6.723338348013016,6.916537284851074,802289,0.0,0.0
1993-04-13,6.9358571512089116,6.99381689892258,6.916536761660916,6.955176830291748,417653,0.0,0.0
1993-04-14,6.95517610401735,6.95517610401735,6.8392566206945755,6.85857629776001,319084,0.0,0.0
1993-04-15,6.935857675860529,6.935857675860529,6.858577532753135,6.916537284851074,808796,0.0,0.0
1993-04-16,6.839258297553625,6.839258297553625,6.72333878580954,6.7619781494140625,369212,0.0,0.0
1993-04-19,6.646058179620691,6.684698251027381,6.646058179620691,6.665378570556641,393553,0.0,0.0
1993-04-20,6.665383494272793,6.665383494272793,6.491503399730133,6.588103294372559,553818,0.0,0.0
1993-04-21,6.5494582009981315,6.5494582009981315,6.2210187031570365,6.2982988357543945,923030,0.0,0.0
1993-04-22,6.259659936876849,6.259659936876849,6.047140598297118,6.047140598297119,1031480,0.0,0.0
1993-04-23,6.085779565889117,6.1244196323724305,5.911899977179328,5.969860076904297,563217,0.0,0.0
1993-04-26,6.008499455240515,6.085779588494192,5.950540065765381,5.950540065765381,784696,0.0,0.0
1993-04-27,5.602784209554103,5.989182949066162,5.602784209554103,5.989182949066162,822051,0.0,0.0
1993-04-28,5.989180871007407,6.221019892180641,5.989180871007407,6.201700210571289,893628,0.0,0.0
1993-04-29,6.20170104381279,6.20170104381279,6.105101201856666,6.1244215965271,432113,0.0,0.0
1993-04-30,6.124423227705836,6.143742917056527,5.9891832708543875,6.008502960205078,600090,0.0,0.0
1993-05-03,6.047140079480112,6.0664597593424565,5.892580509185791,5.892580509185791,691188,0.0,0.0
1993-05-04,5.834620221117428,5.9891797771596575,5.834620221117428,5.950540065765381,97605,0.0,0.0
1993-05-05,5.950543536920237,6.105102827889608,5.950543536920237,6.008502960205078,253773,0.0,0.0
1993-05-06,5.9698600990788,6.008499455240515,5.911899999138543,5.950540065765381,332339,0.0,0.0
1993-05-07,5.950539817372985,5.969859849879931,5.757340558001163,5.853940010070801,506341,0.0,0.0
1993-05-10,5.8732615040723966,5.89258118615428,5.81530139212884,5.834621429443359,432836,0.0,0.0
1993-05-11,5.834619977563854,5.892579719852146,5.757340558001163,5.853940010070801,488025,0.0,0.0
1993-05-12,5.815304173083288,5.892584004064953,5.815304173083288,5.873264312744141,266787,0.0,0.0
1993-05-13,5.853943893135044,5.873263938457449,5.815303802490234,5.815303802490234,326796,0.0,0.0
1993-05-14,5.81530081376905,5.81530081376905,5.525502059036329,5.544821739196777,675282,0.0,0.0
1993-05-17,5.506182957380273,5.506182957380273,5.33230367505424,5.390263080596924,1065461,0.0,0.0
1993-05-18,5.4289022373036895,5.5834618099828734,5.4289022373036895,5.544821739196777,935803,0.0,0.0
1993-05-19,5.525504871160925,5.738023947712518,5.525504871160925,5.6993842124938965,468504,0.0,0.0
1993-05-20,5.834621206094687,5.950541070311766,5.815301169519737,5.911900997161865,693598,0.0,0.0
1993-05-21,5.892584004064953,5.892584004064953,5.853944266190523,5.873264312744141,374032,0.0,0.0
1993-05-24,5.834624219636906,5.873264312744141,5.776664435208858,5.873264312744141,354993,0.0,0.0
1993-05-25,5.873261279244587,5.911900997161865,5.834621206094687,5.911900997161865,408254,0.0,0.0
1993-05-26,5.9891821639109395,6.1823811531066895,5.969862478130986,6.1823811531066895,523211,0.0,0.0
1993-05-27,6.1823811531066895,6.221021235132001,6.143741781546783,6.1823811531066895,854586,0.0,0.0
1993-05-28,6.143739747270607,6.163059426653551,6.10509967803955,6.105099678039551,245820,0.0,0.0
1993-06-01,6.105100458332469,6.317619800567627,6.085780776480277,6.317619800567627,545624,0.0,0.0
1993-06-02,6.278981643070453,6.317621729035066,6.124422720142955,6.16306209564209,428739,0.0,0.0
1993-06-03,6.182377006477537,6.182377006477537,6.008497819685575,6.027818202972412,612863,0.0,0.0
1993-06-04,6.0278198082483,6.0278198082483,5.75734076438534,5.776660442352295,352342,0.0,0.0
1993-06-07,5.77666503343257,5.77666503343257,5.525505823157048,5.564145565032959,434282,0.0,0.0
1993-06-08,5.564141325566401,5.795980665875858,5.564141325566401,5.718700885772705,505136,0.0,0.0
1993-06-09,5.795981044176286,5.969860649565546,5.795981044176286,5.892580509185791,413556,0.0,0.0
1993-06-10,5.931220010420984,6.00849943292249,5.911899977179328,5.969860076904297,651182,0.0,0.0
1993-06-11,6.008499455240515,6.066459199948212,5.950540065765381,5.950540065765381,380057,0.0,0.0
1993-06-14,5.989182774499547,6.16306209564209,5.989182774499547,6.16306209564209,460551,0.0,0.0
1993-06-15,6.124418119731328,6.25965725332317,6.124418119731328,6.14373779296875,431149,0.0,0.0
1993-06-16,6.1244215965271,6.182380649142356,6.1244215965271,6.1244215965271,387769,0.0,0.0
1993-06-17,6.124422095766829,6.1823811531066895,6.124422095766829,6.1823811531066895,230155,0.0,0.0
1993-06-18,6.143741781546783,6.1823811531066895,6.124422095766829,6.1823811531066895,212562,0.0,0.0
1993-06-21,6.182379198228627,6.221019268035888,6.143739838886547,6.221019268035889,89170,0.0,0.0
1993-06-22,6.201702181606704,6.240342267571317,6.105102321927909,6.16306209564209,532128,0.0,0.0
1993-06-23,6.182379818496685,6.27897964747395,6.163060136887332,6.201700210571289,552131,0.0,0.0
1993-06-24,6.230517802003168,6.30839967727661,6.191577580363608,6.308399677276611,363428,0.128631,0.0
1993-06-25,6.288927774229404,6.347338806039848,6.288927774229404,6.3278679847717285,421750,0.0,0.0
1993-06-28,6.327867318229383,6.522571214419809,6.327867318229383,6.503100395202637,383431,0.0,0.0
1993-06-29,6.5225734418583245,6.619925423198936,6.464162396253383,6.561514377593994,746618,0.0,0.0
1993-06-30,6.522571214419809,6.542041317640098,6.464160188762058,6.503100395202637,244133,0.0,0.0
1993-07-01,6.503100395202637,6.503100395202637,6.444690085541768,6.503100395202637,220997,0.0,0.0
1993-07-02,6.4641603652118205,6.4641603652118205,6.34733831070747,6.3668084144592285,135924,0.0,0.0
1993-07-06,6.40575272210182,6.48363389425017,6.366811778029005,6.464163780212402,230396,0.0,0.0
1993-07-07,6.425222836139588,6.522574838322985,6.40575272210182,6.464163780212402,192077,0.0,0.0
1993-07-08,6.425219266324596,6.561512136857271,6.425219266324596,6.503100395202637,665160,0.0,0.0
1993-07-09,6.503098370167645,6.5225691833216946,6.4446880786954726,6.483628273010254,266546,0.0,0.0
1993-07-12,6.483628995651985,6.503099094979443,6.44468879699707,6.44468879699707,154722,0.0,0.0
1993-07-13,6.48363473916986,6.48363473916986,6.327871658577498,6.347342491149902,320289,0.0,0.0
1993-07-14,6.269457143476566,6.347338998921791,6.19157600402832,6.19157600402832,536948,0.0,0.0
1993-07-15,6.191575600126848,6.327867764269635,6.191575600126848,6.2889275550842285,25305,0.0,0.0
1993-07-16,6.308397879500566,6.36680891131101,6.288927774229404,6.3278679847717285,172315,0.0,0.0
1993-07-19,6.327867300380779,6.366808222708403,6.249986171722412,6.249986171722412,131104,0.0,0.0
1993-07-20,6.249985004479671,6.249985004479671,6.074751960727084,6.133162975311279,270884,0.0,0.0
1993-07-21,6.133167368214763,6.191578424636091,6.113696538742815,6.152637481689453,308239,0.0,0.0
1993-07-22,6.191576311093192,6.191576311093192,6.035813308474814,6.074754238128662,280524,0.0,0.0
1993-07-23,6.113694667816163,6.172106422359453,6.055283629269913,6.113694667816162,310408,0.0,0.0
1993-07-26,6.113692151335725,6.191573981338178,6.055281136832258,6.1721038818359375,653833,0.0,0.0
1993-07-27,6.172106422359453,6.2110466373922595,6.113694667816163,6.113694667816162,299804,0.0,0.0
1993-07-28,6.133165863200515,6.172106796591458,6.09422492980957,6.09422492980957,174966,0.0,0.0
1993-07-29,6.152637481689453,6.172108311161402,6.133167368214763,6.152637481689453,328001,0.0,0.0
1993-07-30,6.113695038506501,6.152635971897444,6.055283996418627,6.09422492980957,144359,0.0,0.0
1993-08-02,6.0747548211126405,6.133165863200515,6.0747548211126405,6.09422492980957,228709,0.0,0.0
1993-08-03,6.1136921597853835,6.15263307484043,6.094222060256233,6.133162975311279,227745,0.0,0.0
1993-08-04,6.113694148583095,6.211046109891137,6.113694148583095,6.19157600402832,91339,0.0,0.0
1993-08-05,6.191575146229417,6.2694562748877845,6.191575146229417,6.249986171722412,160988,0.0,0.0
1993-08-06,6.249984995841644,6.269455095343885,6.113692151335725,6.1721038818359375,371622,0.0,0.0
1993-08-09,6.172103744709603,6.308395870190759,6.172103744709603,6.2694549560546875,257388,0.0,0.0
1993-08-10,6.230516215753953,6.249987037613749,6.172105898165504,6.19157600402832,180750,0.0,0.0
1993-08-11,6.191575746770978,6.308397809087929,6.191575746770978,6.230515956878662,332580,0.0,0.0
1993-08-12,6.230517802003168,6.30839967727661,6.230517802003168,6.308399677276611,384395,0.0,0.0
1993-08-13,6.308397197215408,6.327867300380779,6.23051535256016,6.249986171722412,96400,0.0,0.0
1993-08-16,6.230516215753953,6.249987037613749,6.19157600402832,6.19157600402832,225335,0.0,0.0
1993-08-17,6.172106796591458,6.191576905288389,6.0747548211126405,6.09422492980957,428016,0.0,0.0
1993-08-18,6.113694102758208,6.152635030188941,6.035812963893717,6.055283069610596,366320,0.0,0.0
1993-08-19,6.016342334473822,6.055282542517963,5.860578996308069,5.899519920349121,847597,0.0,0.0
1993-08-20,5.918990382369648,5.918990382369648,5.880049458328595,5.899519920349121,489230,0.0,0.0
1993-08-23,5.899521622601827,6.01634407043457,5.899521622601827,6.01634407043457,599367,0.0,0.0
1993-08-24,6.0163437790247665,6.09422492980957,6.0163437790247665,6.09422492980957,481518,0.0,0.0
1993-08-25,6.055281136832258,6.1721038818359375,6.055281136832258,6.1721038818359375,341979,0.0,0.0
1993-08-26,6.172105898165504,6.211046109891137,6.172105898165504,6.19157600402832,571411,0.0,0.0
1993-08-27,6.211046417921608,6.211046417921608,6.074754238128662,6.074754238128662,206778,0.0,0.0
1993-08-30,6.113695334631645,6.113695334631645,5.957932667518919,6.01634407043457,615273,0.0,0.0
1993-08-31,5.99687239446147,6.074753891324449,5.99687239446147,6.055283069610596,635999,0.0,0.0
1993-09-01,6.035813808441163,6.074754741320617,6.016343699999973,6.035813808441162,966169,0.0,0.0
1993-09-02,5.99687360279602,6.055284289714553,5.99687360279602,6.01634407043457,137852,0.0,0.0
1993-09-03,5.996873233560246,6.074754741320617,5.977402767120519,6.035813808441162,316433,0.0,0.0
1993-09-07,6.05528341530323,6.133165274610927,6.016343201646397,6.074754238128662,604187,0.0,0.0
1993-09-08,6.113694451785495,6.113694451785495,5.957931807165625,6.074754238128662,582979,0.0,0.0
1993-09-09,6.055281136832258,6.1721038818359375,5.957929565325938,6.1721038818359375,793131,0.0,0.0
1993-09-10,6.172105495534145,6.308397659676932,6.152634674944509,6.2889275550842285,611417,0.0,0.0
1993-09-13,6.269456882983295,6.269456882983295,6.21104585182482,6.230515956878662,298358,0.0,0.0
1993-09-14,6.2305141803426585,6.249984995841644,6.152633066336952,6.1721038818359375,808073,0.0,0.0
1993-09-15,6.152635030188941,6.1915759576196745,6.016342858176837,6.055283069610596,658894,0.0,0.0
1993-09-16,6.074754741320617,6.074754741320617,6.016343699999973,6.035813808441162,204127,0.0,0.0
1993-09-17,5.918993511153582,5.996875042405461,5.88005256652832,5.88005256652832,816026,0.0,0.0
1993-09-20,5.918991197009167,5.977402233111487,5.918991197009167,5.9384613037109375,621298,0.0,0.0
1993-09-21,5.938460876315773,5.977401802913718,5.841109275817871,5.841109275817871,722759,0.0,0.0
1993-09-22,5.880052346431241,5.918993289598899,5.821641289678387,5.860581874847412,1018948,0.0,0.0
1993-09-23,5.880049458328595,5.899519920349121,5.841108892285999,5.899519920349121,473083,0.0,0.0
1993-09-24,5.889313821797619,5.928575752717303,5.889313821797619,5.908944606781006,209670,0.128631,0.0
1993-09-27,5.908941674632642,5.987465858459473,5.908941674632642,5.987465858459473,815544,0.0,0.0
1993-09-28,5.98747194356954,5.98747194356954,5.948209992230291,5.967841148376465,154963,0.0,0.0
1993-09-29,5.987467872519927,6.007099015318328,5.9285748050775755,5.948205947875977,430908,0.0,0.0
1993-09-30,5.9089436622791744,5.987467872519927,5.9089436622791744,5.948205947875977,409700,0.0,0.0
1993-10-01,5.96783629296177,6.046360492706299,5.948205152787437,6.046360492706299,835788,0.0,0.0
1993-10-04,6.1248843775898525,6.1445151558022255,5.889311790466309,5.889311790466309,1921975,0.0,0.0
1993-10-05,5.889312049861414,5.889312049861414,5.57521525319561,5.6537394523620605,3890222,0.0,0.0
1993-10-06,5.810789698775199,5.8500519913219176,5.751896259955121,5.7715277671813965,3138061,0.0,0.0
1993-10-07,5.791158665862303,5.791158665862303,5.6930036544799805,5.6930036544799805,2805481,0.0,0.0
1993-10-08,5.771529802877382,5.771529802877382,5.73226749648232,5.751898288726807,1771832,0.0,0.0
1993-10-11,5.791160595121868,5.791160595121868,5.73226749648232,5.751898288726807,208465,0.0,0.0
1993-10-12,5.771529802877382,5.8107917483193985,5.73226749648232,5.751898288726807,1386714,0.0,0.0
1993-10-13,5.791160595121868,5.791160595121868,5.73226749648232,5.751898288726807,546347,0.0,0.0
1993-10-14,5.830420598224648,5.830420598224648,5.6733725078223465,5.6930036544799805,913390,0.0,0.0
1993-10-15,5.73226423069838,5.73226423069838,5.535953893424078,5.575215816497803,1881246,0.0,0.0
1993-10-18,5.555586332859004,5.614479776478881,5.437800167525142,5.4966936111450195,1877390,0.0,0.0
1993-10-19,5.496689515614212,5.53595142115418,5.437796115875244,5.437796115875244,923512,0.0,0.0
1993-10-20,5.437801014313632,5.457432165243938,5.339645981568106,5.35927677154541,1612772,0.0,0.0
1993-10-21,5.359273596639948,5.4574289321899405,5.359273596639948,5.457428932189941,639132,0.0,0.0
1993-10-22,5.418165683746338,5.457427591751258,5.418165683746338,5.418165683746338,597921,0.0,0.0
1993-10-25,5.418166618381742,5.418166618381742,5.35927320478618,5.378904342651367,472360,0.0,0.0
1993-10-26,5.378903077088953,5.457427249121567,5.35927194384263,5.437796115875244,1729175,0.0,0.0
1993-10-27,5.398536205291748,5.437798488918366,5.398536205291748,5.398536205291748,502967,0.0,0.0
1993-10-28,5.398537385617682,5.418168892676021,5.320013523101807,5.320013523101807,1320680,0.0,0.0
1993-10-29,5.359272280309908,5.418165683746338,5.359272280309908,5.418165683746338,1616387,0.0,0.0
1993-11-01,5.418169380604796,5.516324398065366,5.418169380604796,5.4966936111450195,1217050,0.0,0.0
1993-11-02,5.496692298970112,5.535954224391111,5.437798869409322,5.477060794830322,2070672,0.0,0.0
1993-11-03,5.477061365844276,5.477061365844276,5.339644432067871,5.339644432067871,2410241,0.0,0.0
1993-11-04,5.320010962746497,5.3396420994040685,5.143331815686569,5.221855640411377,2714624,0.0,0.0
1993-11-05,5.182592809742541,5.280747753732793,5.143330904336975,5.261116981506348,1758095,0.0,0.0
1993-11-08,5.280748940443255,5.300380078033962,5.202224751033186,5.2414870262146,848802,0.0,0.0
1993-11-09,5.300380152143381,5.3985351195637925,5.300380152143381,5.378904342651367,760355,0.0,0.0
1993-11-10,5.378903414788718,5.418165683746338,5.378903414788718,5.418165683746338,704202,0.0,0.0
1993-11-11,5.418165343581598,5.477058021415212,5.418165343581598,5.437796115875244,689501,0.0,0.0
1993-11-12,5.437796457272448,5.437796457272448,5.398534188314828,5.418165683746338,661304,0.0,0.0
1993-11-15,5.398534188314828,5.418165683746338,5.359272280309908,5.418165683746338,526103,0.0,0.0
1993-11-16,5.437797792889385,5.477059710537709,5.437797792889385,5.457428932189941,422714,0.0,0.0
1993-11-17,5.477059710537709,5.477059710537709,5.437797792889385,5.457428932189941,691911,0.0,0.0
1993-11-18,5.4574300125962525,5.477060794830322,5.4574300125962525,5.477060794830322,439102,0.0,0.0
1993-11-19,5.477062102318781,5.516324398065366,5.437800167525142,5.4966936111450195,309685,0.0,0.0
1993-11-22,5.477059710537709,5.5359531284393775,5.4574289321899405,5.457428932189941,314023,0.0,0.0
1993-11-23,5.477062102318781,5.4966936111450195,5.437800167525142,5.4966936111450195,435969,0.0,0.0
1993-11-24,5.516324398065366,5.535955545938658,5.457431315398435,5.4966936111450195,419822,0.0,0.0
1993-11-26,5.535955545938658,5.535955545938658,5.477062102318781,5.4966936111450195,52056,0.0,0.0
1993-11-29,5.535953893424078,5.614478100524367,5.535953893424078,5.575215816497803,303178,0.0,0.0
1993-11-30,5.535954224391111,5.535954224391111,5.477060794830322,5.477060794830322,377406,0.0,0.0
1993-12-01,5.4966936111450195,5.535955545938658,5.477062102318781,5.4966936111450195,337400,0.0,0.0
1993-12-02,5.496692298970112,5.496692298970112,5.477060794830322,5.477060794830322,265582,0.0,0.0
1993-12-03,5.477059382836149,5.516321659088135,5.4574286056629235,5.516321659088135,414038,0.0,0.0
1993-12-06,5.535954475402832,5.5948475466810965,5.516323331325785,5.535954475402832,222684,0.0,0.0
1993-12-07,5.535954224391111,5.535954224391111,5.4574300125962525,5.477060794830322,459105,0.0,0.0
1993-12-08,5.477062102318781,5.555586332859004,5.477062102318781,5.4966936111450195,544419,0.0,0.0
1993-12-09,5.516324398065366,5.555586332859004,5.4966936111450195,5.4966936111450195,394276,0.0,0.0
1993-12-10,5.496690881914909,5.516321659088135,5.477059382836149,5.516321659088135,1107636,0.0,0.0
1993-12-13,5.496690881914909,5.516321659088135,5.496690881914909,5.516321659088135,301250,0.0,0.0
1993-12-14,5.496690881914909,5.516321659088135,5.496690881914909,5.516321659088135,426570,0.0,0.0
1993-12-15,5.516321659088135,5.535952797214128,5.496690881914909,5.516321659088135,336677,0.0,0.0
1993-12-16,5.496692548201615,5.555585258527002,5.496692548201615,5.535954475402832,685886,0.0,0.0
1993-12-17,5.535953334088785,5.6733705923918745,5.535953334088785,5.6537394523620605,585871,0.0,0.0
1993-12-20,5.653739554244268,5.673370694627841,5.614477634429932,5.614477634429932,864949,0.0,0.0
1993-12-21,5.634106245985329,5.634106245985329,5.5752132084481145,5.594844341278076,344148,0.0,0.0
1993-12-22,5.5752132084481145,5.614475474108038,5.5752132084481145,5.594844341278076,652869,0.0,0.0
1993-12-23,5.614475474108038,5.634106245985329,5.594844341278076,5.594844341278076,454044,0.0,0.0
1993-12-27,5.584548413222673,5.604351512983247,5.56474494934082,5.56474494934082,102907,0.128631,0.0
1993-12-28,5.584547470446572,5.663760948479986,5.584547470446572,5.604350566864014,330411,0.0,0.0
1993-12-29,5.60434822363564,5.6241516758942955,5.584545135498047,5.584545135498047,335954,0.0,0.0
1993-12-30,5.584547470446572,5.604350566864014,5.584547470446572,5.604350566864014,193282,0.0,0.0
1993-12-31,5.584547470446572,5.624154027402671,5.584547470446572,5.604350566864014,675523,0.0,0.0
1994-01-03,5.584548413222673,5.604351512983247,5.544941849580245,5.56474494934082,477662,0.0,0.0
1994-01-04,5.564747394809631,5.6043539758574585,5.50533734117717,5.5449442863464355,1573248,0.0,0.0
1994-01-05,5.544941849580245,5.56474494934082,5.544941849580245,5.56474494934082,1010513,0.0,0.0
1994-01-06,5.5449442863464355,5.564747394809631,5.5449442863464355,5.5449442863464355,515258,0.0,0.0
1994-01-07,5.564746015628579,5.683566093444824,5.544942912073436,5.683566093444824,572375,0.0,0.0
1994-01-10,5.683568215872401,5.8617987632751465,5.683568215872401,5.8617987632751465,818195,0.0,0.0
1994-01-11,5.861795843442258,5.901402773857049,5.8221892771487695,5.841992378234863,733604,0.0,0.0
1994-01-12,5.861794548578289,5.921204566955566,5.822187991033846,5.921204566955566,806627,0.0,0.0
1994-01-13,5.881597645289901,5.921204566955566,5.841991087745457,5.921204566955566,955565,0.0,0.0
1994-01-14,5.901402480323742,5.980615608970691,5.881598651980079,5.941009044647217,1686036,0.0,0.0
1994-01-17,5.90140436919257,5.980617523193359,5.881600534510274,5.980617523193359,228950,0.0,0.0
1994-01-18,5.941008027788398,5.980614585332843,5.901401470243955,5.921204566955566,1115348,0.0,0.0
1994-01-19,5.941011827999168,5.941011827999168,5.8221917152404785,5.8221917152404785,803735,0.0,0.0
1994-01-20,5.802388668060303,5.822192508379838,5.782585555983773,5.802388668060303,998704,0.0,0.0
1994-01-21,5.782584768239947,5.8221917152404785,5.762781294739681,5.8221917152404785,636481,0.0,0.0
1994-01-24,5.802385743464489,5.802385743464489,5.703369140625,5.703369140625,382708,0.0,0.0
1994-01-25,5.742976073057852,5.742976073057852,5.683565674408575,5.703369140625,649495,0.0,0.0
1994-01-26,5.70336872303871,5.723172187805176,5.683565258272244,5.723172187805176,570929,0.0,0.0
1994-01-27,5.723175166015892,5.8617987632751465,5.723175166015892,5.8617987632751465,631902,0.0,0.0
1994-01-28,5.88160187422541,5.88160187422541,5.782585227109647,5.8617987632751465,755294,0.0,0.0
1994-01-31,5.8617987632751465,5.88160187422541,5.8023883380599095,5.8617987632751465,224371,0.0,0.0
1994-02-01,5.8617990966544005,5.8617990966544005,5.782585555983773,5.802388668060303,435728,0.0,0.0
1994-02-02,5.762779600029436,5.782583067705926,5.683566093444824,5.683566093444824,569001,0.0,0.0
1994-02-03,5.683566093444824,5.742976496474293,5.663762989889681,5.683566093444824,589245,0.0,0.0
1994-02-04,5.663758580411607,5.723168573066512,5.584545135498047,5.584545135498047,690706,0.0,0.0
1994-02-07,5.564741683239391,5.60434822363564,5.544938595101798,5.584545135498047,1573971,0.0,0.0
1994-02-08,5.604350566864014,5.683564044897428,5.584547470446572,5.604350566864014,781322,0.0,0.0
1994-02-09,5.584545135498047,5.60434822363564,5.564741683239391,5.584545135498047,519114,0.0,0.0
1994-02-10,5.56474494934082,5.643958440746951,5.56474494934082,5.56474494934082,621298,0.0,0.0
1994-02-11,5.584548413222673,5.584548413222673,5.56474494934082,5.56474494934082,421027,0.0,0.0
1994-02-14,5.564741683239391,5.60434822363564,5.564741683239391,5.584545135498047,292333,0.0,0.0
1994-02-15,5.624154216506974,5.663761138916016,5.604350755302453,5.663761138916016,669257,0.0,0.0
1994-02-16,5.584550867394263,5.584550867394263,5.465730760129342,5.5449442863464355,6688714,0.0,0.0
1994-02-17,5.683565004389379,5.742975396034935,5.56474494934082,5.56474494934082,4121823,0.0,0.0
1994-02-18,5.604350755302453,5.6835642359993095,5.604350755302453,5.663761138916016,1068353,0.0,0.0
1994-02-22,5.72423230885044,5.784699490217787,5.72423230885044,5.7645440101623535,411628,0.259336,0.0
1994-02-23,5.7846958316125,5.845163345336914,5.7846958316125,5.845163345336914,1797860,0.0,0.0
1994-02-24,5.825009761877251,5.845165607586289,5.784698070459176,5.804853916168213,1877390,0.0,0.0
1994-02-25,5.804851565978222,6.066875971709074,5.804851565978222,6.046720504760742,1542882,0.0,0.0
1994-02-28,6.127344131469727,6.1474996005466975,6.087032452115143,6.127344131469727,3175898,0.0,0.0
1994-03-01,6.228124612638375,6.248280087066027,5.845165410107118,5.966099739074707,12530072,0.0,0.0
1994-03-02,5.999052167892456,6.120490470886231,5.901901525497436,6.071915149688721,2781400,0.0,1.205
1994-03-03,6.0962042808532715,6.0962042808532715,6.023341281480524,6.0962042808532715,1660800,0.0,0.0
1994-03-04,6.096203875635924,6.193354535008608,6.071916210792753,6.144779205322266,1453200,0.0,0.0
1994-03-07,6.193355560302734,6.266218566894532,6.169067891438803,6.193355560302734,1692800,0.0,0.0
1994-03-08,6.193355591967702,6.241930929943919,6.169067922979593,6.2176432609558105,1211400,0.0,0.0
1994-03-09,6.217642342534046,6.24193000793457,6.1690670117329995,6.24193000793457,877600,0.0,0.0
1994-03-10,6.2176432609558105,6.2176432609558105,6.169067922979593,6.2176432609558105,1343200,0.0,0.0
1994-03-11,6.193354746549746,6.314793074913466,6.169067080877002,6.290505409240723,1642200,0.0,0.0
1994-03-14,6.290504019077008,6.339079339687641,6.266216358771691,6.314791679382324,455000,0.0,0.0
1994-03-15,6.314792741840783,6.411943399407565,6.290505077449088,6.387655735015869,1737600,0.0,0.0
1994-03-16,6.339081764221191,6.339081764221191,6.266218755437039,6.339081764221191,1053000,0.0,0.0
1994-03-17,6.387657103410626,6.387657103410626,6.314794094626474,6.339081764221191,694000,0.0,0.0
1994-03-18,6.363369433815908,6.363369433815908,6.314794094626474,6.339081764221191,2126000,0.0,0.0
1994-03-21,6.339085529016894,6.339085529016894,6.217647108920786,6.2662224769592285,1121200,0.0,0.0
1994-03-22,6.266222476959229,6.314797844997672,6.266222476959229,6.2662224769592285,526000,0.0,0.0
1994-03-23,6.290505409240722,6.314793074913466,6.241930077895234,6.290505409240723,462800,0.0,0.0
1994-03-24,6.290510160978451,6.314797844997672,6.2419347929400075,6.2662224769592285,743400,0.0,0.0
1994-03-25,6.2662185346047705,6.2662185346047705,6.14478019091088,6.169067859649658,943600,0.0,0.0
1994-03-28,6.193354677133523,6.266217673335094,6.1690670117329995,6.24193000793457,879600,0.0,0.0
1994-03-29,6.24193000793457,6.314793004136141,6.193354677133523,6.24193000793457,884200,0.0,0.0
1994-03-30,6.241932093612547,6.241932093612547,5.974767684936523,5.974767684936523,1209600,0.0,0.0
1994-03-31,5.950477411349615,5.999052737156551,5.731888445218405,5.829039096832275,1569200,0.0,0.0
1994-04-04,5.780465778757314,5.974767149471846,5.7318904360786815,5.926191806793213,1642000,0.0,0.0
1994-04-05,5.95047676755536,6.07191506893404,5.95047676755536,6.023339748382568,624800,0.0,0.0
1994-04-06,6.047627408658304,6.07191506893404,5.999052088106832,6.023339748382568,807600,0.0,0.0
1994-04-07,6.047629515955767,6.169067859649657,6.023341847216988,6.169067859649658,1287000,0.0,0.0
1994-04-08,6.14478022257487,6.241930898030599,6.120492553710938,6.193355560302734,2438600,0.0,0.0
1994-04-11,6.19335491548885,6.436231578841354,6.120491916483099,6.4119439125061035,1759800,0.0,0.0
1994-04-12,6.4119439125061035,6.460519245176605,6.339080913500353,6.4119439125061035,1941000,0.0,0.0
1994-04-13,6.436231578841354,6.484806911511855,6.363368579835603,6.4119439125061035,1065000,0.0,0.0
1994-04-14,6.387655219958939,6.411942882392243,6.290504570225723,6.363367557525635,1332200,0.0,0.0
1994-04-15,6.387657103410626,6.387657103410626,6.266218755437039,6.339081764221191,1324600,0.0,0.0
1994-04-18,6.339079339687641,6.363366999992957,6.241928698466374,6.314791679382324,566000,0.0,0.0
1994-04-19,6.290510160978451,6.290510160978451,6.2419347929400075,6.2662224769592285,741800,0.0,0.0
1994-04-20,6.2905062679201365,6.2905062679201365,6.144780253991485,6.2176432609558105,623200,0.0,0.0
1994-04-21,6.241930929943919,6.241930929943919,6.169067922979593,6.2176432609558105,708600,0.0,0.0
1994-04-22,6.241930929943919,6.266218598932028,6.193355591967702,6.2176432609558105,726000,0.0,0.0
1994-04-25,6.217643229166667,6.241930898030599,6.120492553710938,6.193355560302734,632600,0.0,0.0
1994-04-26,6.169067280226019,6.169067280226019,6.047628947938106,6.0962042808532715,427200,0.0,0.0
1994-04-28,6.071915028066288,6.071915028066288,5.974764387617228,5.999052047729492,821600,0.0,0.0
1994-04-29,6.023340881106411,6.144779205322266,6.023340881106411,6.144779205322266,925200,0.0,0.0
1994-05-02,6.1690668701654365,6.1690668701654365,6.096203875635924,6.144779205322266,1263800,0.0,0.0
1994-05-03,6.1204903894855125,6.1204903894855125,5.999052088106832,6.023339748382568,889600,0.0,0.0
1994-05-04,6.047627367954023,6.047627367954023,5.974764387617228,5.999052047729492,924200,0.0,0.0
1994-05-05,6.023339707841758,6.071915028066288,5.974764387617228,5.999052047729492,383800,0.0,0.0
1994-05-06,5.950480842986047,5.950480842986047,5.829042458435311,5.853330135345459,980800,0.0,0.0
1994-05-09,5.829039537757012,5.853327202497666,5.731888878794395,5.804751873016357,861000,0.0,0.0
1994-05-10,5.853326759735744,5.901902085542679,5.78046377102534,5.829039096832275,1315400,0.0,0.0
1994-05-11,5.853327202497666,5.901902531978974,5.780464208275704,5.804751873016357,780000,0.0,0.0
1994-05-12,5.85332825952325,5.877615928649902,5.829040590396597,5.877615928649902,669200,0.0,0.0
1994-05-13,5.901901721954346,5.926189383361565,5.853326399139907,5.901901721954346,800000,0.0,0.0
1994-05-16,5.877616990872515,5.974767684936523,5.877616990872515,5.974767684936523,778400,0.0,0.0
1994-05-17,5.9504791531696855,6.096205173247311,5.901903813143811,6.0476298332214355,813600,0.0,0.0
1994-05-18,6.120492553710938,6.217643229166667,6.071917215983073,6.193355560302734,1232800,0.0,0.0
1994-05-19,6.217647108920786,6.290510160978451,6.193359424901564,6.2662224769592285,839200,0.0,0.0
1994-05-20,6.2662185346047705,6.290506203343549,6.169067859649657,6.169067859649658,899600,0.0,0.0
1994-05-23,6.096203839968122,6.1204915046691895,6.047628510565985,6.1204915046691895,723200,0.0,0.0
1994-05-24,6.060622037403167,6.232380556681799,6.060622037403167,6.183306694030762,642200,0.16,0.0
1994-05-25,6.183306694030762,6.207843625356281,6.134232831379724,6.183306694030762,512200,0.0,0.0
1994-05-26,6.158767551301497,6.207841396331788,6.158767551301497,6.207841396331787,1246400,0.0,0.0
1994-05-27,6.134231734185165,6.453211784362793,6.134231734185165,6.453211784362793,648000,0.0,0.0
1994-05-31,6.355063599806566,6.404137449998122,6.330526674710787,6.379600524902344,791800,0.0,0.0
1994-06-01,6.379601791614794,6.4532125815180414,6.3305279316792955,6.428675651550293,1049600,0.0,0.0
1994-06-02,6.4286764517597765,6.45321338478176,6.404139518737793,6.404139518737793,744200,0.0,0.0
1994-06-03,6.404138559644872,6.502286277034066,6.379601630297574,6.477749347686768,848400,0.0,0.0
1994-06-06,6.477749347686768,6.551360135728663,6.477749347686768,6.477749347686768,700000,0.0,0.0
1994-06-07,6.47775013285472,6.551360929818978,6.47775013285472,6.526823997497559,1147200,0.0,0.0
1994-06-08,6.502287065176139,6.575897862140398,6.502287065176139,6.526823997497559,1033000,0.0,0.0
1994-06-09,6.551361735361927,6.551361735361927,6.477750929346624,6.502287864685059,531400,0.0,0.0
1994-06-10,6.477748711299534,6.502285638236274,6.428674857426053,6.453211784362793,597000,0.0,0.0
1994-06-13,6.428677058669756,6.526824800023492,6.404140123331321,6.502287864685059,809400,0.0,0.0
1994-06-14,6.526824151085557,6.551361083984375,6.502287218186739,6.551361083984375,474600,0.0,0.0
1994-06-15,6.551360929818978,6.624971726783237,6.526823997497559,6.526823997497559,606000,0.0,0.0
1994-06-16,6.551360135728663,6.551360135728663,6.477749347686768,6.477749347686768,392600,0.0,0.0
1994-06-17,6.502286277034066,6.551360135728663,6.477749347686768,6.477749347686768,1299600,0.0,0.0
1994-06-20,6.477750929346624,6.502287864685059,6.477750929346624,6.502287864685059,786000,0.0,0.0
1994-06-21,6.477749347686768,6.502286277034066,6.4532124183394695,6.477749347686768,868000,0.0,0.0
1994-06-22,6.477749687224511,6.477749687224511,6.305991172790528,6.305991172790527,586600,0.0,0.0
1994-06-23,6.330527946352959,6.330527946352959,6.256917156279087,6.281454086303711,753000,0.0,0.0
1994-06-24,6.2814552337524905,6.2814552337524905,6.158770561218262,6.158770561218262,704800,0.0,0.0
1994-06-27,6.134232506155968,6.305991016328335,6.134232506155968,6.281454086303711,825400,0.0,0.0
1994-06-28,6.305991016328335,6.330527946352959,6.281454086303711,6.281454086303711,710600,0.0,0.0
1994-06-29,6.281454550253379,6.379602277601088,6.281454550253379,6.35506534576416,583400,0.0,0.0
1994-06-30,6.355066170411952,6.379603105432848,6.256918430328369,6.256918430328369,593000,0.0,0.0
1994-07-01,6.2814586550690406,6.379606446554494,6.2814586550690406,6.330532550811768,748000,0.0,0.0
1994-07-05,6.3550648763775826,6.379601806402206,6.281454086303711,6.281454086303711,570400,0.0,0.0
1994-07-06,6.330530050232654,6.330530050232654,6.183308421157476,6.232382297515869,595600,0.0,0.0
1994-07-07,6.281454086303711,6.305991016328335,6.232380226254463,6.281454086303711,586400,0.0,0.0
1994-07-08,6.281454086303711,6.281454086303711,6.232380226254463,6.281454086303711,531000,0.0,0.0
1994-07-11,6.281456173874262,6.281456173874262,6.183308421157476,6.232382297515869,313800,0.0,0.0
1994-07-12,6.232382297515869,6.281456173874262,6.15877148297828,6.232382297515869,403200,0.0,0.0
1994-07-13,6.256917488007319,6.305991350658356,6.183306694030762,6.183306694030762,575600,0.0,0.0
1994-07-14,6.232382297515869,6.305993112053458,6.207845359336673,6.232382297515869,344200,0.0,0.0
1994-07-15,6.256919235695065,6.281456173874262,6.207845359336673,6.232382297515869,580600,0.0,0.0
1994-07-18,6.256918299245645,6.256918299245645,6.134233626711416,6.158770561218262,597200,0.0,0.0
1994-07-19,6.183307625265683,6.281455365349265,6.183307625265683,6.256918430328369,731600,0.0,0.0
1994-07-20,6.305991172790528,6.35506503405738,6.232380380890249,6.305991172790527,1188200,0.0,0.0
1994-07-21,6.330526008907515,6.330526008907515,6.1833044738166425,6.207841396331787,611400,0.0,0.0
1994-07-22,6.256915241362078,6.256915241362078,6.1342306287863515,6.207841396331787,407000,0.0,0.0
1994-07-25,6.183305419921875,6.2078423461914065,6.1342315673828125,6.1342315673828125,343800,0.0,0.0
1994-07-26,6.1342306287863515,6.232378318846933,6.109693706271206,6.207841396331787,351400,0.0,0.0
1994-07-27,6.1833044738166425,6.232378318846933,6.1342306287863515,6.207841396331787,280200,0.0,0.0
1994-07-28,6.207843296229839,6.305991016328335,6.1833063662052155,6.281454086303711,221200,0.0,0.0
1994-07-29,6.2814528245192305,6.379600524902344,6.2814528245192305,6.379600524902344,661600,0.0,0.0
1994-08-01,6.355065652693825,6.4286764517597765,6.355065652693825,6.404139518737793,624000,0.0,0.0
1994-08-02,6.379601964690806,6.404138895324232,6.305991172790528,6.305991172790527,371000,0.0,0.0
1994-08-03,6.281454242157102,6.305991172790528,6.232380380890249,6.305991172790527,585600,0.0,0.0
1994-08-04,6.2814528245192305,6.404137449998122,6.2814528245192305,6.379600524902344,668600,0.0,0.0
1994-08-05,6.355063599806566,6.404137449998122,6.330526674710787,6.379600524902344,288600,0.0,0.0
1994-08-08,6.379600524902344,6.404137449998122,6.355063599806566,6.379600524902344,349200,0.0,0.0
1994-08-09,6.355063599806566,6.404137449998122,6.355063599806566,6.379600524902344,322000,0.0,0.0
1994-08-10,6.404139209438015,6.404139209438015,6.305991482090306,6.35506534576416,750000,0.0,0.0
1994-08-11,6.355063599806566,6.404137449998122,6.330526674710787,6.379600524902344,590200,0.0,0.0
1994-08-12,6.355063599806566,6.404137449998122,6.305989749615009,6.379600524902344,301800,0.0,0.0
1994-08-15,6.404138721582544,6.50228644145354,6.379601791614794,6.428675651550293,509800,0.0,0.0
1994-08-16,6.453213200533301,6.526823997497559,6.379602403569042,6.526823997497559,606800,0.0,0.0
1994-08-17,6.575897231356788,6.575897231356788,6.379601791614794,6.428675651550293,1076200,0.0,0.0
1994-08-18,6.428675651550293,6.428675651550293,6.355064861647045,6.428675651550293,330200,0.0,0.0
1994-08-19,6.4777503178037446,6.4777503178037446,6.3796025857158085,6.404139518737793,413000,0.0,0.0
1994-08-22,6.428675651550293,6.4532125815180414,6.404138721582544,6.428675651550293,271200,0.0,0.0
1994-08-23,6.477750929346624,6.575898670700361,6.477750929346624,6.502287864685059,560600,0.0,0.0
1994-08-24,6.551361083984375,6.551361083984375,6.477750285287922,6.551361083984375,322000,0.0,0.0
1994-08-25,6.565233933106633,6.614782868450834,6.490910530090332,6.490910530090332,300600,0.16,0.0
1994-08-26,6.540459465434533,6.540459465434533,6.490910530090332,6.490910530090332,441400,0.0,0.0
1994-08-29,6.515684997762432,6.540459465434533,6.490910530090332,6.490910530090332,426200,0.0,0.0
1994-08-30,6.49090966344333,6.5404585921719045,6.49090966344333,6.515684127807617,435600,0.0,0.0
1994-08-31,6.49090966344333,6.5404585921719045,6.49090966344333,6.515684127807617,494200,0.0,0.0
1994-09-01,6.490909400353065,6.515683863713191,6.441360473632812,6.4413604736328125,708000,0.0,0.0
1994-09-02,6.490910103348907,6.490910103348907,6.367037773132324,6.367037773132324,291400,0.0,0.0
1994-09-06,6.367042608039324,6.416591577751692,6.367042608039324,6.391817092895508,438400,0.0,0.0
1994-09-07,6.416588463545759,6.466137409210205,6.367039517881313,6.466137409210205,419600,0.0,0.0
1994-09-08,6.441360473632812,6.490909400353065,6.4165860102726855,6.4413604736328125,467400,0.0,0.0
1994-09-09,6.391812239175641,6.416586705218958,6.342263307089008,6.367037773132324,495600,0.0,0.0
1994-09-12,6.39181318321076,6.416587652913128,6.2183918952941895,6.2183918952941895,347200,0.0,0.0
1994-09-13,6.267942503681334,6.342265932578741,6.267942503681334,6.292716979980469,326800,0.0,0.0
1994-09-14,6.267940437982952,6.292714906117272,6.243165969848633,6.243165969848633,284200,0.0,0.0
1994-09-15,6.267941626552421,6.490911882042428,6.218392680887975,6.466137409210205,661000,0.0,0.0
1994-09-16,6.441366062607877,6.441366062607877,6.34226812318314,6.391817092895508,1292800,0.0,0.0
1994-09-19,6.391817092895509,6.466140547464061,6.367042608039324,6.391817092895508,660400,0.0,0.0
1994-09-20,6.342264243806026,6.342264243806026,6.2183918952941895,6.2183918952941895,657200,0.0,0.0
1994-09-21,6.193617033579993,6.267940437982952,6.144068097311353,6.243165969848633,523000,0.0,0.0
1994-09-22,6.267939523164077,6.267939523164077,6.094518271535032,6.119292736053467,792600,0.0,0.0
1994-09-23,6.144070328259078,6.144070328259078,6.0449724197387695,6.0449724197387695,512200,0.0,0.0
1994-09-26,6.094519054646395,6.11929352234821,6.020195651540951,6.06974458694458,729600,0.0,0.0
1994-09-27,6.044970827654373,6.094519768864655,5.97064741583895,5.995421886444092,665400,0.0,0.0
1994-09-28,5.995422673419239,6.11929504270476,5.9706481995621346,6.094520568847656,691200,0.0,0.0
1994-09-29,6.06974458694458,6.094519054646395,6.044970119242766,6.06974458694458,724800,0.0,0.0
1994-09-30,6.0449724197387695,6.119295851129,6.0449724197387695,6.0449724197387695,759800,0.0,0.0
1994-10-03,6.069746185635135,6.069746185635135,5.945873814499724,5.970648288726807,809000,0.0,0.0
1994-10-04,5.995419645514099,5.995419645514099,5.747675032063103,5.772449493408203,874000,0.0,0.0
1994-10-05,5.77244988186606,5.797224344878361,5.698126492829158,5.74767541885376,589200,0.0,0.0
1994-10-06,5.772449493408203,5.821998416098403,5.747675032063103,5.772449493408203,906400,0.0,0.0
1994-10-07,5.772449493408203,5.821998416098403,5.722900570718004,5.772449493408203,532000,0.0,0.0
1994-10-10,5.772449378725849,5.896321682990352,5.772449378725849,5.871547222137451,320000,0.0,0.0
1994-10-11,5.846775294347787,5.970647652278885,5.846775294347787,5.921098709106445,425600,0.0,0.0
1994-10-12,5.8963254387095825,5.9210999153428165,5.846776485443115,5.846776485443115,237200,0.0,0.0
1994-10-13,5.921096678133364,6.044968993575484,5.921096678133364,6.0201945304870605,583000,0.0,0.0
1994-10-14,6.020196595451323,6.020196595451323,5.921098709106445,5.921098709106445,324200,0.0,0.0
1994-10-17,5.921097671284396,5.995421073015999,5.896323204040528,5.896323204040527,519400,0.0,0.0
1994-10-18,5.896324071017179,5.921098541903805,5.698128303924165,5.722902774810791,1510400,0.0,0.0
1994-10-19,5.747678430671366,5.822001858654185,5.747678430671366,5.797227382659912,1226800,0.0,0.0
1994-10-20,5.772449493408203,5.821998416098403,5.772449493408203,5.772449493408203,970600,0.0,0.0
1994-10-21,5.772451716584045,5.797226187470671,5.698128303924165,5.722902774810791,545200,0.0,0.0
1994-10-24,5.698128943926437,5.722903417595682,5.623805522918701,5.623805522918701,1615400,0.0,0.0
1994-10-25,5.57425594329834,5.623804885016547,5.549481472439235,5.57425594329834,1330400,0.0,0.0
1994-10-26,5.524708674834655,5.599032109922117,5.499934196472168,5.499934196472168,1406600,0.0,0.0
1994-10-27,5.450383509908404,5.549481391906738,5.450383509908404,5.549481391906738,1285600,0.0,0.0
1994-10-28,5.5494791891722555,5.673351492501993,5.5494791891722555,5.59902811050415,1015800,0.0,0.0
1994-10-31,5.648576353314662,5.698125268694616,5.623801895624686,5.673350811004639,974000,0.0,0.0
1994-11-01,5.6238048034054895,5.6238048034054895,5.499932450907571,5.549481391906738,981000,0.0,0.0
1994-11-02,5.499932845077172,5.623805206452785,5.499932845077172,5.524707317352295,430800,0.0,0.0
1994-11-03,5.4999302678403605,5.648577031836046,5.475155807174413,5.59902811050415,518800,0.0,0.0
1994-11-04,5.57425594329834,5.673353826734754,5.57425594329834,5.57425594329834,1365600,0.0,0.0
1994-11-07,5.574255862406322,5.5990303329059055,5.524706921407155,5.549481391906738,1127000,0.0,0.0
1994-11-08,5.5494831531971425,5.599032109922117,5.499934196472168,5.499934196472168,612600,0.0,0.0
1994-11-09,5.549480091441761,5.574254556135697,5.450382232666016,5.450382232666016,987600,0.0,0.0
1994-11-10,5.475156697359952,5.499931162053888,5.425607767972079,5.450382232666016,527800,0.0,0.0
1994-11-11,5.400833259119052,5.400833259119052,5.227412007679449,5.3017354011535645,603600,0.0,0.0
1994-11-14,5.301734653129397,5.35128357512126,5.227411270141602,5.227411270141602,774000,0.0,0.0
1994-11-15,5.227415491285778,5.35128789629255,5.202641010284424,5.202641010284424,1517800,0.0,0.0
1994-11-16,5.227411270141602,5.2769601921334655,5.20263680914567,5.227411270141602,1021000,0.0,0.0
1994-11-17,5.1778651195413925,5.1778651195413925,5.00444379974814,5.053992748260498,2295600,0.0,0.0
1994-11-18,5.00444212956215,5.029216595550082,4.930118731598356,4.979667663574219,1929800,0.0,0.0
1994-11-21,5.004440895234696,5.004440895234696,4.8805685958476985,4.905343055725098,836000,0.0,0.0
1994-11-22,4.930119668520414,4.930119668520414,4.806247315040001,4.831021785736084,800000,0.0,0.0
1994-11-23,4.83102086764663,4.979667663574219,4.781471935670767,4.979667663574219,1010400,0.0,0.0
1994-11-25,5.018816844071492,5.094099096732565,5.018816844071492,5.069005012512207,316400,0.16,0.0
1994-11-28,5.069001710236963,5.119189845981883,4.918437303002201,5.043907642364502,3840400,0.0,0.0
1994-11-29,5.043907301074962,5.043907301074962,4.918436970202451,4.943531036376953,820400,0.0,0.0
1994-11-30,4.968627592233511,4.968627592233511,4.893345355987549,4.893345355987549,694000,0.0,0.0
1994-12-01,4.9184395291027005,4.9184395291027005,4.8180632121822375,4.8431572914123535,586200,0.0,0.0
1994-12-02,4.81806222188104,4.868250370025635,4.792968147808743,4.868250370025635,607200,0.0,0.0
1994-12-05,4.893344444097932,4.9435325922425255,4.81806222188104,4.868250370025635,560600,0.0,0.0
1994-12-06,4.86825093626976,4.86825093626976,4.792968705296516,4.818062782287598,617000,0.0,0.0
1994-12-07,4.8180607055044415,4.943531036376953,4.742778506980935,4.943531036376953,1141800,0.0,0.0
1994-12-08,4.9184395291027005,4.9184395291027005,4.8180632121822375,4.8431572914123535,1056600,0.0,0.0
1994-12-09,4.843157198490241,4.918439434736203,4.818063119741586,4.893345355987549,1628800,0.0,0.0
1994-12-12,4.868250370025635,4.968626666314823,4.843156295953338,4.868250370025635,840800,0.0,0.0
1994-12-13,4.943532425947864,5.018814645632349,4.918438352719702,4.968626499176025,992400,0.0,0.0
1994-12-14,5.01881397416439,5.169378393389322,4.993719904293568,5.0940961837768555,1394000,0.0,0.0
1994-12-15,5.069002113906034,5.169378393389322,5.069002113906034,5.0940961837768555,1580000,0.0,0.0
1994-12-16,5.144287265173279,5.144287265173279,5.04391092829185,5.069005012512207,1910600,0.0,0.0
1994-12-19,5.043908476829529,5.144284764925639,4.993720332781474,5.119190692901611,669800,0.0,0.0
1994-12-20,5.169378836949667,5.169378836949667,5.119190692901611,5.119190692901611,960000,0.0,0.0
1994-12-21,5.119193180952922,5.144287265173279,5.069005012512207,5.069005012512207,1444600,0.0,0.0
1994-12-22,5.094096865316835,5.119190938544996,4.943532425947864,4.968626499176025,1657000,0.0,0.0
1994-12-23,4.9937211396742835,5.018815215753049,4.918438911437988,4.918438911437988,836800,0.0,0.0
1994-12-27,4.943531036376953,5.01881323490046,4.918436970202451,4.943531036376953,631200,0.0,0.0
1994-12-28,4.943532425947864,4.993720572404187,4.918438352719702,4.968626499176025,850200,0.0,0.0
1994-12-29,4.918438352719702,4.993720572404187,4.918438352719702,4.968626499176025,566800,0.0,0.0
1994-12-30,4.943529996871948,5.01881217956543,4.918435935974121,5.01881217956543,1181800,0.0,0.0
1995-01-03,5.018816844071492,5.069005012512207,4.968628675630777,5.069005012512207,488600,0.0,0.0
1995-01-04,5.04391092829185,5.119193180952922,5.018816844071492,5.069005012512207,1158400,0.0,0.0
1995-01-05,5.069002548853557,5.169378836949667,5.069002548853557,5.119190692901611,857000,0.0,0.0
1995-01-06,5.094096109343738,5.144284248352051,5.094096109343738,5.144284248352051,537400,0.0,0.0
1995-01-09,5.169379711151123,5.244661939954295,5.144285634883399,5.169379711151123,1371600,0.0,0.0
1995-01-10,5.144284764925639,5.2446610530217495,5.119190692901611,5.119190692901611,659000,0.0,0.0
1995-01-11,5.119190253647678,5.1442843235185,5.069002113906034,5.0940961837768555,966000,0.0,0.0
1995-01-12,5.144284764925639,5.194472908973694,5.094096620877584,5.119190692901611,883800,0.0,0.0
1995-01-13,5.169379151784457,5.269755445993864,5.144285078232105,5.21956729888916,1073600,0.0,0.0
1995-01-16,5.269756699508091,5.370133017593959,5.269756699508091,5.319944858551025,1121000,0.0,0.0
1995-01-17,5.345038938072492,5.395227097115426,5.319944858551025,5.319944858551025,913600,0.0,0.0
1995-01-18,5.3199427348811446,5.345036804385301,5.144284248352051,5.144284248352051,719600,0.0,0.0
1995-01-19,5.1944723873603635,5.269754595872833,5.069002039839582,5.144284248352051,906000,0.0,0.0
1995-01-20,5.144284248352051,5.169378317856207,5.094096109343738,5.144284248352051,769800,0.0,0.0
1995-01-23,5.144284570046019,5.269754925412995,5.0940964278992285,5.2446608543396,934600,0.0,0.0
1995-01-24,5.269754735108847,5.4705072964463275,5.269754735108847,5.370131015777588,1255200,0.0,0.0
1995-01-25,5.3952250480651855,5.420319118056186,5.370130978074184,5.3952250480651855,1281200,0.0,0.0
1995-01-26,5.370132357985885,5.445414587303444,5.370132357985885,5.420320510864258,790800,0.0,0.0
1995-01-27,5.445415873505754,5.59598036770407,5.445415873505754,5.495604038238525,1394400,0.0,0.0
1995-01-30,5.495604038238525,5.520698120604911,5.4705099558721395,5.495604038238525,676600,0.0,0.0
1995-01-31,5.495600095244266,5.59597635269165,5.445411966520575,5.59597635269165,1155600,0.0,0.0
1995-02-01,5.595977270177433,5.646165407129697,5.570883201701301,5.6210713386535645,1346200,0.0,0.0
1995-02-02,5.621073201497396,5.696355431874593,5.621073201497396,5.646167278289795,806600,0.0,0.0
1995-02-03,5.671260277430217,5.771636565526327,5.671260277430217,5.7214484214782715,1394800,0.0,0.0
1995-02-06,5.721448421478272,5.771636565526327,5.696354349454245,5.7214484214782715,662800,0.0,0.0
1995-02-07,5.771636525616375,5.771636525616375,5.721448381915363,5.746542453765869,514600,0.0,0.0
1995-02-08,5.721447612558093,5.721447612558093,5.595977270177433,5.6210713386535645,708200,0.0,0.0
1995-02-09,5.621070417053496,5.646164481415342,5.570882288329805,5.59597635269165,410600,0.0,0.0
1995-02-10,5.621070417053496,5.646164481415342,5.520694159606112,5.59597635269165,389800,0.0,0.0
1995-02-13,5.59597830085067,5.621072373948655,5.5457901546547,5.5708842277526855,263200,0.0,0.0
1995-02-14,5.570886409388179,5.696356824014039,5.570886409388179,5.671262741088867,899600,0.0,0.0
1995-02-15,5.6712602382143515,5.746542453765869,5.621072094513339,5.746542453765869,422000,0.0,0.0
1995-02-16,5.746543585459391,5.746543585459391,5.595979124704996,5.646167278289795,641200,0.0,0.0
1995-02-17,5.696353544081961,5.696353544081961,5.621071338653565,5.6210713386535645,698000,0.0,0.0
1995-02-21,5.621072373948655,5.621072373948655,5.570884227752685,5.5708842277526855,664200,0.0,0.0
1995-02-22,5.5932594316577475,5.669531151180354,5.5932594316577475,5.618683338165283,730000,0.18,0.0
1995-02-23,5.618679504394531,5.7712228393554685,5.618679504394531,5.720375061035156,695600,0.0,0.0
1995-02-24,5.694954051142154,5.847497463226319,5.694954051142154,5.847497463226318,594600,0.0,0.0
1995-02-27,5.796649659198264,5.872921365240346,5.745801855170209,5.847497463226318,981400,0.0,0.0
1995-02-28,5.8729225171023405,5.9491942381036695,5.8729225171023405,5.898346424102783,676800,0.0,0.0
1995-03-01,5.898346424102783,5.9491942381036695,5.898346424102783,5.898346424102783,1440600,0.0,0.0
1995-03-02,5.898343306321364,5.949191093444824,5.898343306321364,5.949191093444824,704400,0.0,0.0
1995-03-03,5.923767199883094,5.949191093444824,5.898343306321364,5.949191093444824,317600,0.0,0.0
1995-03-06,5.898346424102783,5.898346424102783,5.847498610101898,5.898346424102783,878800,0.0,0.0
1995-03-07,5.847495221881615,5.872919114150665,5.745799652805413,5.771223545074463,1505400,0.0,0.0
1995-03-08,5.7712257571842365,5.847497463226319,5.745801855170209,5.847497463226318,1143800,0.0,0.0
1995-03-09,5.796649659198264,5.847497463226319,5.745801855170209,5.847497463226318,1349600,0.0,0.0
1995-03-10,5.847498893737792,5.974618434906005,5.82207498550415,5.974618434906006,1359000,0.0,0.0
1995-03-13,5.974614987006555,5.974614987006555,5.923767199883094,5.949191093444824,374800,0.0,0.0
1995-03-14,5.974618434906005,6.000042343139648,5.949194526672363,5.974618434906006,1051400,0.0,0.0
1995-03-15,5.974614987006555,5.974614987006555,5.872919412759634,5.949191093444824,745200,0.0,0.0
1995-03-16,5.974618434906005,6.000042343139648,5.92377061843872,5.974618434906006,411200,0.0,0.0
1995-03-17,5.974618145104112,5.974618145104112,5.8729225171023405,5.898346424102783,892200,0.0,0.0
1995-03-20,5.872919114150665,5.898343006419716,5.745799652805413,5.771223545074463,674800,0.0,0.0
1995-03-21,5.771220929757997,5.822068691253662,5.745797049010164,5.822068691253662,1086600,0.0,0.0
1995-03-22,5.796649456024169,5.796649456024169,5.771225554901257,5.79664945602417,806600,0.0,0.0
1995-03-23,5.745799796921866,5.7712236898286005,5.644104225294931,5.694952011108398,2060000,0.0,0.0
1995-03-24,5.720375061035156,5.745798950195312,5.694951171875,5.720375061035156,821800,0.0,0.0
1995-03-27,5.745799064636231,5.771222954302763,5.720375174969699,5.7457990646362305,378000,0.0,0.0
1995-03-28,5.745799652805413,5.771223545074463,5.7203757605363625,5.771223545074463,810400,0.0,0.0
1995-03-29,5.745799064636231,5.796646843969295,5.720375174969699,5.7457990646362305,1380400,0.0,0.0
1995-03-30,5.771223545074463,5.7966474373435135,5.7203757605363625,5.771223545074463,1159800,0.0,0.0
1995-03-31,5.771222954302763,5.771222954302763,5.720375174969699,5.7457990646362305,1202400,0.0,0.0
1995-04-03,5.745799064636231,5.771222954302763,5.694951285303167,5.7457990646362305,571000,0.0,0.0
1995-04-04,5.745802887590417,5.872922420501709,5.6949550744259,5.872922420501709,1019000,0.0,0.0
1995-04-05,5.847497463226319,5.872921365240346,5.822073561212291,5.847497463226318,624000,0.0,0.0
1995-04-06,5.847498610101898,5.898346424102783,5.847498610101898,5.898346424102783,2022200,0.0,0.0
1995-04-07,5.898346424102783,5.898346424102783,5.847498610101898,5.898346424102783,574000,0.0,0.0
1995-04-10,5.847497463226319,5.872921365240346,5.796649659198264,5.847497463226318,403600,0.0,0.0
1995-04-11,5.847495221881615,5.847495221881615,5.7203757605363625,5.771223545074463,505800,0.0,0.0
1995-04-12,5.745797049010164,5.822068691253662,5.745797049010164,5.822068691253662,418200,0.0,0.0
1995-04-13,5.822068691253662,5.872916452749327,5.796644810505829,5.822068691253662,656800,0.0,0.0
1995-04-17,5.847494623302359,5.847494623302359,5.720375174969699,5.7457990646362305,495800,0.0,0.0
1995-04-18,5.7712236898286005,5.7712236898286005,5.694952011108398,5.694952011108398,331600,0.0,0.0
1995-04-19,5.720375174969699,5.771222954302763,5.694951285303167,5.7457990646362305,428600,0.0,0.0
1995-04-20,5.745800701994874,5.745800701994874,5.567833423614502,5.567833423614502,1047000,0.0,0.0
1995-04-21,5.5932588355485775,5.5932588355485775,5.440715412760889,5.466139316558838,2981800,0.0,0.0
1995-04-24,5.491563044556784,5.542410850524902,5.440715238588665,5.542410850524902,1296000,0.0,0.0
1995-04-25,5.542411609932229,5.542411609932229,5.466139890529491,5.49156379699707,3209800,0.0,0.0
1995-04-26,5.466138633763846,5.466138633763846,5.288171329408744,5.415290832519531,1528600,0.0,0.0
1995-04-27,5.389868171126754,5.49156379699707,5.389868171126754,5.49156379699707,1035800,0.0,0.0
1995-04-28,5.491560713153019,5.491560713153019,5.4152890365814494,5.440712928771973,691600,0.0,0.0
1995-05-01,5.440715412760889,5.4915632203567855,5.440715412760889,5.466139316558838,965800,0.0,0.0
1995-05-02,5.466138096998365,5.516985893249512,5.440714198872791,5.516985893249512,908000,0.0,0.0
1995-05-03,5.516985893249512,5.542409791375086,5.491561995123938,5.516985893249512,424600,0.0,0.0
1995-05-04,5.516986947540843,5.6695303654451985,5.516986947540843,5.542410850524902,2037200,0.0,0.0
1995-05-05,5.567832105809992,5.593255996704102,5.516984324021773,5.593255996704102,867200,0.0,0.0
1995-05-08,5.542408214915882,5.618679887598211,5.516984324021773,5.593255996704102,1146200,0.0,0.0
1995-05-09,5.618679887598211,5.69495156028054,5.593255996704102,5.593255996704102,736400,0.0,0.0
1995-05-10,5.5932572711209,5.669528961181641,5.5932572711209,5.669528961181641,1221200,0.0,0.0
1995-05-11,5.669528118201664,5.745799796921866,5.644104225294931,5.694952011108398,2428400,0.0,0.0
1995-05-12,5.694952857868554,5.720376754555467,5.669528961181641,5.669528961181641,966200,0.0,0.0
1995-05-15,5.694951171875,5.745798950195312,5.669527282714843,5.720375061035156,455400,0.0,0.0
1995-05-16,5.771223545074463,5.7966474373435135,5.745799652805413,5.771223545074463,1165800,0.0,0.0
1995-05-17,5.796644810505829,5.822068691253662,5.745797049010164,5.822068691253662,1717400,0.0,0.0
1995-05-18,5.822073561212291,5.872921365240346,5.7712257571842365,5.847497463226318,1335600,0.0,0.0
1995-05-19,5.822073561212291,5.872921365240346,5.7712257571842365,5.847497463226318,1273600,0.0,0.0
1995-05-22,5.847498893737792,5.974618434906005,5.847498893737792,5.974618434906006,1215400,0.0,0.0
1995-05-23,5.971527455216747,6.074484825134277,5.971527455216747,6.074484825134277,2204000,0.18,0.0
1995-05-24,6.074485625898787,6.10022497177124,6.048746280026335,6.10022497177124,2133400,0.0,0.0
1995-05-25,6.100224195663899,6.203181566054851,6.074484853066161,6.151702880859375,767800,0.0,0.0
1995-05-26,6.151702880859375,6.151702880859375,6.125963538261637,6.151702880859375,1419800,0.0,0.0
1995-05-30,6.151701966593088,6.228919982910156,6.125962627820732,6.228919982910156,1288400,0.0,0.0
1995-05-31,6.203183181950303,6.306140579161097,6.203183181950303,6.280401229858398,1078000,0.0,0.0
1995-06-01,6.306138843055663,6.35761752748877,6.280399500839109,6.331878185272217,789000,0.0,0.0
1995-06-02,6.35761755633067,6.486314267997282,6.25466018699738,6.4090962409973145,1296400,0.0,0.0
1995-06-05,6.434835583330638,6.46057492566396,6.4090962409973145,6.4090962409973145,2098800,0.0,0.0
1995-06-06,6.409094475930737,6.460573146420141,6.383355140686036,6.383355140686035,1890200,0.0,0.0
1995-06-07,6.357616901397705,6.383356241079477,6.331877561715934,6.357616901397705,2032800,0.0,0.0
1995-06-08,6.331878460294479,6.357617803629009,6.203181743621827,6.203181743621826,1361000,0.0,0.0
1995-06-09,6.203181537531189,6.203181537531189,6.048745482654894,6.074484825134277,2443600,0.0,0.0
1995-06-12,6.10022497177124,6.177443009388598,6.048746280026335,6.10022497177124,1264200,0.0,0.0
1995-06-13,6.1517030569527655,6.203181743621827,6.125963713618235,6.203181743621826,1316800,0.0,0.0
1995-06-14,6.177439277554735,6.2803965988473145,6.125960616908446,6.25465726852417,1270800,0.0,0.0
1995-06-15,6.254659321682512,6.2803986604548685,6.228919982910156,6.228919982910156,1241200,0.0,0.0
1995-06-16,6.306140579161097,6.331879928463795,6.10022578473951,6.280401229858398,1786400,0.0,0.0
1995-06-19,6.280400018843394,6.48631477355957,6.280400018843394,6.48631477355957,1199200,0.0,0.0
1995-06-20,6.460574658836905,6.563532023917971,6.460574658836905,6.537792682647705,1150000,0.0,0.0
1995-06-21,6.512054117899092,6.563532806578136,6.48631477355957,6.48631477355957,1233000,0.0,0.0
1995-06-22,6.486315901641253,6.6150126457214355,6.486315901641253,6.6150126457214355,1300400,0.0,0.0
1995-06-23,6.589273296905399,6.6150126457214355,6.537794599273326,6.6150126457214355,951400,0.0,0.0
1995-06-26,6.615009929984808,6.615009929984808,6.563531253486872,6.58927059173584,733200,0.0,0.0
1995-06-27,6.563533782958984,6.615012479295918,6.563533782958984,6.563533782958984,1039200,0.0,0.0
1995-06-28,6.563531253486872,6.615009929984808,6.563531253486872,6.58927059173584,862200,0.0,0.0
1995-06-29,6.563532023917971,6.589271365188238,6.512053341377438,6.537792682647705,656800,0.0,0.0
1995-06-30,6.537793615424776,6.563532960367392,6.460575580596924,6.460575580596924,817400,0.0,0.0
1995-07-03,6.512052536010741,6.512052536010741,6.486313197923742,6.512052536010742,196200,0.0,0.0
1995-07-05,6.434835583330638,6.46057492566396,6.4090962409973145,6.4090962409973145,1619600,0.0,0.0
1995-07-06,6.409095183662746,6.512052536010741,6.383355845575747,6.512052536010742,1131400,0.0,0.0
1995-07-07,6.48631477355957,6.563532806578136,6.460575429220048,6.48631477355957,408600,0.0,0.0
1995-07-10,6.460575429220048,6.537793462238614,6.434836084880526,6.48631477355957,560600,0.0,0.0
1995-07-11,6.4348362356543065,6.5120542704821585,6.383357545769072,6.460575580596924,804800,0.0,0.0
1995-07-12,6.409096890711689,6.537793615424776,6.383357545769072,6.460575580596924,689400,0.0,0.0
1995-07-13,6.460575580596924,6.563532960367392,6.460575580596924,6.460575580596924,1197200,0.0,0.0
1995-07-14,6.460574658836905,6.563532023917971,6.357617293755839,6.537792682647705,583400,0.0,0.0
1995-07-17,6.4863141174316405,6.53779280090332,6.434835433959961,6.434835433959961,518800,0.0,0.0
1995-07-18,6.4090962409973145,6.46057492566396,6.35761755633067,6.4090962409973145,550600,0.0,0.0
1995-07-19,6.357616901397705,6.4090955807612495,6.254659542670617,6.357616901397705,450400,0.0,0.0
1995-07-20,6.383357545769072,6.460575580596924,6.331878855883837,6.460575580596924,493800,0.0,0.0
1995-07-21,6.486312481664843,6.486312481664843,6.383355140686036,6.383355140686035,501800,0.0,0.0
1995-07-24,6.383355845575747,6.512052536010741,6.383355845575747,6.512052536010742,518600,0.0,0.0
1995-07-25,6.486314000107171,6.563532023917971,6.460574658836905,6.537792682647705,468800,0.0,0.0
1995-07-26,6.512052536010741,6.563531212184739,6.512052536010741,6.512052536010742,495000,0.0,0.0
1995-07-27,6.537794599273326,6.640751994537473,6.537794599273326,6.6150126457214355,606200,0.0,0.0
1995-07-28,6.615012479295918,6.640751827464385,6.537794434790518,6.563533782958984,661800,0.0,0.0
1995-07-31,6.58927059173584,6.615009929984808,6.537791915237904,6.58927059173584,825000,0.0,0.0
1995-08-01,6.589271365188238,6.615010706458504,6.460574658836905,6.537792682647705,1037800,0.0,0.0
1995-08-02,6.563531253486872,6.615009929984808,6.563531253486872,6.58927059173584,801800,0.0,0.0
1995-08-03,6.537792682647705,6.589271365188238,6.512053341377438,6.537792682647705,417400,0.0,0.0
1995-08-04,6.537793615424776,6.537793615424776,6.383357545769072,6.460575580596924,404400,0.0,0.0
1995-08-07,6.486313197923742,6.53779187409774,6.434834521749745,6.512052536010742,236600,0.0,0.0
1995-08-08,6.53779280090332,6.53779280090332,6.434835433959961,6.434835433959961,472400,0.0,0.0
1995-08-09,6.486314925539541,6.486314925539541,6.409096890711689,6.460575580596924,190400,0.0,0.0
1995-08-10,6.460575429220048,6.48631477355957,6.4090967405410035,6.48631477355957,726000,0.0,0.0
1995-08-11,6.4605747756958,6.4863141174316405,6.357617408752441,6.434835433959961,395000,0.0,0.0
1995-08-14,6.434835583330638,6.46057492566396,6.383356898663992,6.4090962409973145,283200,0.0,0.0
1995-08-15,6.383356898663992,6.4090962409973145,6.35761755633067,6.4090962409973145,456000,0.0,0.0
1995-08-16,6.383355140686036,6.4219641435530885,6.331876470196632,6.383355140686035,410400,0.0,0.0
1995-08-17,6.357615805441334,6.383355140686036,6.331876470196632,6.383355140686035,332000,0.0,0.0
1995-08-18,6.383356750488281,6.434835433959961,6.357617408752441,6.434835433959961,568000,0.0,0.0
1995-08-21,6.434833811175439,6.434833811175439,6.383355140686036,6.383355140686035,385200,0.0,0.0
1995-08-22,6.357615805441334,6.383355140686036,6.30613713495193,6.383355140686035,251800,0.0,0.0
1995-08-23,6.383356869705325,6.383356869705325,6.331878185272217,6.331878185272217,255200,0.0,0.0
1995-08-24,6.331878185272217,6.383356869705325,6.306138843055663,6.331878185272217,315800,0.0,0.0
1995-08-25,6.380837838495931,6.458970546722411,6.380837838495931,6.458970546722412,523800,0.18,0.0
1995-08-28,6.511061545835442,6.537105792018783,6.458973053468759,6.4850172996521,1472000,0.0,0.0
1995-08-29,6.511061545835442,6.537105792018783,6.4850172996521005,6.4850172996521,1913600,0.0,0.0
1995-08-30,6.4850172996521005,6.537105792018783,6.458973053468759,6.4850172996521,882800,0.0,0.0
1995-08-31,6.485014782797905,6.485014782797905,6.406882074571424,6.458970546722412,664400,0.0,0.0
1995-09-01,6.458970546722411,6.458970546722411,6.432926310646918,6.458970546722412,584800,0.0,0.0
1995-09-05,6.4589738845825195,6.563150882720947,6.432929635047913,6.563150882720947,788000,0.0,0.0
1995-09-06,6.53710663318634,6.641283631324768,6.511062383651733,6.563150882720947,1430200,0.0,0.0
1995-09-07,6.563150161743164,6.563150161743164,6.485017421722412,6.511061668395996,640800,0.0,0.0
1995-09-08,6.53710663318634,6.563150882720947,6.4850181341171265,6.563150882720947,893400,0.0,0.0
1995-09-11,6.563148321107376,6.745457996693692,6.537104081737903,6.719413757324219,1738600,0.0,0.0
1995-09-12,6.7715038183524126,6.901725045628421,6.745459572897212,6.849636554718018,3003400,0.0,0.0
1995-09-13,6.849635977494089,6.979857193796258,6.849635977494089,6.927768707275391,2592200,0.0,0.0
1995-09-14,6.979860396612259,7.110081672668457,6.953816141401019,7.110081672668457,1912200,0.0,0.0
1995-09-15,7.16217414452611,7.292395492608403,7.0840413356767336,7.266351222991943,3311600,0.0,0.0
1995-09-18,7.266346220505366,7.266346220505366,7.110080710386971,7.214257717132568,1840200,0.0,0.0
1995-09-19,7.188215691702706,7.318436990465436,7.188215691702706,7.292392730712891,1719600,0.0,0.0
1995-09-20,7.29239273071289,7.318436990465436,7.29239273071289,7.292392730712891,1224400,0.0,0.0
1995-09-21,7.292388418446416,7.292388418446416,7.188211441040039,7.188211441040039,1135000,0.0,0.0
1995-09-22,7.13612295233685,7.214255685391633,7.110078707985256,7.188211441040039,1130400,0.0,0.0
1995-09-25,7.136125927879697,7.2142586935134165,7.110081672668457,7.110081672668457,1131000,0.0,0.0
1995-09-26,7.110081672668457,7.162170183090937,7.057993162245978,7.110081672668457,672600,0.0,0.0
1995-09-27,7.084037417457218,7.136125927879697,7.057993162245978,7.110081672668457,921600,0.0,0.0
1995-09-28,7.031947139405856,7.188212631392653,7.031947139405856,7.136124134063721,707400,0.0,0.0
1995-09-29,7.110079885399254,7.188212631392653,7.0840356367347885,7.136124134063721,403200,0.0,0.0
1995-10-02,7.110081672668457,7.162170183090937,7.084037417457218,7.110081672668457,2607000,0.0,0.0
1995-10-03,7.110079885399254,7.162168382728186,7.0840356367347885,7.136124134063721,614000,0.0,0.0
1995-10-04,7.110081293600069,7.266346816536334,7.110081293600069,7.240302562713623,792200,0.0,0.0
1995-10-05,7.214262683759027,7.266351222991944,7.188218414142568,7.266351222991943,1162400,0.0,0.0
1995-10-06,7.266341477526465,7.318429946899415,7.266341477526465,7.318429946899414,709600,0.0,0.0
1995-10-09,7.29239273071289,7.318436990465436,7.240304211207798,7.292392730712891,385600,0.0,0.0
1995-10-10,7.24029724283999,7.318429946899415,7.2142530081535154,7.318429946899414,840800,0.0,0.0
1995-10-11,7.292388822974228,7.474698543548584,7.292388822974228,7.474698543548584,661800,0.0,0.0
1995-10-12,7.474702617578339,7.5007468775699015,7.422614097595216,7.422614097595215,990400,0.0,0.0
1995-10-13,7.474702617578339,7.5007468775699015,7.422614097595216,7.422614097595215,704000,0.0,0.0
1995-10-16,7.448658357586778,7.474702617578339,7.422614097595216,7.422614097595215,927200,0.0,0.0
1995-10-17,7.474698543548584,7.5528312809375935,7.448654297752247,7.474698543548584,1735200,0.0,0.0
1995-10-18,7.500746250152589,7.552834765778648,7.474701992339559,7.500746250152588,1287400,0.0,0.0
1995-10-19,7.526790507965618,7.526790507965618,7.474701992339559,7.500746250152588,1029600,0.0,0.0
1995-10-20,7.474696027649033,7.500740264679169,7.422607553588761,7.4486517906188965,901000,0.0,0.0
1995-10-23,7.422608246266002,7.448652485726584,7.344475527884255,7.39656400680542,520600,0.0,0.0
1995-10-24,7.370525509970528,7.396569769723074,7.214259951455252,7.292392730712891,1080600,0.0,0.0
1995-10-25,7.292389626050517,7.318433874714984,7.031947139405856,7.136124134063721,1175400,0.0,0.0
1995-10-26,7.084031654556444,7.136120122604654,6.927766250411817,7.005898952484131,2435000,0.0,0.0
1995-10-27,6.979858642076924,7.136124134063721,6.927770144747991,7.136124134063721,1125200,0.0,0.0
1995-10-30,7.110078687176985,7.110078687176985,7.057990198626238,7.084034442901611,1436600,0.0,0.0
1995-10-31,7.057989470163982,7.136122194925944,7.03194522857666,7.03194522857666,825600,0.0,0.0
1995-11-01,7.057993162245978,7.110081672668457,7.005904651823498,7.110081672668457,1994800,0.0,0.0
1995-11-02,7.110080710386971,7.240301968818967,7.084036458700572,7.214257717132568,2020200,0.0,0.0
1995-11-03,7.1882137090509595,7.266346466758034,7.1491473301974215,7.162169456481934,1208400,0.0,0.0
1995-11-06,7.162167196688444,7.188211441040039,7.084034463633661,7.188211441040039,647200,0.0,0.0
1995-11-07,7.1882137090509595,7.1882137090509595,7.136125203912909,7.162169456481934,394800,0.0,0.0
1995-11-08,7.188208773467041,7.318429946899415,7.162164538780566,7.318429946899414,965200,0.0,0.0
1995-11-09,7.318439762224862,7.344484031841319,7.214262683759027,7.266351222991943,852000,0.0,0.0
1995-11-10,7.214262683759027,7.318439762224862,7.214262683759027,7.266351222991943,494800,0.0,0.0
1995-11-13,7.214259951455252,7.29239273071289,7.188215691702706,7.292392730712891,519000,0.0,0.0
1995-11-14,7.266346816536334,7.292391070359045,7.214258308890912,7.240302562713623,582000,0.0,0.0
1995-11-15,7.240301135583971,7.344478130340575,7.240301135583971,7.344478130340576,1194000,0.0,0.0
1995-11-16,7.344474842498353,7.448651790618897,7.318430605468217,7.4486517906188965,1058800,0.0,0.0
1995-11-17,7.448658357586778,7.448658357586778,7.344481317620529,7.422614097595215,1009600,0.0,0.0
1995-11-20,7.370525577612091,7.474702617578339,7.370525577612091,7.422614097595215,643800,0.0,0.0
1995-11-21,7.396563316558625,7.448651790618897,7.396563316558625,7.4486517906188965,775400,0.0,0.0
1995-11-22,7.422614097595216,7.448658357586778,7.3965698376036535,7.422614097595215,556800,0.0,0.0
1995-11-24,7.393145717917398,7.44576597213745,7.393145717917398,7.445765972137451,79800,0.18,0.0
1995-11-27,7.472072307880108,7.551002649160532,7.472072307880108,7.524692535400391,1116600,0.0,0.0
1995-11-28,7.4983855905433145,7.551005840301513,7.472075465664215,7.551005840301514,420200,0.0,0.0
1995-11-29,7.551008841570686,7.603629112243652,7.49838857089772,7.603629112243652,755400,0.0,0.0
1995-11-30,7.603624385898396,7.7614850997924805,7.603624385898396,7.7614850997924805,1082000,0.0,0.0
1995-12-01,7.761482525197311,7.761482525197311,7.682552194432593,7.7088623046875,1022800,0.0,0.0
1995-12-04,7.682553652170542,7.78779411315918,7.629933421676223,7.78779411315918,1237400,0.0,0.0
1995-12-05,7.7877929713450325,7.7877929713450325,7.682552525786316,7.735172748565674,1033400,0.0,0.0
1995-12-06,7.708863944815309,7.840414524078369,7.708863944815309,7.840414524078369,1215000,0.0,0.0
1995-12-07,7.8141062863885535,7.8141062863885535,7.656245553330199,7.682555675506592,674800,0.0,0.0
1995-12-08,7.708862637175995,7.761482859955353,7.682552525786316,7.735172748565674,388600,0.0,0.0
1995-12-11,7.735172414942405,7.761482525197311,7.708862304687499,7.7088623046875,415000,0.0,0.0
1995-12-12,7.682552525786316,7.735172748565675,7.682552525786316,7.735172748565674,490400,0.0,0.0
1995-12-13,7.735179788926069,7.735179788926069,7.577318976907169,7.603629112243652,563200,0.0,0.0
1995-12-14,7.577313423156738,7.603623539209366,7.524693191051483,7.577313423156738,614400,0.0,0.0
1995-12-15,7.524692283053579,7.656242847442628,7.524692283053579,7.656242847442627,2108000,0.0,0.0
1995-12-18,7.603626734797609,7.682557116127687,7.44576597213745,7.445765972137451,1008000,0.0,0.0
1995-12-19,7.41945183154234,7.656242847442628,7.41945183154234,7.656242847442627,671800,0.0,0.0
1995-12-20,7.656243771314621,7.787794351577759,7.551003307104111,7.577313423156738,725000,0.0,0.0
1995-12-21,7.577312762920673,7.629932990440955,7.4457621941199665,7.524692535400391,457800,0.0,0.0
1995-12-22,7.5246963534675295,7.5246963534675295,7.419455845027424,7.445765972137451,599400,0.0,0.0
1995-12-26,7.445764233773215,7.498384475708007,7.445764233773215,7.498384475708008,239400,0.0,0.0
1995-12-27,7.498382421640249,7.551002649160532,7.472072307880108,7.524692535400391,397000,0.0,0.0
1995-12-28,7.498384475708007,7.537849657159102,7.472074354740611,7.498384475708008,269800,0.0,0.0
1995-12-29,7.498383250729791,7.682554067414383,7.445763017391337,7.629933834075928,656000,0.0,0.0
1996-01-02,7.551003484068246,7.629933834075928,7.472073134060564,7.629933834075928,1072400,0.0,0.0
1996-01-03,7.629931973922781,7.761482525197311,7.629931973922781,7.7088623046875,1051200,0.0,0.0
1996-01-04,7.656246989017661,7.656246989017661,7.366835590807372,7.445765972137451,1121800,0.0,0.0
1996-01-05,7.393146692200258,7.445766953354708,7.235285908736907,7.287906169891357,885800,0.0,0.0
1996-01-08,7.261594295501708,7.287904419760773,7.20897404698358,7.261594295501709,512000,0.0,0.0
1996-01-09,7.208969255943438,7.287899576263987,7.156349042396406,7.182659149169922,898400,0.0,0.0
1996-01-10,7.1300439834594735,7.1300439834594735,7.024803481858595,7.130043983459473,1300400,0.0,0.0
1996-01-11,7.130042052980679,7.2352825260874045,7.051111698150635,7.051111698150635,1344400,0.0,0.0
1996-01-12,7.103733858059254,7.182664234259912,7.024803481858595,7.130043983459473,858000,0.0,0.0
1996-01-15,7.130041420238169,7.156351536180007,7.024800956470815,7.077421188354492,368000,0.0,0.0
1996-01-16,7.130042400430231,7.235282878665363,7.103732280871447,7.156352519989014,995200,0.0,0.0
1996-01-17,7.156349042396406,7.26158946949047,7.156349042396406,7.182659149169922,740800,0.0,0.0
1996-01-18,7.182663922724516,7.314214544019837,7.182663922724516,7.261594295501709,983600,0.0,0.0
1996-01-19,7.366835594177246,7.419455848421369,7.340525467055184,7.366835594177246,1487600,0.0,0.0
1996-01-22,7.393143200538528,7.498383673144059,7.366833082387146,7.472073554992676,746400,0.0,0.0
1996-01-23,7.4457621941199665,7.524692535400391,7.4457621941199665,7.524692535400391,529600,0.0,0.0
1996-01-24,7.524695715422414,7.551005840301513,7.4983855905433145,7.551005840301514,764200,0.0,0.0
1996-01-25,7.551002649160532,7.551002649160532,7.498382421640249,7.524692535400391,376400,0.0,0.0
1996-01-26,7.472072958946228,7.577313423156738,7.472072958946228,7.577313423156738,626200,0.0,0.0
1996-01-29,7.551008841570686,7.629939247580135,7.524698706234203,7.603629112243652,617400,0.0,0.0
1996-01-30,7.603622621687008,7.656242847442628,7.577312508809198,7.656242847442627,821000,0.0,0.0
1996-01-31,7.656242084177687,7.735172414942405,7.6036218636678745,7.7088623046875,876600,0.0,0.0
1996-02-01,7.708862637175995,7.735172748565675,7.656242414396637,7.735172748565674,1620200,0.0,0.0
1996-02-02,7.735172748565675,7.7877929713450325,7.708862637175995,7.735172748565674,1635400,0.0,0.0
1996-02-05,7.708864861827785,7.7614850997924805,7.656244623863091,7.7614850997924805,952000,0.0,0.0
1996-02-06,7.735172748565675,7.7877929713450325,7.708862637175995,7.735172748565674,1905600,0.0,0.0
1996-02-07,7.735173882664861,7.78779411315918,7.708863767417701,7.78779411315918,596800,0.0,0.0
1996-02-08,7.761485759417216,7.919346486727397,7.735175638198853,7.893036365509033,965400,0.0,0.0
1996-02-09,7.86673055032287,7.919350821562488,7.761490007843634,7.814110279083252,683800,0.0,0.0
1996-02-12,7.840416123072306,7.919346486727397,7.78779588063558,7.893036365509033,520200,0.0,0.0
1996-02-13,7.840416123072306,7.94565660794576,7.840416123072306,7.893036365509033,586200,0.0,0.0
1996-02-14,7.893035694704217,7.893035694704217,7.708864861827785,7.7614850997924805,485800,0.0,0.0
1996-02-15,7.735173882664861,7.8667244589006575,7.735173882664861,7.78779411315918,465800,0.0,0.0
1996-02-16,7.814103082734712,7.814103082734712,7.682552525786316,7.735172748565674,500800,0.0,0.0
1996-02-20,7.682552960320437,7.708863073198247,7.577312508809198,7.656242847442627,659200,0.0,0.0
1996-02-21,7.656242414396637,7.761482859955353,7.6299323030069575,7.735172748565674,637200,0.0,0.0
1996-02-22,7.840414407237477,7.94565486907959,7.814104291776948,7.94565486907959,732600,0.0,0.0
1996-02-23,7.893032692746574,7.9193428017223955,7.735172038891642,7.866722583770752,1367000,0.0,0.0
1996-02-26,7.866722966216936,7.893033076471842,7.708862304687499,7.7088623046875,432800,0.0,0.0
1996-02-27,7.735174980810132,7.814105337757175,7.708864861827785,7.7614850997924805,740600,0.0,0.0
1996-02-28,7.814108202227722,7.9456588453628685,7.814108202227722,7.91934871673584,995400,0.0,0.0
1996-02-29,7.840418330854751,7.9456588453628685,7.840418330854751,7.91934871673584,1077600,0.0,0.0
1996-03-01,7.945652910698218,7.945652910698218,7.84041247479493,7.866722583770752,591400,0.0,0.0
1996-03-04,7.919348716735839,7.9456588453628685,7.89303858810881,7.91934871673584,655200,0.0,0.0
1996-03-05,7.8667245226980045,7.94565486907959,7.814104291776948,7.94565486907959,951000,0.0,0.0
1996-03-06,7.919344753619062,7.971964984540119,7.8667245226980045,7.94565486907959,705000,0.0,0.0
1996-03-07,7.9456588453628685,7.971968973989898,7.866728459481781,7.91934871673584,816800,0.0,0.0
1996-03-08,7.866724014282227,7.866724014282227,7.472072307880108,7.524692535400391,834600,0.0,0.0
1996-03-11,7.498384475708007,7.498384475708007,7.366833870871025,7.498384475708008,1058200,0.0,0.0
1996-03-12,7.472074354740611,7.577314838610197,7.419454112805818,7.498384475708008,938800,0.0,0.0
1996-03-13,7.551002649160532,7.577312762920673,7.472072307880108,7.524692535400391,691200,0.0,0.0
1996-03-14,7.577313600737473,7.682554067414383,7.577313600737473,7.629933834075928,511000,0.0,0.0
1996-03-15,7.629931973922781,7.761482525197311,7.524691532903156,7.7088623046875,1358600,0.0,0.0
1996-03-18,7.761485759417216,7.94565660794576,7.735175638198853,7.893036365509033,1151800,0.0,0.0
1996-03-19,7.89303858810881,7.9982791026169275,7.840418330854751,7.91934871673584,1524200,0.0,0.0
1996-03-20,7.91934323155023,8.050893783569336,7.91934323155023,8.050893783569336,1247600,0.0,0.0
1996-03-21,8.050899183595336,8.103519439697266,8.02458905554437,8.103519439697266,1114600,0.0,0.0
1996-03-22,8.208754539489746,8.208754539489746,8.15613431808276,8.208754539489746,936200,0.0,0.0
1996-03-25,8.208757863461393,8.23506798481864,8.1035173780324,8.129827499389648,572600,0.0,0.0
1996-03-26,8.077205958131882,8.103516075259348,7.998275606749487,8.024585723876953,892600,0.0,0.0
1996-03-27,8.077202796936035,8.129823010596857,8.050892690105625,8.077202796936035,876400,0.0,0.0
1996-03-28,8.0772093116463,8.12982956774823,8.050899183595336,8.103519439697266,545200,0.0,0.0
1996-03-29,8.1035173780324,8.156137620746897,8.077207256675152,8.129827499389648,680800,0.0,0.0
1996-04-01,8.156139842999249,8.23507022857666,8.156139842999249,8.23507022857666,746800,0.0,0.0
1996-04-02,8.208760100050856,8.23507022857666,8.182449971525052,8.23507022857666,663400,0.0,0.0
1996-04-03,8.208757553836541,8.235067674201401,8.15613731310682,8.18244743347168,600000,0.0,0.0
1996-04-04,8.208760100050856,8.28769048562827,8.182449971525052,8.23507022857666,685400,0.0,0.0
1996-04-08,8.129824067106341,8.129824067106341,7.76148252361285,7.971963405609131,1012200,0.0,0.0
1996-04-09,8.02458905554437,8.12982956774823,7.932503607365992,8.103519439697266,693800,0.0,0.0
1996-04-10,8.050895330921705,8.077205446382232,7.919344753619062,7.94565486907959,865200,0.0,0.0
1996-04-11,7.971966729164124,7.971966729164124,7.893036365509033,7.893036365509033,976600,0.0,0.0
1996-04-12,7.893035286351253,8.050895992078278,7.893035286351253,7.9982757568359375,774600,0.0,0.0
1996-04-15,8.050894158886324,8.182444717038061,7.99827393562563,8.156134605407715,851600,0.0,0.0
1996-04-16,8.12982634494179,8.12982634494179,7.998275756835937,7.9982757568359375,550400,0.0,0.0
1996-04-17,7.971964984540119,7.998275100000647,7.893034638158533,7.94565486907959,468000,0.0,0.0
1996-04-18,7.919344753619062,7.998275100000647,7.8667245226980045,7.94565486907959,753000,0.0,0.0
1996-04-19,8.024585723876953,8.077205958131882,7.998275606749487,8.024585723876953,657000,0.0,0.0
1996-04-22,8.050893783569336,8.10351400437698,8.024583673165516,8.050893783569336,344600,0.0,0.0
1996-04-23,8.077204270516672,8.156134605407715,8.050894158886324,8.156134605407715,578400,0.0,0.0
1996-04-24,8.182443224257678,8.182443224257678,8.050892690105625,8.077202796936035,435000,0.0,0.0
1996-04-25,8.050897135317904,8.129827499389648,7.919346528531664,8.129827499389648,368000,0.0,0.0
1996-04-26,8.077207256675152,8.129827499389648,8.050897135317904,8.129827499389648,501800,0.0,0.0
1996-04-29,8.077207256675152,8.156137620746897,8.050897135317904,8.129827499389648,436400,0.0,0.0
1996-04-30,8.1035173780324,8.156137620746897,8.1035173780324,8.129827499389648,425600,0.0,0.0
1996-05-01,8.0772093116463,8.103519439697266,8.050899183595336,8.103519439697266,379400,0.0,0.0
1996-05-02,8.050899359870986,8.050899359870986,7.89303858810881,7.91934871673584,823000,0.0,0.0
1996-05-03,7.9193428017223955,7.998273128649862,7.866722583770752,7.866722583770752,814200,0.0,0.0
1996-05-06,7.86672624429067,7.893036365509033,7.735175638198853,7.893036365509033,1221000,0.0,0.0
1996-05-07,7.866722583770752,7.945652910698218,7.814102365819108,7.866722583770752,654200,0.0,0.0
1996-05-08,7.8141047868572295,8.077205958131882,7.735174435474833,8.024585723876953,1125000,0.0,0.0
1996-05-09,7.971965639214766,8.07720610969945,7.971965639214766,7.9982757568359375,1302600,0.0,0.0
1996-05-10,8.077207256675152,8.156137620746897,8.077207256675152,8.129827499389648,882400,0.0,0.0
1996-05-13,8.129824493777367,8.156134605407715,8.050894158886324,8.156134605407715,857800,0.0,0.0
1996-05-14,8.156136858994794,8.28768745349471,8.156136858994794,8.261377334594727,1120800,0.0,0.0
1996-05-15,8.235065169561476,8.366615731375557,8.182444944835844,8.28768539428711,1025000,0.0,0.0
1996-05-16,8.261375281924293,8.340305619012742,8.261375281924293,8.28768539428711,536400,0.0,0.0
1996-05-17,8.392926216125488,8.392926216125488,8.313995875534966,8.392926216125488,802000,0.0,0.0
1996-05-20,8.39292892217636,8.419239044189453,8.340308678150176,8.419239044189453,548600,0.0,0.0
1996-05-21,8.419236329655662,8.419236329655662,8.366616102595314,8.392926216125488,700600,0.0,0.0
1996-05-22,8.39292892217636,8.419239044189453,8.366618800163268,8.419239044189453,1210400,0.0,0.0
1996-05-23,8.445548516399455,8.445548516399455,8.340308036444322,8.366618156433105,1255400,0.0,0.0
1996-05-24,8.340308036444322,8.419238396410671,8.313997916455538,8.366618156433105,479200,0.0,0.0
1996-05-28,8.366619423974917,8.419239671924446,8.287689052050625,8.31399917602539,435800,0.0,0.0
1996-05-29,8.261377334594727,8.36661781019466,8.156136858994794,8.261377334594727,451400,0.0,0.0
1996-05-30,8.235068804101099,8.366619423974917,8.156138432176807,8.31399917602539,443600,0.0,0.0
1996-05-31,8.288489581692604,8.315055253428797,8.155661223011633,8.235358238220215,572200,0.19,0.0
1996-06-03,8.1822294822106,8.288492202758789,8.155663802073551,8.288492202758789,457400,0.0,0.0
1996-06-04,8.315060208115396,8.421322958378852,8.288494520549532,8.394757270812988,835400,0.0,0.0
1996-06-05,8.447887028489157,8.55414975840726,8.447887028489157,8.527584075927734,1380200,0.0,0.0
1996-06-06,8.527585434463788,8.527585434463788,8.394757000905162,8.447888374328613,617600,0.0,0.0
1996-06-07,8.341624816509452,8.421321868896484,8.235362079993408,8.421321868896484,708000,0.0,0.0
1996-06-10,8.421320215861002,8.421320215861002,8.31505750020345,8.368188858032227,332400,0.0,0.0
1996-06-11,8.368188858032227,8.447885894775391,8.31505750020345,8.368188858032227,599600,0.0,0.0
1996-06-12,8.368191583247125,8.501020021076444,8.315060208115396,8.394757270812988,805400,0.0,0.0
1996-06-13,8.341625627481712,8.447888374328613,8.315059940769986,8.447888374328613,969000,0.0,0.0
1996-06-14,8.447888374328613,8.527585434463788,8.421322687616888,8.447888374328613,1606800,0.0,0.0
1996-06-17,8.501018921283517,8.501018921283517,8.394756184767473,8.421321868896484,850200,0.0,0.0
1996-06-18,8.394756719327201,8.447888090968513,8.28849397604458,8.315059661865234,684800,0.0,0.0
1996-06-19,8.315057882895836,8.315057882895836,8.261926522621742,8.288492202758789,702800,0.0,0.0
1996-06-20,8.261928138981425,8.28849382431577,8.075968341641007,8.155665397644043,1761000,0.0,0.0
1996-06-21,8.261929789793143,8.261929789793143,8.155667027223457,8.2087984085083,1104600,0.0,0.0
1996-06-24,8.208792566484021,8.288489581692604,8.208792566484021,8.235358238220215,580800,0.0,0.0
1996-06-25,8.26192390995641,8.26192390995641,8.208792566484021,8.235358238220215,732800,0.0,0.0
1996-06-26,8.235365487391652,8.235365487391652,8.12910270690918,8.12910270690918,505800,0.0,0.0
1996-06-27,8.102529879539244,8.26192390995641,8.07596420780305,8.235358238220215,326400,0.0,0.0
1996-06-28,8.288489581692604,8.288489581692604,8.208792566484021,8.235358238220215,839200,0.0,0.0
1996-07-01,8.261931935693049,8.341629028320312,8.261931935693049,8.341629028320312,704000,0.0,0.0
1996-07-02,8.315055253428797,8.315055253428797,8.182226894747826,8.235358238220215,371400,0.0,0.0
1996-07-03,8.1822294822106,8.315057882895836,8.129098121936504,8.288492202758789,329600,0.0,0.0
1996-07-05,8.182231415149777,8.182231415149777,7.996271610260011,7.99627161026001,247200,0.0,0.0
1996-07-08,7.943134891743563,7.943134891743563,7.783740880538007,7.810306549072266,1139800,0.0,0.0
1996-07-09,7.836875031325991,8.102531812048905,7.836875031325991,8.022834777832031,824000,0.0,0.0
1996-07-10,8.022836970972316,8.155665397644043,8.022836970972316,8.155665397644043,1578400,0.0,0.0
1996-07-11,8.155664006475568,8.18222968727842,7.969704240855605,8.04940128326416,692600,0.0,0.0
1996-07-12,8.049400455904323,8.102531812048905,7.9697034216874485,8.022834777832031,485200,0.0,0.0
1996-07-15,8.022835642199054,8.102532685002355,7.943138599395753,7.943138599395752,439400,0.0,0.0
1996-07-16,7.863442632175933,7.943139685880419,7.704048524766961,7.916574001312256,1080600,0.0,0.0
1996-07-17,7.969704280330187,7.996269961264621,7.890007237526884,7.943138599395752,544200,0.0,0.0
1996-07-18,7.943136437212835,8.129096153134206,7.890005089806729,8.102530479431152,628800,0.0,0.0
1996-07-19,8.075966133976614,8.102531812048905,7.943137743615157,8.022834777832031,597800,0.0,0.0
1996-07-22,8.022835602461308,8.129098325672716,7.943138560052753,8.04940128326416,715200,0.0,0.0
1996-07-23,8.075968669498483,8.155665728736954,7.996271610260011,7.99627161026001,837600,0.0,0.0
1996-07-24,7.9697034216874485,8.049400455904323,7.916572065542865,8.022834777832031,924000,0.0,0.0
1996-07-25,8.075967788696289,8.20879620627353,8.075967788696289,8.075967788696289,319400,0.0,0.0
1996-07-26,8.102537011788561,8.182234097150417,8.049405621547324,8.12910270690918,378200,0.0,0.0
1996-07-29,8.075967788696289,8.129099155727186,8.075967788696289,8.075967788696289,515800,0.0,0.0
1996-07-30,8.075972916243913,8.182235717773438,8.075972916243913,8.182235717773438,584000,0.0,0.0
1996-07-31,8.129101336581035,8.2087984085083,8.129101336581035,8.2087984085083,514600,0.0,0.0
1996-08-01,8.18222910563151,8.368188858032227,8.18222910563151,8.368188858032227,1105400,0.0,0.0
1996-08-02,8.501019211289305,8.580716266395143,8.447887841218748,8.554150581359863,1243600,0.0,0.0
1996-08-05,8.501020569038989,8.554151947595482,8.447889190482496,8.474454879760742,720200,0.0,0.0
1996-08-06,8.447887553025495,8.474453237154506,8.394756184767473,8.421321868896484,1770600,0.0,0.0
1996-08-07,8.394754536946614,8.474451573689779,8.368188858032227,8.368188858032227,1449800,0.0,0.0
1996-08-08,8.368194725862734,8.447891818489998,8.341629028320312,8.341629028320312,958200,0.0,0.0
1996-08-09,8.394756184767473,8.474453237154506,8.368190500638462,8.421321868896484,775800,0.0,0.0
1996-08-12,8.368192122647754,8.501020569038989,8.368192122647754,8.474454879760742,486800,0.0,0.0
1996-08-13,8.447888374328613,8.527585434463788,8.447888374328613,8.447888374328613,775600,0.0,0.0
1996-08-14,8.421322420239449,8.527585163712502,8.394756734371185,8.501019477844238,515000,0.0,0.0
1996-08-15,8.501018393448208,8.55414975840726,8.474452710968682,8.527584075927734,401400,0.0,0.0
1996-08-16,8.52758638528677,8.633849143981934,8.501020695612981,8.633849143981934,613200,0.0,0.0
1996-08-19,8.660414972423036,8.686980662522492,8.52758652192575,8.607283592224121,338800,0.0,0.0
1996-08-20,8.580715478920354,8.713543891906738,8.580715478920354,8.713543891906738,607000,0.0,0.0
1996-08-21,8.660414972423036,8.660414972423036,8.580717902124665,8.607283592224121,552800,0.0,0.0
1996-08-22,8.607283181006755,8.686980247497559,8.607283181006755,8.686980247497559,296400,0.0,0.0
1996-08-23,8.607610605080431,8.661240577697754,8.527165646154446,8.661240577697754,1249200,0.19,0.0
1996-08-26,8.607606887817383,8.634421862545786,8.607606887817383,8.607606887817383,329800,0.0,0.0
1996-08-27,8.607606887817383,8.634421862545786,8.58079191308898,8.607606887817383,246000,0.0,0.0
1996-08-28,8.607606887817383,8.661236837274188,8.58079191308898,8.607606887817383,258400,0.0,0.0
1996-08-29,8.580792944259404,8.607607922210214,8.527162988357782,8.553977966308594,1343400,0.0,0.0
1996-08-30,8.527161963632173,8.714866786730996,8.527161963632173,8.607606887817383,1104800,0.0,0.0
1996-09-03,8.553976938360577,8.661236837274188,8.50034698890377,8.607606887817383,1163800,0.0,0.0
1996-09-04,8.661240905340463,8.74168586730957,8.634425918017428,8.74168586730957,988400,0.0,0.0
1996-09-05,8.74167957711727,8.875754417257106,8.714864609089304,8.822124481201172,1074600,0.0,0.0
1996-09-06,8.848939769996141,9.063459521996048,8.822124800996153,8.956199645996094,1498600,0.0,0.0
1996-09-09,9.009828567504883,9.0366435334796,8.929383669580732,9.009828567504883,531600,0.0,0.0
1996-09-10,9.009828567504883,9.063458499454317,8.956198635555449,9.009828567504883,512200,0.0,0.0
1996-09-11,8.956198849885359,9.251163482666016,8.956198849885359,9.251163482666016,1011000,0.0,0.0
1996-09-12,9.438872941243956,9.519317881084103,9.304798041510377,9.358428001403809,2183800,0.0,0.0
1996-09-13,9.43887285629229,9.492502815703041,9.30479795776541,9.412057876586914,1529000,0.0,0.0
1996-09-16,9.385242896881538,9.492502815703041,9.385242896881538,9.412057876586914,842200,0.0,0.0
1996-09-17,9.412057082316373,9.43887205975887,9.224352240218897,9.304797172546387,700200,0.0,0.0
1996-09-18,9.224352240218897,9.331612149988883,9.117092330448909,9.304797172546387,927400,0.0,0.0
1996-09-19,9.224350929260254,9.251165902891826,9.090276061102402,9.224350929260254,710600,0.0,0.0
1996-09-20,9.331613021457093,9.438872941243956,9.304798041510377,9.358428001403809,1315600,0.0,0.0
1996-09-23,9.3316068649292,9.385236789440288,9.3316068649292,9.3316068649292,346400,0.0,0.0
1996-09-24,9.358426532745362,9.465686435699464,9.331611557006836,9.385241508483887,1401600,0.0,0.0
1996-09-25,9.438872256521451,9.519317190525896,9.438872256521451,9.492502212524414,1089800,0.0,0.0
1996-09-26,9.438874244689941,9.519319195639003,9.438874244689941,9.438874244689941,965400,0.0,0.0
1996-09-27,9.465687835997667,9.492502815703041,9.385242896881538,9.412057876586914,686800,0.0,0.0
1996-09-30,9.412059261040254,9.492504211989317,9.385244277390568,9.438874244689941,2347200,0.0,0.0
1996-10-01,9.412055249986702,9.599760055541992,9.412055249986702,9.599760055541992,513200,0.0,0.0
1996-10-02,9.5997610842244,9.653391034415598,9.519316158937604,9.546131134033203,534000,0.0,0.0
1996-10-03,9.546133562544702,9.546133562544702,9.4120586529584,9.519318580627441,387800,0.0,0.0
1996-10-04,9.546133386723511,9.626578330993652,9.546133386723511,9.626578330993652,477600,0.0,0.0
1996-10-07,9.626575398643261,9.707020318409084,9.626575398643261,9.680205345153809,1644600,0.0,0.0
1996-10-08,9.653389999986361,9.733834916652915,9.572945083319809,9.599760055541992,540800,0.0,0.0
1996-10-09,9.5997610842244,9.5997610842244,9.438871233650808,9.546131134033203,724400,0.0,0.0
1996-10-10,9.492504211989317,9.492504211989317,9.371836785565723,9.438874244689941,941800,0.0,0.0
1996-10-11,9.465686208746407,9.546131134033203,9.438871233650808,9.546131134033203,320000,0.0,0.0
1996-10-14,9.51931513887544,9.626575027764178,9.51931513887544,9.599760055541992,189000,0.0,0.0
1996-10-15,9.59976212453034,9.626577102531822,9.41205727851997,9.492502212524414,477400,0.0,0.0
1996-10-16,9.492503598710181,9.519318580627441,9.38524367104114,9.519318580627441,527800,0.0,0.0
1996-10-17,9.492503598710181,9.546133562544702,9.43887363487566,9.519318580627441,499000,0.0,0.0
1996-10-18,9.572945083319809,9.626575027764178,9.546130111097623,9.599760055541992,558800,0.0,0.0
1996-10-21,9.653389290587542,9.787464141845703,9.653389290587542,9.787464141845703,826000,0.0,0.0
1996-10-22,9.73383388519287,9.760648854573567,9.653388977050781,9.653388977050781,939000,0.0,0.0
1996-10-23,9.599763349570273,9.680208293840414,9.546133386723511,9.626578330993652,1393800,0.0,0.0
1996-10-24,9.653388913823756,9.707018852233887,9.599758975413623,9.707018852233887,1371600,0.0,0.0
1996-10-25,9.680204972208546,9.70701994443073,9.599760055541992,9.599760055541992,598800,0.0,0.0
1996-10-28,9.626575027764178,9.680204972208546,9.572945083319809,9.599760055541992,733200,0.0,0.0
1996-10-29,9.599765381526426,9.841100265419549,9.57295039442719,9.814285278320312,1377200,0.0,0.0
1996-10-30,9.894724776481361,10.028799637951298,9.867909804187374,9.948354721069336,1511000,0.0,0.0
1996-10-31,9.975171526379624,10.162876366929778,9.975171526379624,10.001986503601074,1779200,0.0,0.0
1996-11-01,10.028798874110391,10.055613844362023,9.760649171594071,9.787464141845703,729000,0.0,0.0
1996-11-04,9.814282939789143,10.082432746887207,9.787467959079336,10.082432746887207,750600,0.0,0.0
1996-11-05,10.0824377104992,10.243327673964613,10.055622716588298,10.216512680053711,1150000,0.0,0.0
1996-11-06,10.18968716613929,10.296947031046018,10.162872199912607,10.270132064819336,853600,0.0,0.0
1996-11-07,10.243321418762207,10.270136396298234,10.1360615086181,10.243321418762207,602400,0.0,0.0
1996-11-08,10.216506441226182,10.243321418762207,10.162876486154127,10.243321418762207,609200,0.0,0.0
1996-11-11,10.243317098592655,10.296947031046018,10.216502132365973,10.270132064819336,256200,0.0,0.0
1996-11-12,10.243317098592655,10.296947031046018,10.216502132365973,10.270132064819336,501400,0.0,0.0
1996-11-13,10.243327673964613,10.270142667875515,10.216512680053711,10.216512680053711,663000,0.0,0.0
1996-11-14,10.216508078820926,10.431027933494333,10.216508078820926,10.404212951660156,789000,0.0,0.0
1996-11-15,10.511473133970458,10.591918081424314,10.431028186516603,10.538288116455078,1329400,0.0,0.0
1996-11-18,10.511471666055282,10.565101623535156,10.484656687315345,10.565101623535156,873600,0.0,0.0
1996-11-19,10.511471503943055,10.725991330554137,10.511471503943055,10.672361373901367,1089600,0.0,0.0
1996-11-20,10.67236302887817,10.67236302887817,10.538288116455078,10.538288116455078,724800,0.0,0.0
1996-11-21,10.538287860831035,10.538287860831035,10.377397969825982,10.404212951660156,924200,0.0,0.0
1996-11-22,10.404209507700733,10.538284372490692,10.404209507700733,10.484654426574707,971000,0.0,0.0
1996-11-25,10.779622678058903,10.994142532348633,10.699177732700255,10.994142532348633,1455000,0.0,0.0
1996-11-26,11.02095099250869,11.074580924345716,10.833246231079102,10.833246231079102,1318200,0.0,0.0
1996-11-27,10.994139237426468,11.342733896174137,10.967324263676648,11.315918922424316,2350200,0.0,0.0
1996-11-29,11.316997528076174,11.398026149995573,11.289987987436373,11.316997528076172,717800,0.19,0.0
1996-12-02,11.262979067634134,11.479055404663088,11.12793135699104,11.479055404663086,1780800,0.0,0.0
1996-12-03,11.47905749399305,11.722143417395255,11.181952476501465,11.181952476501465,2038200,0.0,0.0
1996-12-04,11.127933382412087,11.208962023546155,10.93886655309926,11.181952476501465,1746800,0.0,0.0
1996-12-05,11.208959365516973,11.371016609355772,11.181949824877172,11.316997528076172,2024200,0.0,0.0
1996-12-06,11.181952476501465,11.317000211724913,10.992885647188638,11.181952476501465,1748600,0.0,0.0
1996-12-09,11.235971627495916,11.371019363403319,11.235971627495916,11.37101936340332,1137400,0.0,0.0
1996-12-10,11.31700338505441,11.344012939672677,11.262984275817871,11.262984275817871,1527200,0.0,0.0
1996-12-11,11.154943589166423,11.154943589166423,11.019895845956176,11.100924491882324,1449400,0.0,0.0
1996-12-12,11.100921870476038,11.100921870476038,10.695778736517058,10.749797821044922,1678800,0.0,0.0
1996-12-13,10.695777262063851,10.938863108928938,10.53372003082046,10.776805877685547,1500800,0.0,0.0
1996-12-16,10.830826447836717,10.938864616892445,10.722788278780989,10.749797821044922,1319600,0.0,0.0
1996-12-17,10.722789775949991,11.208961604582484,10.695780229914853,11.154942512512207,1579800,0.0,0.0
1996-12-18,11.154945070631156,11.208964175089418,10.857839996110714,10.884849548339844,1007600,0.0,0.0
1996-12-19,10.9658746420619,11.262979620048798,10.9658746420619,11.20896053314209,1139400,0.0,0.0
1996-12-20,11.425036338659433,11.425036338659433,11.235969543457031,11.235969543457031,1749600,0.0,0.0
1996-12-23,11.181952058547346,11.289990242687901,11.127932966477069,11.154942512512207,570600,0.0,0.0
1996-12-24,11.1279303263249,11.289987564086914,11.1279303263249,11.289987564086914,256600,0.0,0.0
1996-12-26,11.262984275817871,11.371022494290946,11.235974721199604,11.262984275817871,486600,0.0,0.0
1996-12-27,11.289987564086914,11.316997103713916,11.181949405578905,11.289987564086914,397800,0.0,0.0
1996-12-30,11.344012939672677,11.398032048909213,11.208965166581335,11.262984275817871,524400,0.0,0.0
1996-12-31,11.235972187306622,11.235972187306622,10.911857604980469,10.911857604980469,963400,0.0,0.0
1997-01-02,10.938863108928938,10.99288218601007,10.64175818498272,10.776805877685547,1153200,0.0,0.0
1997-01-03,10.803816886733147,11.01989322446781,10.803816886733147,10.992883682250977,875000,0.0,0.0
1997-01-06,10.992883682250977,11.181950477768806,10.965874140034144,10.992883682250977,1060400,0.0,0.0
1997-01-07,10.911854635905751,10.965873718261719,10.830826012371796,10.965873718261719,809600,0.0,0.0
1997-01-08,10.938864597817311,11.262979104419305,10.938864597817311,10.992883682250977,882200,0.0,0.0
1997-01-09,11.019895432635051,11.154943170780088,11.019895432635051,11.073914527893066,609000,0.0,0.0
1997-01-10,10.965872661740171,11.046901277467317,10.884844046013027,11.019891738891602,1326400,0.0,0.0
1997-01-13,11.073914943240275,11.154943589166423,11.046905394598227,11.100924491882324,863200,0.0,0.0
1997-01-14,11.15494163831075,11.398027533576602,11.15494163831075,11.344008445739746,988800,0.0,0.0
1997-01-15,11.262978446796573,11.398026149995573,11.208959365516973,11.316997528076172,998000,0.0,0.0
1997-01-16,11.31700338505441,11.31700338505441,11.208965166581335,11.262984275817871,769000,0.0,0.0
1997-01-17,11.181949824877172,11.316997528076174,11.154940284237373,11.316997528076172,1119000,0.0,0.0
1997-01-20,11.262979813984462,11.371017989658174,11.208960726147605,11.344008445739746,551800,0.0,0.0
1997-01-21,11.289987987436373,11.371016609355772,11.181949824877172,11.316997528076172,861600,0.0,0.0
1997-01-22,11.262979813984462,11.344008445739746,11.208960726147605,11.344008445739746,894400,0.0,0.0
1997-01-23,11.344009334758178,11.452047518898732,11.127932966477069,11.154942512512207,1134200,0.0,0.0
1997-01-24,11.07391081604303,11.100920354618745,10.911853584588743,11.019891738891602,1001000,0.0,0.0
1997-01-27,10.911855888833044,11.154941787346651,10.830827255995175,11.046903610229492,891400,0.0,0.0
1997-01-28,11.181950590345595,11.208960132834353,10.91185516545802,10.938864707946777,854800,0.0,0.0
1997-01-29,10.91185659819596,11.181952058547346,10.91185659819596,11.154942512512207,447400,0.0,0.0
1997-01-30,11.181950459113487,11.316998169972347,11.154940916941717,11.235969543457031,1110400,0.0,0.0
1997-01-31,11.262978446796573,11.398026149995573,11.181949824877172,11.316997528076172,1381600,0.0,0.0
1997-02-03,11.317000269040358,11.3980289105848,11.289990721858878,11.37101936340332,648800,0.0,0.0
1997-02-04,11.344009816221838,11.371019363403319,11.262981174677398,11.37101936340332,723600,0.0,0.0
1997-02-05,11.371017793862217,11.479055967675635,11.127931902782025,11.20896053314209,1560200,0.0,0.0
1997-02-06,11.20896000128526,11.316998169972347,11.154940916941717,11.235969543457031,1169800,0.0,0.0
1997-02-07,11.262979813984462,11.344008445739746,11.262979813984462,11.344008445739746,1452400,0.0,0.0
1997-02-10,11.45205020904541,11.58709797094453,11.425040656665585,11.45205020904541,1131000,0.0,0.0
1997-02-11,11.47905909205488,11.533078193664549,11.289992236421035,11.53307819366455,1461400,0.0,0.0
1997-02-12,11.479058432024578,11.61410617828369,11.479058432024578,11.614106178283691,789800,0.0,0.0
1997-02-13,11.641116301947777,11.857192706624303,11.614106751363213,11.776164054870605,1246400,0.0,0.0
1997-02-14,11.830182903463191,11.911211553486911,11.830182903463191,11.884202003479004,1009800,0.0,0.0
1997-02-18,11.830183063464219,12.019249916076662,11.668125761224983,12.01924991607666,1020000,0.0,0.0
1997-02-19,11.938222489186696,12.12728936118739,11.857193829757827,12.100279808044434,970800,0.0,0.0
1997-02-20,11.965230653502724,12.019249753518539,11.830182903463191,11.884202003479004,1011800,0.0,0.0
1997-02-21,11.884197765167864,11.911207305543245,11.803169144041718,11.85718822479248,821800,0.0,0.0
1997-02-24,11.74915867882806,12.073273401002627,11.74915867882806,11.992244720458984,644200,0.0,0.0
1997-02-25,11.992237175647542,12.18130397796631,11.965227632459147,12.181303977966309,607400,0.0,0.0
1997-02-26,12.181306925294626,12.181306925294626,11.749154129718763,11.938220977783203,662800,0.0,0.0
1997-02-27,11.938218882754958,11.992237972722174,11.803171157836916,11.803171157836914,412400,0.0,0.0
1997-02-28,11.676879898409977,11.78575523545809,11.636051647016936,11.64966106414795,1370800,0.21,0.0
1997-03-03,11.622438410825508,11.731313712097878,11.513563109553138,11.704094886779785,614400,0.0,0.0
1997-03-04,11.758535452134716,11.812973116264969,11.595222459743956,11.622441291809082,479600,0.0,0.0
1997-03-05,11.622438358933957,11.921845436096191,11.622438358933957,11.921845436096191,658600,0.0,0.0
1997-03-06,11.894635226748406,12.112385986048148,11.84019753692347,11.867416381835938,1243000,0.0,0.0
1997-03-07,11.894629375586348,12.19403652234024,11.894629375586348,12.112380027770996,919800,0.0,0.0
1997-03-10,12.085157385856046,12.13959503173828,11.921844448209342,12.139595031738281,846600,0.0,0.0
1997-03-11,12.139600822828474,12.139600822828474,11.976287807274728,12.030725479125977,524400,0.0,0.0
1997-03-12,11.976286933951302,12.0307246018329,11.812973930306512,11.894630432128906,708200,0.0,0.0
1997-03-13,11.867406889866215,11.867406889866215,11.595218658447266,11.595218658447266,736800,0.0,0.0
1997-03-14,11.649661947179723,11.758537292480469,11.486348929228607,11.758537292480469,890600,0.0,0.0
1997-03-17,11.731314722097144,11.731314722097144,11.323032307174971,11.540782928466797,1213800,0.0,0.0
1997-03-18,11.568002875258282,11.622440535847733,11.078063929953226,11.159720420837402,1172600,0.0,0.0
1997-03-19,11.186939204948537,11.513565167136816,11.132501544583825,11.268595695495605,835000,0.0,0.0
1997-03-20,11.295814560567667,11.295814560567667,11.023626257903386,11.186939239501953,640000,0.0,0.0
1997-03-21,11.241373041794763,11.513561251039189,11.186935399945877,11.486342430114746,1600200,0.0,0.0
1997-03-24,11.459130144897317,11.785756182281563,11.43191130844863,11.676880836486816,1535000,0.0,0.0
1997-03-25,11.758531597298635,11.84018806672432,11.595218658447266,11.595218658447266,1094600,0.0,0.0
1997-03-26,11.540782973988245,11.540782973988245,11.295813524068683,11.404688835144043,716400,0.0,0.0
1997-03-27,11.404689881633379,11.486346372432664,11.10528274870267,11.186939239501953,2051000,0.0,0.0
1997-03-31,11.105284001277044,11.105284001277044,10.58812616788424,10.615345001220703,1488000,0.0,0.0
1997-04-01,10.506464931766693,10.91474724776799,10.47924611069994,10.805871963500977,1437800,0.0,0.0
1997-04-02,10.72421932220459,10.80587581450564,10.533687506835474,10.72421932220459,1008600,0.0,0.0
1997-04-03,10.6969995305508,10.805874843838849,10.669780702228788,10.751437187194824,1211200,0.0,0.0
1997-04-04,10.66978157785468,10.941969883412197,10.642562747298927,10.914751052856445,1025400,0.0,0.0
1997-04-07,10.914751052856445,10.9964075445237,10.83309456118919,10.914751052856445,1062400,0.0,0.0
1997-04-08,10.91474814090914,11.214155197143555,10.887529317615101,11.214155197143555,782600,0.0,0.0
1997-04-09,11.241370172992678,11.32302661492725,11.050838475145344,11.078057289123535,802600,0.0,0.0
1997-04-10,11.050847086575951,11.159722427330395,10.96919058101012,10.99640941619873,470400,0.0,0.0
1997-04-11,10.860308647155762,10.860308647155762,10.533682823181152,10.533682823181152,671200,0.0,0.0
1997-04-14,10.50646966787485,10.642563834557167,10.42481316786546,10.615345001220703,815000,0.0,0.0
1997-04-15,10.75143810492664,10.941969919444327,10.75143810492664,10.833094596862793,953600,0.0,0.0
1997-04-16,10.778656935572025,10.833094596862793,10.669781612990489,10.833094596862793,702600,0.0,0.0
1997-04-17,10.887527465820312,11.214153289794922,10.833089828491211,11.13249683380127,1307200,0.0,0.0
1997-04-18,11.132500734329223,11.159719562530519,10.887531280517578,10.887531280517578,578200,0.0,0.0
1997-04-21,10.778655074024929,10.833092725913943,10.615342118357885,10.696998596191406,1042600,0.0,0.0
1997-04-22,10.72421826492121,11.078063030007444,10.696999436837654,11.023625373840332,735800,0.0,0.0
1997-04-23,11.023626375079452,11.023626375079452,10.83309456118919,10.914751052856445,953600,0.0,0.0
1997-04-24,10.969186811518847,10.996405637353881,10.805873856508642,10.860311508178711,567200,0.0,0.0
1997-04-25,10.860312500482873,10.887531328804886,10.751437187194824,10.751437187194824,736000,0.0,0.0
1997-04-28,10.751438069521935,11.023626375079452,10.751438069521935,10.914751052856445,948600,0.0,0.0
1997-04-29,10.996407382459525,11.323033344314759,10.996407382459525,11.295814514160156,1072600,0.0,0.0
1997-04-30,11.323029515840453,11.377467157743533,11.241373052985836,11.350248336791992,1280000,0.0,0.0
1997-05-01,11.323029513564407,11.391076565929579,11.268591871672271,11.377467155456543,634600,0.0,0.0
1997-05-02,11.323032307174971,11.540782928466797,11.295813479513493,11.540782928466797,764600,0.0,0.0
1997-05-05,11.540784795613703,11.64966012387421,11.40469063528807,11.622441291809082,678800,0.0,0.0
1997-05-06,11.622439349057228,11.75853348663401,11.622439349057228,11.731314659118652,1192000,0.0,0.0
1997-05-07,11.704103742327009,11.731322588239397,11.404696437290736,11.431915283203125,1097800,0.0,0.0
1997-05-08,11.350250216957509,11.568000820640147,11.29581256603685,11.459125518798828,1141800,0.0,0.0
1997-05-09,11.568005490692066,11.704099672935502,11.513567817794693,11.676880836486816,808200,0.0,0.0
1997-05-12,11.731311791503485,11.86740589581327,11.704092970641527,11.812968254089355,889800,0.0,0.0
1997-05-13,11.840191948330096,11.867410780395222,11.595222459743956,11.622441291809082,826400,0.0,0.0
1997-05-14,11.785749435424806,11.949062360626996,11.758530614557774,11.785749435424805,820400,0.0,0.0
1997-05-15,11.785749435424806,11.785749435424806,11.676874151956678,11.785749435424805,1111000,0.0,0.0
1997-05-16,11.785752386629722,11.785752386629722,11.45912645443675,11.513564109802246,751800,0.0,0.0
1997-05-19,11.540779113769531,11.704092025756836,11.51356029510498,11.567997932434082,371800,0.0,0.0
1997-05-20,11.513561224607828,11.840187074951313,11.486342403745871,11.812968254089355,488400,0.0,0.0
1997-05-21,11.840192903982146,11.840192903982146,11.459129224313754,11.64966106414795,719000,0.0,0.0
1997-05-22,11.686971949639721,11.741840362548828,11.522366710912403,11.741840362548828,1083000,0.21,0.0
1997-05-23,11.714403097403792,11.906442492443198,11.714403097403792,11.879008293151855,826400,0.0,0.0
1997-05-27,11.82414298191249,11.82414298191249,11.632103536730616,11.741840362548828,616800,0.0,0.0
1997-05-28,11.68696735622166,11.85157253025295,11.68696735622166,11.769269943237305,582800,0.0,0.0
1997-05-29,11.824140311978388,11.824140311978388,11.604666709899902,11.604666709899902,554400,0.0,0.0
1997-05-30,11.577230541185402,11.988743475113793,11.577230541185402,11.93387508392334,607800,0.0,0.0
1997-06-02,11.961310891025885,11.961310891025885,11.796705695277824,11.879008293151855,723800,0.0,0.0
1997-06-03,11.824139840510549,12.043613433837892,11.796705641344632,12.04361343383789,536000,0.0,0.0
1997-06-04,11.988746496515535,12.016180699024725,11.933878091497158,11.961312294006348,460200,0.0,0.0
1997-06-05,11.961313535089362,12.290523999357877,11.933879329733653,12.016181945800781,570800,0.0,0.0
1997-06-06,12.016174802844157,12.263082504272461,12.016174802844157,12.263082504272461,509000,0.0,0.0
1997-06-09,12.208220189096696,12.263088594440951,12.07104917573606,12.153351783752441,586800,0.0,0.0
1997-06-10,12.153345748082103,12.29051669332005,12.098477369986925,12.263082504272461,505800,0.0,0.0
1997-06-11,12.263086014651181,12.290520211551966,12.15334922704804,12.20821762084961,772600,0.0,0.0
1997-06-12,12.235656069857733,12.372827102031026,12.235656069857733,12.29052448272705,1262000,0.0,0.0
1997-06-13,12.290523301686672,12.482562728275527,12.263089097888265,12.427694320678711,949200,0.0,0.0
1997-06-16,12.400260116880304,12.482562728275527,12.290523301686672,12.427694320678711,520600,0.0,0.0
1997-06-17,12.427696086664115,12.509998709754605,12.290525048179964,12.400261878967285,542800,0.0,0.0
1997-06-18,12.345388039298678,12.619729995727537,12.290519648012907,12.619729995727539,467200,0.0,0.0
1997-06-19,12.619731100417528,12.81177048672823,12.509994308239985,12.647165298461914,982000,0.0,0.0
1997-06-20,12.67459789465622,12.81176886754211,12.647163700079043,12.702032089233398,1057600,0.0,0.0
1997-06-23,12.70203018611392,12.811766947980994,12.345385710045926,12.372819900512695,917000,0.0,0.0
1997-06-24,12.37282283141695,12.729467391967773,12.317954437486057,12.729467391967773,651000,0.0,0.0
1997-06-25,12.811772342295372,12.825489443304255,12.413976413037808,12.455127716064453,948800,0.0,0.0
1997-06-26,12.455124794709167,12.619729968207526,12.359105110168457,12.359105110168457,524800,0.0,0.0
1997-06-27,12.40025686245112,12.59229623863952,12.40025686245112,12.441408157348633,359000,0.0,0.0
1997-06-30,12.482556016653175,12.482556016653175,12.235648315224871,12.263082504272461,499400,0.0,0.0
1997-07-01,12.235650807553881,12.647163727090447,12.221933710235996,12.537426948547363,628400,0.0,0.0
1997-07-02,12.619727057379645,12.702029625145165,12.537424489614127,12.688312530517578,529200,0.0,0.0
1997-07-03,12.798051589574568,12.90778836633405,12.798051589574568,12.839202880859375,482000,0.0,0.0
1997-07-07,12.894074098157935,12.907791198262357,12.67460049648716,12.743185997009277,987000,0.0,0.0
1997-07-08,12.784339065304852,12.784339065304852,12.61973384128805,12.715753555297852,514800,0.0,0.0
1997-07-09,12.729475857918723,12.729475857918723,12.427699490597373,12.510002136230469,965800,0.0,0.0
1997-07-10,12.56486756669006,12.61973598401185,12.455130732046479,12.578584671020508,541800,0.0,0.0
1997-07-11,12.619731857115964,12.647166056805345,12.509995058358433,12.523712158203125,506400,0.0,0.0
1997-07-14,12.46884375882436,12.592297657426581,12.427692459290284,12.523712158203125,318000,0.0,0.0
1997-07-15,12.50999364884449,12.523710747143662,12.263085879459402,12.441408157348633,926600,0.0,0.0
1997-07-16,12.3316683774495,12.496273517081752,12.3316683774495,12.413970947265625,1313400,0.0,0.0
1997-07-17,12.427696086664115,12.455130294360945,12.317959255876794,12.400261878967285,1053200,0.0,0.0
1997-07-18,12.413982544073466,12.413982544073466,12.125923280619828,12.249377250671387,1434600,0.0,0.0
1997-07-21,12.276802921295166,12.49627649307251,12.276802921295166,12.345388412475586,1015800,0.0,0.0
1997-07-22,12.400257228659974,12.86663858460515,12.400257228659974,12.852921485900879,1609400,0.0,0.0
1997-07-23,12.85292099035431,13.058677462985381,12.85292099035431,12.935223579406738,2300600,0.0,0.0
1997-07-24,12.880356334838547,13.113547024606657,12.852922136042299,13.05867862701416,852800,0.0,0.0
1997-07-25,13.058679983818944,13.161558239993989,13.017528681348928,13.044962882995605,633600,0.0,0.0
1997-07-28,13.099832338560757,13.374174377064648,13.099832338560757,13.333023071289062,1161000,0.0,0.0
1997-07-29,13.333017904001297,13.346735000610352,13.140978551474529,13.346735000610352,1270400,0.0,0.0
1997-07-30,13.387890887019608,13.579930305480955,13.360456684382275,13.579930305480957,618800,0.0,0.0
1997-07-31,13.607363446873038,13.75825154961054,13.593646346624173,13.648514747619629,617400,0.0,0.0
1997-08-01,13.56621603105889,13.5936502394129,13.22328842663374,13.387893676757812,816200,0.0,0.0
1997-08-04,13.278156219113999,13.675952221546133,13.278156219113999,13.634800910949707,883600,0.0,0.0
1997-08-05,13.607362953077267,13.607362953077267,13.333020958055547,13.470191955566406,814800,0.0,0.0
1997-08-06,13.442763205497496,13.703388206420406,13.360460573627103,13.607368469238281,811600,0.0,0.0
1997-08-07,13.579931436858564,13.662234051627403,13.182135465475838,13.250720977783203,1088400,0.0,0.0
1997-08-08,13.154696649444869,13.25071633301746,12.839203403420644,13.017525672912598,1500600,0.0,0.0
1997-08-11,13.113549583012073,13.415325828646242,13.113549583012073,13.360457420349121,839000,0.0,0.0
1997-08-12,13.360450748644377,13.470187510440224,13.017523368032355,13.031240463256836,863400,0.0,0.0
1997-08-13,13.140977225052684,13.168411415501645,12.948937891909951,13.031240463256836,745400,0.0,0.0
1997-08-14,13.003813221769514,13.08611583709717,12.866642196223422,13.086115837097168,703800,0.0,0.0
1997-08-15,12.97637496980777,12.97637496980777,12.839203987040246,12.86663818359375,883600,0.0,0.0
1997-08-18,12.921514511108397,12.948948724507778,12.674606590513969,12.921514511108398,1064800,0.0,0.0
1997-08-19,12.921510606441858,13.08611583709717,12.866642196223422,13.086115837097168,833400,0.0,0.0
1997-08-20,13.058681032785174,13.333023071289064,13.044963930859979,13.333023071289062,710400,0.0,0.0
1997-08-21,13.305587798639051,13.305587798639051,12.990094479702249,13.044962882995605,625800,0.0,0.0
1997-08-22,12.894067137928332,13.003803879527721,12.715744932829322,12.948935508728027,703000,0.0,0.0
1997-08-25,12.948943688125208,13.086114701770601,12.85292397857343,12.962660789489746,424600,0.0,0.0
1997-08-26,12.962654987134432,13.140977225052684,12.921503701460988,13.031240463256836,863400,0.0,0.0
1997-08-27,13.086116006441205,13.305589650155103,13.003813390048492,13.209569931030273,1038000,0.0,0.0
1997-08-28,13.233323535457897,13.316204476181015,12.984680713288542,13.136629104614258,1822200,0.21,0.0
1997-08-29,13.219513441852687,13.59247777093317,13.219513441852687,13.399088859558105,2041800,0.0,0.0
1997-09-02,13.371464698791504,13.813496589660645,13.233329732894898,13.813496589660645,1322800,0.0,0.0
1997-09-03,13.758237776464345,13.78586475995122,13.49578143333902,13.537221908569336,1343200,0.0,0.0
1997-09-04,13.537226663508886,13.81349659541723,13.426718690745549,13.730615615844727,1061200,0.0,0.0
1997-09-05,13.785861915048926,13.868742848405933,13.606286559442077,13.67535400390625,798400,0.0,0.0
1997-09-08,13.64772568739854,13.854928000466332,13.620098712322834,13.827301025390625,739800,0.0,0.0
1997-09-09,13.785864860352653,14.034507713545386,13.70298390928841,13.89637279510498,695400,0.0,0.0
1997-09-10,13.841119713899566,13.868746699356452,13.592476844787598,13.592476844787598,624800,0.0,0.0
1997-09-11,13.509593470646786,13.592474412184496,13.371458568083936,13.46815299987793,762600,0.0,0.0
1997-09-12,13.481969852718331,13.633918283435444,13.288580940896551,13.620104789733887,1207600,0.0,0.0
1997-09-15,13.620103382752141,13.910186720518666,13.606289890477544,13.716797828674316,854400,0.0,0.0
1997-09-16,13.854935655379458,14.131205558776855,13.841122160209588,14.131205558776855,883800,0.0,0.0
1997-09-17,14.145014772173488,14.435098082930953,14.103574299208136,14.17264175415039,778400,0.0,0.0
1997-09-18,14.186457619961281,14.366033032872185,14.048322686952895,14.10357666015625,771000,0.0,0.0
1997-09-19,14.089761294706918,14.269336683757105,14.034507328845322,14.214082717895508,1088600,0.0,0.0
1997-09-22,14.269340278444977,14.4627292076785,14.186459308773467,14.303874015808105,619800,0.0,0.0
1997-09-23,14.310780510247922,14.310780510247922,14.02069712152668,14.089764595031738,514600,0.0,0.0
1997-09-24,14.048315477936637,14.379839147032486,13.965434560662674,13.979248046875,1033800,0.0,0.0
1997-09-25,13.868744368092013,13.979252291343743,13.799676916059683,13.854930877685547,612200,0.0,0.0
1997-09-26,13.91019291896373,14.21408988442272,13.91019291896373,14.14502239227295,597600,0.0,0.0
1997-09-29,14.089757528961803,14.310773333337675,13.99306311454736,14.241705894470215,559200,0.0,0.0
1997-09-30,14.241709171437561,14.296963135245273,14.0621337890625,14.0621337890625,580200,0.0,0.0
1997-10-01,14.14501666462818,14.241711114484037,14.117389678955078,14.117389678955078,1476200,0.0,0.0
1997-10-02,14.117394867234838,14.462732315063478,14.103581369321692,14.462732315063477,1466000,0.0,0.0
1997-10-03,14.61467599643213,14.766624423616205,14.448914075867682,14.600862503051758,749000,0.0,0.0
1997-10-06,14.725183025684231,14.83569096583946,14.711369533164827,14.79425048828125,565800,0.0,0.0
1997-10-07,14.821883681105144,14.849510677714845,14.697562196361485,14.808070182800293,483800,0.0,0.0
1997-10-08,14.780442263140822,14.780442263140822,14.43510482708613,14.587053298950195,729000,0.0,0.0
1997-10-09,14.36602896072445,14.946195514907552,14.36602896072445,14.752806663513184,977400,0.0,0.0
1997-10-10,14.697560315772131,14.697560315772131,14.476544371174054,14.614679336547852,718000,0.0,0.0
1997-10-13,14.66993428360332,14.739001770814259,14.55942630406582,14.587053298950195,689000,0.0,0.0
1997-10-14,14.683740635508116,14.821875542709508,14.656113654067836,14.738994598388672,742600,0.0,0.0
1997-10-15,14.65611647657324,14.669929969953612,14.573235516291017,14.600862503051758,672400,0.0,0.0
1997-10-16,14.656113574665916,14.766621499828336,14.46272470563168,14.51797866821289,897800,0.0,0.0
1997-10-17,14.462727992048542,14.462727992048542,14.117390647443754,14.227898597717285,819000,0.0,0.0
1997-10-20,14.28315734863281,14.310784345438678,14.075954872588815,14.283157348632812,556400,0.0,0.0
1997-10-21,14.283153085573025,14.573236465454102,14.283153085573025,14.573236465454102,649600,0.0,0.0
1997-10-22,14.61468079210808,14.628494290021225,14.39366482549775,14.462732315063477,620400,0.0,0.0
1997-10-23,14.269340516058142,14.366034982285061,14.020697602903208,14.296967506408691,647600,0.0,0.0
1997-10-24,14.366031124014897,14.407471598411094,14.145015260568513,14.214082717895508,615000,0.0,0.0
1997-10-27,14.103574978782637,14.186455928706923,13.20569802126954,13.233325004577637,601800,0.0,0.0
1997-10-28,12.874174304884306,13.537221908569334,12.597904470015544,13.537221908569336,1821000,0.0,0.0
1997-10-29,13.537221954714868,14.117388609916933,13.481967987552766,13.702983856201172,1690200,0.0,0.0
1997-10-30,13.481971740722654,13.564852714538572,13.288582801818846,13.288582801818848,866200,0.0,0.0
1997-10-31,13.481972216098619,13.592480185083033,13.302396766498944,13.523412704467773,901200,0.0,0.0
1997-11-03,13.661549968982305,14.034514427185059,13.661549968982305,14.034514427185059,696800,0.0,0.0
1997-11-04,13.951621074450346,14.048315477936637,13.868740157176385,13.979248046875,919800,0.0,0.0
1997-11-05,13.951627764916466,14.172643650301282,13.896373793570262,14.117389678955078,882800,0.0,0.0
1997-11-06,14.145018573835785,14.241713036742865,14.006883626825669,14.089764595031738,920800,0.0,0.0
1997-11-07,13.910184839311412,13.95162531053081,13.647728521588554,13.854930877685547,770000,0.0,0.0
1997-11-10,13.910186185642164,13.910186185642164,13.537221908569334,13.537221908569336,560400,0.0,0.0
1997-11-11,13.64773512614222,13.854937582510775,13.523413652321086,13.578667640686035,327400,0.0,0.0
1997-11-12,13.46815585107931,13.744425714691193,13.412901878356934,13.412901878356934,488200,0.0,0.0
1997-11-13,13.440527458619975,13.592475867710231,13.178071115645896,13.509594917297363,617400,0.0,0.0
1997-11-14,13.509600146595462,13.702989105749179,13.385278672853785,13.661548614501953,451800,0.0,0.0
1997-11-17,13.799677916465722,14.103574727438941,13.772050933649973,14.0206937789917,653800,0.0,0.0
1997-11-18,14.034509170185093,14.145017116407024,13.910187730685422,13.965441703796387,681200,0.0,0.0
1997-11-19,13.99306637130053,14.227895718104191,13.99306637130053,14.17264175415039,664200,0.0,0.0
1997-11-20,14.28315119747893,14.600861523921884,14.28315119747893,14.49035358428955,1002600,0.0,0.0
1997-11-21,14.600860077916211,14.697554515518304,14.324590256195942,14.47653865814209,684600,0.0,0.0
1997-11-24,14.421291825873999,14.53179980921403,14.366037834203985,14.435105323791504,763600,0.0,0.0
1997-11-25,14.49035597837196,14.780439367834125,14.49035597837196,14.642304420471191,793600,0.0,0.0
1997-11-26,14.725187756017965,15.194846652551371,14.725187756017965,14.960017204284668,1305400,0.0,0.0
1997-11-28,14.956114973151319,15.109012059308071,14.956114973151319,14.997814178466797,263200,0.21,0.0
1997-12-01,15.178517295715006,15.665008234680231,15.150717813488422,15.59550952911377,1470800,0.0,0.0
1997-12-02,15.53991199932267,15.901305301632501,15.53991199932267,15.706708908081055,956000,0.0,0.0
1997-12-03,15.720608832451063,15.94300471336991,15.706709089893634,15.748408317565918,1114200,0.0,0.0
1997-12-04,15.720606341105812,16.068099849971986,15.720606341105812,16.040300369262695,1285400,0.0,0.0
1997-12-05,15.956906424991875,16.234901310444695,15.943006680719234,16.207101821899414,1547200,0.0,0.0
1997-12-08,16.151486469770646,16.276584041395378,16.10978727922907,16.165386199951172,755600,0.0,0.0
1997-12-09,16.137599697788936,16.20709840449776,15.929103577662463,16.082000732421875,992400,0.0,0.0
1997-12-10,16.068096160888672,16.08199589805207,15.804001154784102,16.068096160888672,826800,0.0,0.0
1997-12-11,15.84570478385603,15.943002971125322,15.623308927240508,15.790105819702148,1421600,0.0,0.0
1997-12-12,15.845697539909082,15.942995682697997,15.692800458383644,15.873497009277344,1387200,0.0,0.0
1997-12-15,15.873501357704786,16.220994820001298,15.859601619212924,16.193195343017578,1013000,0.0,0.0
1997-12-16,16.220996093750003,16.220996093750003,15.956901041666669,16.05419921875,799800,0.0,0.0
1997-12-17,16.179296875000002,16.193196614583336,16.012500000000003,16.05419921875,633200,0.0,0.0
1997-12-18,16.05420010961734,16.123698811390575,15.984701407844106,16.040300369262695,799400,0.0,0.0
1997-12-19,15.873497417994908,15.998595033373151,15.651101657322474,15.95689582824707,1004600,0.0,0.0
1997-12-22,15.901301576037351,16.09589792399585,15.901301576037351,15.943000793457031,578800,0.0,0.0
1997-12-23,15.831805128039736,15.873504351379612,15.567710046887186,15.59550952911377,668000,0.0,0.0
1997-12-24,15.5677151026194,15.581614848246739,15.095123751289883,15.206321716308594,405400,0.0,0.0
1997-12-26,15.122918414725294,15.414812979715396,15.122918414725294,15.40091323852539,222600,0.0,0.0
1997-12-29,15.539905460401512,15.720602035522461,15.539905460401512,15.720602035522461,520400,0.0,0.0
1997-12-30,15.79010581970215,15.84570478385603,15.651108409317448,15.790105819702148,552200,0.0,0.0
1997-12-31,15.706709089893634,15.790107545238202,15.637210377106495,15.748408317565918,341000,0.0,0.0
1998-01-02,15.609407552083335,15.67890625,15.595507812500001,15.63720703125,510600,0.0,0.0
1998-01-05,15.692811907605924,15.748410886906564,15.55381445935432,15.678912162780762,1844000,0.0,0.0
1998-01-06,15.289712388873536,15.317511865944216,15.053416833772763,15.17851448059082,1857800,0.0,0.0
1998-01-07,15.178517958697151,15.178517958697151,14.719826481923336,14.88662338256836,1716000,0.0,0.0
1998-01-08,14.886618310507714,14.942217258446117,14.455726463985082,14.622523307800293,1575200,0.0,0.0
1998-01-09,14.608627079069151,14.622526819391767,14.316732532294221,14.344532012939453,1910800,0.0,0.0
1998-01-12,14.122133091729902,14.288929939270018,14.080433879844872,14.28892993927002,946400,0.0,0.0
1998-01-13,14.288930591590601,14.566925350181858,14.288930591590601,14.42792797088623,1147800,0.0,0.0
1998-01-14,14.553021980574911,14.67811959072312,14.539122246114,14.664219856262207,721000,0.0,0.0
1998-01-15,14.622527704184188,14.733725633493572,14.427931327892763,14.539129257202148,979200,0.0,0.0
1998-01-16,14.650329589843748,14.692028820175373,14.59473061606825,14.65032958984375,750400,0.0,0.0
1998-01-20,14.73372704744116,14.858824729919434,14.636428849958058,14.858824729919434,953800,0.0,0.0
1998-01-21,14.80322848436219,14.914426444808102,14.247238682132624,14.372336387634277,1247200,0.0,0.0
1998-01-22,14.288930591590601,14.427927970886229,14.177732688154098,14.42792797088623,1133200,0.0,0.0
1998-01-23,14.427933447487462,14.497432163515821,14.038740637728647,14.149938583374023,902400,0.0,0.0
1998-01-26,14.191632008247788,14.386228333532284,14.136033058166506,14.136033058166504,758000,0.0,0.0
1998-01-27,14.094337479805834,14.594728159562253,14.080437738701487,14.525229454040527,1182400,0.0,0.0
1998-01-28,14.511329774874802,14.803224339311939,14.358432622074396,14.539129257202148,1246400,0.0,0.0
1998-01-29,14.553027153015137,14.692024547026742,14.511327934811655,14.553027153015137,3549000,0.0,0.0
1998-01-30,14.55302478350126,14.55302478350126,14.358428463569055,14.455726623535156,1550600,0.0,0.0
1998-02-02,14.511325868601164,14.844919566729926,14.511325868601164,14.71982192993164,934200,0.0,0.0
1998-02-03,14.733726223643755,14.928322607729616,14.67812725676208,14.88662338256836,988200,0.0,0.0
1998-02-04,14.844919436544343,15.095114707946776,14.705922063542992,15.095114707946777,916600,0.0,0.0
1998-02-05,15.122919854370679,15.178518824423511,14.900523974159345,15.081220626831055,661200,0.0,0.0
1998-02-06,15.053419424330487,15.34531398380504,15.053419424330487,15.122918128967285,751400,0.0,0.0
1998-02-09,15.12292200233873,15.192420724775948,14.970024812976849,15.136821746826172,634000,0.0,0.0
1998-02-10,15.192414976365074,15.289713150962106,14.900520452573979,14.928319931030273,1487200,0.0,0.0
1998-02-11,14.942213615001844,15.081210950955349,14.872714947025091,15.053411483764648,1145200,0.0,0.0
1998-02-12,15.032706520774147,15.270654389352508,14.892737186316287,15.242660522460938,639600,0.235,0.0
1998-02-13,15.130683096911552,15.130683096911552,14.892735259124784,14.962719917297363,616800,0.0,0.0
1998-02-17,15.01870858426896,15.228662571933485,14.990714719247025,15.144680976867676,918600,0.0,0.0
1998-02-18,15.200666575006313,15.382626672128856,15.14467885281476,15.2146635055542,889800,0.0,0.0
1998-02-19,15.284651322798295,15.340639056581438,15.186672788677793,15.242660522460938,774000,0.0,0.0
1998-02-20,15.452613394007045,15.452613394007045,15.256656340097535,15.410622596740723,1622600,0.0,0.0
1998-02-23,15.368631216864642,15.494603603888123,15.298646557407153,15.354634284973145,838800,0.0,0.0
1998-02-24,15.312645479476746,15.354636280608768,15.116688407527318,15.270654678344727,1203000,0.0,0.0
1998-02-25,15.326640778381183,15.578585558299777,15.312643846163482,15.480607032775879,867800,0.0,0.0
1998-02-26,15.480603603824907,15.62057289499873,15.396622029120612,15.606575965881348,877000,0.0,0.0
1998-02-27,15.606571162629617,15.760537335534483,15.564580388201017,15.690552711486816,1204400,0.0,0.0
1998-03-02,15.690555270811188,15.7185491249964,15.578579854070341,15.662561416625977,636400,0.0,0.0
1998-03-03,15.592583858605586,15.704559326171873,15.564589991714014,15.704559326171875,531200,0.0,0.0
1998-03-04,15.746549040832244,15.746549040832244,15.508601188659668,15.508601188659668,948600,0.0,0.0
1998-03-05,15.452616119384764,15.494606924057006,15.340640640258789,15.396628379821777,614400,0.0,0.0
1998-03-06,15.452609277214233,15.830526351928711,15.452609277214233,15.830526351928711,835000,0.0,0.0
1998-03-09,15.81653429449891,15.81653429449891,15.452614036395394,15.564589500427246,592900,0.0,2.0
1998-03-10,15.788546959276303,15.844534714451042,15.592589816164717,15.732559204101562,510200,0.0,0.0
1998-03-11,15.732552568395654,16.04048509197635,15.676564836835526,16.01249122619629,556800,0.0,0.0
1998-03-12,15.984493680219348,16.040481398889117,15.816530524210037,15.844524383544922,550700,0.0,0.0
1998-03-13,15.956493925470793,16.20843856639928,15.676555435550254,16.180444717407227,1844500,0.0,0.0
1998-03-16,16.152456335294044,16.54437035382804,16.152456335294044,16.516376495361328,1355800,0.0,0.0
1998-03-17,16.628352692210814,16.796315850717995,16.516377253206027,16.768321990966797,1489000,0.0,0.0
1998-03-18,16.79631293414043,16.964276063481833,16.768319079250197,16.8523006439209,729000,0.0,0.0
1998-03-19,16.852308208186454,17.32820395492926,16.824314340730993,17.216228485107422,1538700,0.0,0.0
1998-03-20,17.580143525109687,17.580143525109687,17.244217215712684,17.2722110748291,1447300,0.0,0.0
1998-03-23,17.16023203006461,17.16023203006461,16.90828735099351,16.936281204223633,613500,0.0,0.0
1998-03-24,16.88030207564191,17.244222352562883,16.88030207564191,17.216228485107422,407500,0.0,0.0
1998-03-25,17.412174433272405,17.412174433272405,16.57235894613708,16.90828514099121,599700,0.0,0.0
1998-03-26,16.656342671922417,16.964275057453754,16.572361112232052,16.936281204223633,567600,0.0,0.0
1998-03-27,17.300201912491875,17.300201912491875,16.79631253639988,16.99226951599121,759100,0.0,0.0
1998-03-30,16.964279009225173,17.132242167732354,16.740328131215602,16.768321990966797,837100,0.0,0.0
1998-03-31,16.90828735099351,17.468164415595947,16.71233037838266,16.936281204223633,1205200,0.0,0.0
1998-04-01,16.908289968074858,16.908289968074858,16.404400531940176,16.824308395385742,1048500,0.0,0.0
1998-04-02,16.824314340730993,17.3002100874738,16.796320473275536,17.216228485107422,907300,0.0,0.0
1998-04-03,17.384190057779286,17.41218392260663,17.13224527433321,17.244220733642578,735100,0.0,0.0
1998-04-06,17.46817165226131,17.664128706052704,17.160239139160552,17.244220733642578,698500,0.0,0.0
1998-04-07,17.244222352562883,17.496167159662015,17.020271412919207,17.216228485107422,817500,0.0,0.0
1998-04-08,17.24421632251056,17.468167183841867,17.13224089184491,17.188228607177734,698800,0.0,0.0
1998-04-09,17.356197186552297,17.552154251561756,16.908295323673528,17.524160385131836,649900,0.0,0.0
1998-04-13,17.496164738209256,18.16801746415649,17.496164738209256,18.084035873413086,1679900,0.0,0.0
1998-04-14,18.25199859176857,20.099593541242076,18.22400472889776,19.315765380859375,3679300,0.0,0.0
1998-04-15,19.259764409698217,19.259764409698217,18.615906006467025,18.979825973510742,1568100,0.0,0.0
1998-04-16,18.783881403528312,18.783881403528312,18.30798574948959,18.531936645507812,1166600,0.0,0.0
1998-04-17,18.50394906480628,18.61592455082629,18.279998092766267,18.58793067932129,1450000,0.0,0.0
1998-04-20,18.811872725053266,18.811872725053266,18.196007844173547,18.4759464263916,695700,0.0,0.0
1998-04-21,18.419963419987603,18.419963419987603,18.05604317004864,18.196012496948242,677400,0.0,0.0
1998-04-22,18.47594501015669,18.923846707372608,18.47594501015669,18.69989585876465,1170300,0.0,0.0
1998-04-23,18.419963419987603,18.615920477647048,18.084037035428562,18.196012496948242,767900,0.0,0.0
1998-04-24,18.168022354505666,18.307991710087375,17.7201204166442,18.000059127807617,617500,0.0,0.0
1998-04-27,17.636132148004346,17.636132148004346,16.90829177364226,17.35619354248047,808200,0.0,0.0
1998-04-28,17.916075286374596,17.916075286374596,17.30021019840547,17.412185668945312,572300,0.0,0.0
1998-04-29,17.496156692504883,17.63612594604492,17.35618743896484,17.496156692504883,682100,0.0,0.0
1998-04-30,17.888081640567417,18.08403871644218,17.720118432674766,17.804100036621094,887400,0.0,0.0
1998-05-01,18.00005428266968,18.140023600575354,17.832091101182872,18.084035873413086,878800,0.0,0.0
1998-05-04,18.08403978151921,18.14002752078088,17.636137867425855,17.72011947631836,546100,0.0,0.0
1998-05-05,17.608140976398023,17.608140976398023,17.076257544678526,17.244220733642578,734200,0.0,0.0
1998-05-06,17.132239695064357,17.272208973618802,16.796313426533683,17.076251983642578,1429500,0.0,0.0
1998-05-07,16.964279308319092,17.048260889053342,16.768322286605834,16.796316146850586,531800,0.0,0.0
1998-05-08,16.796310424804688,17.552144393920898,16.796310424804688,17.496156692504883,909900,0.0,0.0
1998-05-11,17.496167271850194,17.692124345294914,17.38419180131035,17.412185668945312,816300,0.0,0.0
1998-05-12,17.24422630710329,17.60814666748047,17.076263063852284,17.60814666748047,869200,0.0,0.0
1998-05-13,17.4961602076506,17.664123345644047,17.10424621899923,17.46816635131836,561600,0.0,0.0
1998-05-14,17.30020493394552,17.468168088644017,17.188229497479853,17.2722110748291,582100,0.0,0.0
1998-05-15,17.244217215712684,17.468168088644017,17.076254061014186,17.2722110748291,584800,0.0,0.0
1998-05-18,17.32821055291926,17.468179943492114,17.244228918575548,17.300216674804688,310400,0.0,0.0
1998-05-19,17.412180370411185,17.55214966599327,17.188229497479853,17.2722110748291,499000,0.0,0.0
1998-05-20,17.44017512413763,17.46816898469002,17.244218100270917,17.35619354248047,873400,0.0,0.0
1998-05-21,17.49616851927168,17.832094954841697,17.188235953332498,17.72011947631836,511700,0.0,0.0
1998-05-22,17.72011947631836,17.86008882447253,17.66413173705669,17.72011947631836,433700,0.0,0.0
1998-05-26,17.832088257157434,17.88807597539027,17.216223356596267,17.2722110748291,361500,0.0,0.0
1998-05-27,17.13224576867145,17.13224576867145,16.264435933983844,16.740331649780273,941000,0.0,0.0
1998-05-28,16.74032974243164,17.132243816669174,16.74032974243164,17.104249954223633,450300,0.0,0.0
1998-05-29,17.210155270244968,17.294656850949934,17.069319302403358,17.09748649597168,500500,0.235,0.0
1998-06-01,17.069316864013672,17.210152811736556,16.81581215811248,17.069316864013672,521100,0.0,0.0
1998-06-02,17.350988759459444,17.37915594900402,17.041149674469096,17.069316864013672,565400,0.0,0.0
1998-06-03,17.012980428682702,17.041147614822908,16.505971078159046,16.562305450439453,352700,0.0,0.0
1998-06-04,16.477809676741916,17.012986401285673,16.083468932341255,16.872150421142578,1229700,0.0,0.0
1998-06-05,16.984821319580078,17.012988519115037,16.674982124695532,16.984821319580078,822100,0.0,0.0
1998-06-08,17.097489979228037,17.576332367443648,17.012988381307633,17.181991577148438,1051300,0.0,0.0
1998-06-09,17.06932412342084,17.18199292951603,16.67498330208769,16.84398651123047,943300,0.0,0.0
1998-06-10,16.815812914851584,16.84398010566373,16.477806625105824,16.50597381591797,1517100,0.0,0.0
1998-06-11,16.590480417064462,16.646814815764174,16.22430682551635,16.365142822265625,1137200,0.0,0.0
1998-06-12,16.449641547768802,16.73131349207991,16.33697277004436,16.61864471435547,753600,0.0,0.0
1998-06-15,16.224309747869317,16.477814587679774,16.055306521329012,16.11164093017578,1230800,0.0,0.0
1998-06-16,16.111640667325617,16.196142279217185,15.520129384084642,15.94263744354248,1733700,0.0,0.0
1998-06-17,16.055300194499402,16.365139321059914,16.055300194499402,16.280637741088867,1454500,0.0,0.0
1998-06-18,16.308806429411238,16.42147521303411,16.055301666259766,16.055301666259766,561500,0.0,0.0
1998-06-19,15.801799774169922,15.914468578263824,15.689130970076018,15.801799774169922,1232200,0.0,0.0
1998-06-22,15.829966975193397,16.08347178440468,15.689130970076018,15.801799774169922,950300,0.0,0.0
1998-06-23,15.942637355615062,16.224309393700135,15.77363413276402,15.886302947998047,984800,0.0,0.0
1998-06-24,15.998970254207762,16.421478271484375,15.942635851904214,16.421478271484375,893600,0.0,0.0
1998-06-25,16.61864654593723,16.61864654593723,16.252472977975902,16.308807373046875,598600,0.0,0.0
1998-06-26,15.99896727444833,16.224304841694078,15.97080007854261,16.055301666259766,619100,0.0,0.0
1998-06-29,16.111640418927696,16.393312454223633,16.111640418927696,16.393312454223633,666900,0.0,0.0
1998-06-30,16.47780960484555,16.50597680075127,15.942632882636891,16.055301666259766,738100,0.0,0.0
1998-07-01,15.942631421204668,16.280637741088867,15.942631421204668,16.280637741088867,1228700,0.0,0.0
1998-07-02,15.998968908231552,16.477811287527214,15.998968908231552,16.449644088745117,1016500,0.0,0.0
1998-07-06,16.477807998657227,16.53414238497742,16.224303260216345,16.477807998657227,1220200,0.0,0.0
1998-07-07,16.421476889963017,16.562312883873506,16.39330969118092,16.449644088745117,809100,0.0,0.0
1998-07-08,16.44964669556286,16.618649915037818,16.308810679333725,16.590482711791992,1423800,0.0,0.0
1998-07-09,16.61864471435547,16.67497910321769,16.449641547768802,16.61864471435547,776600,0.0,0.0
1998-07-10,16.365142492398824,16.53414568509141,16.224306498488335,16.449644088745117,610500,0.0,0.0
1998-07-13,16.365139321059914,16.449640901030964,16.167968967794135,16.280637741088867,587400,0.0,0.0
1998-07-14,16.224303260216345,16.505975191817324,16.224303260216345,16.477807998657227,1067700,0.0,0.0
1998-07-15,16.449644420315188,16.477811619665044,16.16797242681664,16.365142822265625,978400,0.0,0.0
1998-07-16,16.421468872773023,17.153815683565643,16.30880013265108,17.125648498535156,1619100,0.0,0.0
1998-07-17,17.15382663949022,17.801672308961937,16.928489015326146,17.407331466674805,2874300,0.0,0.0
1998-07-20,17.350988521132358,17.379155710290043,16.759477548821028,16.956647872924805,1083200,0.0,0.0
1998-07-21,16.78765313451278,17.012990760479394,16.44964669556286,16.590482711791992,1235500,0.0,0.0
1998-07-22,16.646809769978702,16.815812914851584,16.421472243481528,16.50597381591797,1058600,0.0,0.0
1998-07-23,16.505974521603676,16.61864328966923,16.139801025390625,16.139801025390625,680000,0.0,0.0
1998-07-24,16.25246979345618,16.336971369505346,15.773627529177576,16.139801025390625,830200,0.0,0.0
1998-07-27,15.77363439024241,15.97080482012044,15.43562793902293,15.745467185974121,1236500,0.0,0.0
1998-07-28,15.43562422318892,15.576460210626776,15.013116260875355,15.491958618164062,1331000,0.0,0.0
1998-07-29,15.379294380037317,15.858136879049468,15.379294380037317,15.689133644104004,1169800,0.0,0.0
1998-07-30,15.773630695066592,15.970801078754924,15.43562432302945,15.548293113708496,1085800,0.0,0.0
1998-07-31,15.548288836198694,15.745459165643242,15.041279417626997,15.322951316833496,1116500,0.0,0.0
1998-08-03,15.294782759290221,15.491953071104277,15.125779634878175,15.351117134094238,1149900,0.0,0.0
1998-08-04,15.463785015691922,15.463785015691922,14.308930397033691,14.308930397033691,1315900,0.0,0.0
1998-08-05,14.534278414466163,15.069455332828289,14.280773558399893,14.872284889221191,1383800,0.0,0.0
1998-08-06,14.75960923672617,15.153949941524198,14.703274850326453,15.013113975524902,928100,0.0,0.0
1998-08-07,15.041288126598703,15.125789745287461,14.703281651843676,14.872284889221191,782600,0.0,0.0
1998-08-10,14.759606721336274,14.759606721336274,14.28076451854483,14.477934837341309,751700,0.0,0.0
1998-08-11,13.91459276946354,14.308933455237812,13.435750508166214,14.168097496032715,1338800,0.0,0.0
1998-08-12,14.196267726809479,14.815946079963862,14.196267726809479,14.534274101257324,1043900,0.0,0.0
1998-08-13,14.534277657901539,14.70328088648179,14.280772815031163,14.365274429321289,640100,0.0,0.0
1998-08-14,14.477940000336746,14.618775992557921,13.689258443898169,13.886428833007812,886200,0.0,0.0
1998-08-17,13.745597869812133,14.111771583557129,13.520260199815214,14.111771583557129,730100,0.0,0.0
1998-08-18,14.11176179584704,14.506102444832786,14.11176179584704,14.44976806640625,723400,0.0,0.0
1998-08-19,14.590606901380749,14.67510848575168,14.055430200364853,14.196266174316406,907500,0.0,0.0
1998-08-20,13.970932871706571,13.999100075076948,13.830096854854691,13.91459846496582,705600,0.0,0.0
1998-08-21,13.63292022705078,13.661087417602538,13.041409225463866,13.379415512084961,1367800,0.0,0.0
1998-08-24,13.632923023334676,13.801926201309898,13.435752649030249,13.57658863067627,799400,0.0,0.0
1998-08-25,13.80193060722904,13.970933839154293,13.548425759341159,13.60476016998291,1092200,0.0,0.0
1998-08-26,13.379416267077128,13.661088188489277,13.238580306371052,13.520252227783203,1018500,0.0,0.0
1998-08-27,13.294920218618293,13.379421830177307,12.731576141558197,12.844244956970215,1433200,0.0,0.0
1998-08-28,12.951028866618202,13.4622536903005,12.667015075683594,12.667015075683594,1437700,0.235,0.0
1998-08-31,12.780619719449213,12.92262660522087,11.587761878967285,11.587761878967285,1185800,0.0,0.0
1998-09-01,11.644565393636515,13.064634344079993,11.246946087512342,12.922627449035645,1823900,0.0,0.0
1998-09-02,12.922627449035646,13.490655029213036,12.752219174982429,12.922627449035645,1589900,0.0,0.0
1998-09-03,12.610218170305686,12.780626523958464,12.326204247551052,12.411408424377441,887600,0.0,0.0
1998-09-04,12.581810986310586,12.809022019923418,11.928579264673694,12.354599952697754,871900,0.0,0.0
1998-09-08,13.064637062913281,13.462256451784555,12.780623213719513,13.4054536819458,913000,0.0,0.0
1998-09-09,13.433854168717579,13.519058317779214,13.178241721532679,13.206643104553223,1451200,0.0,0.0
1998-09-10,12.496606792722428,12.723817825317381,12.269395760127475,12.723817825317383,1485100,0.0,0.0
1998-09-11,12.2693973757186,13.547459602355955,12.240995992904438,13.547459602355957,1459000,0.0,0.0
1998-09-14,13.803069114685059,14.030280128918557,13.689463607568308,13.803069114685059,1346800,0.0,0.0
1998-09-15,13.746269972428033,14.39950180996077,13.689467203946926,14.371100425720215,1538300,0.0,0.0
1998-09-16,14.655116133391855,14.797123072668908,14.342700866982339,14.541510581970215,2278300,0.0,0.0
1998-09-17,13.973478294280639,14.342696216690493,13.916675536986816,14.14388656616211,684700,0.0,0.0
1998-09-18,14.143883708953858,14.314291946411133,14.143883708953858,14.20068645477295,1219500,0.0,0.0
1998-09-21,13.859881231861731,14.172296587497959,13.746275647994011,14.087092399597168,537500,0.0,0.0
1998-09-22,14.200695022613465,14.456307533020507,14.14389224252301,14.229096412658691,675400,0.0,0.0
1998-09-23,14.285899819430828,14.797124862670898,14.229097036848598,14.797124862670898,910300,0.0,0.0
1998-09-24,14.768723471379783,14.967533210417587,14.314301210721943,14.797124862670898,1208500,0.0,0.0
1998-09-25,14.314302313817691,14.740323216014646,14.314302313817691,14.51311206817627,1302700,0.0,0.0
1998-09-28,14.48470314587552,14.939125205353967,13.689464541788237,13.888274192810059,1399400,0.0,0.0
1998-09-29,14.001882582294696,14.087086735939492,13.57586181407072,13.916678428649902,1045500,0.0,0.0
1998-09-30,13.746268408639091,13.85987393267743,13.007832502389885,13.121438026428223,859900,0.0,0.0
1998-10-01,13.007840560947686,13.093044756761754,12.525016784667969,12.525016784667969,1258700,0.0,0.0
1998-10-02,12.95103153301652,13.405453692069731,12.35460244925918,13.377052307128906,948900,0.0,0.0
1998-10-05,13.064636263931007,13.093037647113466,12.12739061890987,12.951030731201172,1305500,0.0,0.0
1998-10-06,13.178243024795217,13.291848568112416,12.212595906599015,12.297800064086914,983900,0.0,0.0
1998-10-07,12.269397872815029,12.383003408674428,11.360553585939842,11.843377113342285,1286000,0.0,0.0
1998-10-08,11.587765801221805,11.587765801221805,10.622118651119987,11.3321533203125,1637100,0.0,0.0
1998-10-09,11.474164534404204,12.070593879014323,11.388960342317043,12.01379108428955,1200800,0.0,0.0
1998-10-12,12.326198618271771,12.553409652709961,12.070586204528809,12.070586204528809,906400,0.0,0.0
1998-10-13,12.07058911085695,12.212596041572915,11.814976635568215,11.95698356628418,1208700,0.0,0.0
1998-10-14,12.070586204528809,12.411402756186092,11.814973790785846,12.070586204528809,862200,0.0,0.0
1998-10-15,12.070582499789555,13.12143321153594,11.900174276263115,12.8090181350708,1727000,0.0,0.0
1998-10-16,13.348647964048578,14.371097595337405,13.036232798932547,14.14388656616211,3226200,0.0,0.0
1998-10-19,14.14389244454806,14.28589939680256,13.661068806882765,13.859878540039062,949100,0.0,0.0
1998-10-20,13.94507595504431,14.541504865545186,13.94507595504431,14.456300735473633,1695400,0.0,0.0
1998-10-21,14.456307533020507,14.484708923065734,14.200695022613465,14.229096412658691,1268500,0.0,0.0
1998-10-22,14.200697983464888,14.200697983464888,13.575867272192433,14.087092399597168,914900,0.0,0.0
1998-10-23,14.143886666973348,14.143886666973348,13.433852195739746,13.433852195739746,540100,0.0,0.0
1998-10-26,13.57586199146206,13.74627030097832,13.4054536819458,13.4054536819458,558000,0.0,0.0
1998-10-27,13.547453770352043,13.604256511527524,12.638609911544359,12.8090181350708,1322800,0.0,0.0
1998-10-28,12.809028494306007,13.093042429878201,12.496613165176592,13.007838249206543,954600,0.0,0.0
1998-10-29,13.09304697048996,13.377061004556987,12.922638550049744,13.263455390930176,568800,0.0,0.0
1998-10-30,13.433854008704115,13.774670600891112,13.405452626021866,13.774670600891113,933000,0.0,0.0
1998-11-02,14.31429582075639,14.427901343143347,13.973479253595524,14.058683395385742,1143400,0.0,0.0
1998-11-03,14.257502506649685,14.399509503727868,14.03029131132459,14.314305305480957,936400,0.0,0.0
1998-11-04,14.541507750984254,14.655113280288818,14.285895310048984,14.427902221679688,980200,0.0,0.0
1998-11-05,14.314296626491288,14.683514595031737,14.172289715514191,14.683514595031738,637100,0.0,0.0
1998-11-06,14.569904327392578,15.251537278381704,14.456298835561057,14.569904327392578,720600,0.0,0.0
1998-11-09,14.456300746849472,14.484702123562338,13.916674589304991,14.285892486572266,657200,0.0,0.0
1998-11-10,14.087087619712417,14.285897324022873,13.973482074392155,14.11548900604248,459900,0.0,0.0
1998-11-11,14.200700269200494,14.257503070277297,13.547468056817271,13.689475059509277,825600,0.0,0.0
1998-11-12,13.661066075207545,13.831474383837993,13.490657766577097,13.604263305664062,578200,0.0,0.0
1998-11-13,13.632667416431866,14.14389244454806,13.547463245079166,13.859878540039062,523900,0.0,0.0
1998-11-16,13.973475471496583,14.285890573501588,13.888271352767944,14.20068645477295,571600,0.0,0.0
1998-11-17,14.1154955095715,14.598319299637327,13.831481515415131,14.314305305480957,752100,0.0,0.0
1998-11-18,14.2574911098594,14.456300746849472,14.058681472869328,14.285892486572266,837700,0.0,0.0
1998-11-19,14.399500839353548,14.655113280288818,14.257493927722843,14.427902221679688,643300,0.0,0.0
1998-11-20,14.768724609494443,14.768724609494443,14.342703707297488,14.51311206817627,710600,0.0,0.0
1998-11-23,14.598318589314093,15.47876192835833,14.598318589314093,15.166346549987793,1279500,0.0,0.0
1998-11-24,15.10953235986098,15.336743372791219,14.9391241001633,15.052729606628418,1725000,0.0,0.0
1998-11-25,15.081132938121927,15.223139839610834,14.768717754846332,14.825520515441895,701300,0.0,0.0
1998-11-27,14.87587301013539,14.87587301013539,14.589798529171247,14.73283576965332,200600,0.235,0.0
1998-11-30,14.418150907621365,14.561188119006497,13.96043183118894,14.04625415802002,1055200,0.0,0.0
1998-12-01,13.931831087656839,14.50398020829983,13.731578895431792,14.332335472106934,798000,0.0,0.0
1998-12-02,14.24651428477469,14.589803785612634,14.24651428477469,14.561196327209473,630200,0.0,0.0
1998-12-03,14.475365716267406,14.61840292690246,14.074861526489258,14.074861526489258,684600,0.0,0.0
1998-12-04,14.418149036872318,14.818653176785439,14.303719282611427,14.790045738220215,973600,0.0,0.0
1998-12-07,14.704229192216268,14.847266441167788,14.589799393055051,14.761444091796875,763700,0.0,0.0
1998-12-08,14.732832691457013,14.818655017815015,14.446758270263672,14.446758270263672,1325500,0.0,0.0
1998-12-09,14.446766493596824,14.647018702418958,14.303729201581014,14.561196327209473,661800,0.0,0.0
1998-12-10,14.647016080471838,14.647016080471838,14.246511734521436,14.475371360778809,897400,0.0,0.0
1998-12-11,14.418150458537358,14.446757899923345,13.903216513589596,14.21789836883545,1028300,0.0,0.0
1998-12-14,13.960429797066151,14.189289301936089,13.846000044631182,14.103466987609863,908000,0.0,0.0
1998-12-15,14.103473701174298,14.418155670166017,14.01765134599474,14.418155670166016,1031100,0.0,0.0
1998-12-16,14.475364154815674,14.475364154815674,14.189289764404297,14.303719520568848,574000,0.0,0.0
1998-12-17,14.418158594272478,14.73284062708398,14.360943679215842,14.704233169555664,1092300,0.0,0.0
1998-12-18,14.618403434753418,14.790048093478507,14.561188548511721,14.618403434753418,1600900,0.0,0.0
1998-12-21,14.27511411730324,14.618403434753418,14.27511411730324,14.618403434753418,659800,0.0,0.0
1998-12-22,14.503978025345576,14.589800380525137,14.275118411533418,14.418155670166016,654600,0.0,0.0
1998-12-23,14.618402846746134,14.847262382507326,14.332328427044644,14.847262382507324,945700,0.0,0.0
1998-12-24,14.847265562038976,14.87587301013539,14.732835769653319,14.73283576965332,311500,0.0,0.0
1998-12-28,14.67562353375401,14.761445893600524,14.360941547650123,14.475371360778809,458600,0.0,0.0
1998-12-29,14.418155953288078,14.704230476170778,14.217903787270188,14.647015571594238,634900,0.0,0.0
1998-12-30,14.503981410403147,14.647018702418958,14.360944118387339,14.561196327209473,520000,0.0,0.0
1998-12-31,14.475370857864618,14.704230476170778,14.418155953288078,14.647015571594238,547400,0.0,0.0
1999-01-04,14.532580375671387,14.81865479251531,14.332328283880639,14.532580375671387,835100,0.0,0.0
1999-01-05,14.475373509329115,14.73284062708398,14.446766051800797,14.704233169555664,778200,0.0,0.0
1999-01-06,14.6756139866183,15.247762680053711,14.6756139866183,15.247762680053711,1983600,0.0,0.0
1999-01-07,15.10473487082492,15.304987037672978,14.761445441942536,15.276379585266113,1460200,0.0,0.0
1999-01-08,15.476619069256,15.476619069256,15.04750763480343,15.333581924438477,958200,0.0,0.0
1999-01-11,15.276375503540038,15.276375503540038,14.847263832092285,15.018908500671387,669700,0.0,0.0
1999-01-12,14.704225249337679,14.761440133576347,14.275113617547667,14.446758270263672,905500,0.0,0.0
1999-01-13,13.645751007049682,14.503974340826392,13.645751007049682,14.360937118530273,1280200,0.0,0.0
1999-01-14,14.160690485689157,14.24651285226909,13.76018610831613,13.788793563842773,993600,0.0,0.0
1999-01-15,13.90321537399292,14.332326959609986,13.874607934951783,14.303719520568848,1301700,0.0,0.0
1999-01-19,14.18929434017259,14.246509236705545,13.788790064441914,14.01764965057373,736500,0.0,0.0
1999-01-20,14.07486297423581,14.64701187562751,14.07486297423581,14.24650764465332,1139200,0.0,0.0
1999-01-21,14.360942928139082,14.418157840203381,13.960438543688989,14.332335472106934,1083000,0.0,0.0
1999-01-22,14.332328134379399,14.532580224081306,14.13207604467749,14.21789836883545,1023000,0.0,0.0
1999-01-25,14.189289301936089,14.389541368697284,14.017644673283636,14.103466987609863,604900,0.0,0.0
1999-01-26,14.160685007315708,14.360937118530273,14.074862673938037,14.360937118530273,910300,0.0,0.0
1999-01-27,14.275120307795735,14.275120307795735,13.76018610831613,13.788793563842773,1134100,0.0,0.0
1999-01-28,13.84600371387806,14.30372284491535,13.81739626818823,14.132078170776367,1304500,0.0,0.0
1999-01-29,14.38954584458295,14.58979797363281,13.960434139476101,14.589797973632812,1285700,0.0,0.0
1999-02-01,14.589800169973662,14.589800169973662,14.103473497641208,14.160688400268555,990100,0.0,0.0
1999-02-02,14.046254530855657,14.189291746037487,13.846002429601096,13.903217315673828,1432100,0.0,0.0
1999-02-03,13.788787543528365,14.017647087819292,13.760180100491999,13.903217315673828,1117700,0.0,0.0
1999-02-04,13.817398315668106,13.989043015241622,13.64575361609459,13.731575965881348,1051900,0.0,0.0
1999-02-05,13.731572657455633,13.96043220174656,13.702965214419267,13.903217315673828,1161500,0.0,0.0
1999-02-08,13.845998564295211,14.01764317459639,13.817391129245014,13.9318208694458,976900,0.0,0.0
1999-02-09,13.874610248573605,14.103469799065541,13.64575069808167,13.760180473327637,728600,0.0,0.0
1999-02-10,13.731572657455633,13.96043220174656,13.645750328346535,13.903217315673828,437600,0.0,0.0
1999-02-11,13.788785168413698,14.189289301936089,13.760177730304957,14.103466987609863,634100,0.0,0.0
1999-02-12,14.132074425718605,14.132074425718605,13.702962854087472,14.103466987609863,524400,0.0,0.0
1999-02-16,14.160691799561672,14.275121632285401,13.81740230139048,13.989047050476074,821000,0.0,0.0
1999-02-17,13.846006065118509,14.246510372787226,13.788791164022978,13.96043586730957,946500,0.0,0.0
1999-02-18,13.989045999721137,14.389550384171232,13.903223631624689,14.332335472106934,907300,0.0,0.0
1999-02-19,14.360935798058142,14.618402774517351,14.332328356229342,14.503973007202148,953800,0.0,0.0
1999-02-22,14.446758266581531,14.961692224598298,14.446758266581531,14.818655014038086,1232100,0.0,0.0
1999-02-23,14.761438299654992,14.93308293104633,14.647008545394101,14.790045738220215,1004600,0.0,0.0
1999-02-24,14.790040254128144,14.990292249832006,14.64700311433967,14.675610542297363,952800,0.0,0.0
1999-02-25,14.647015571594238,14.704230476170778,14.475370857864618,14.647015571594238,889900,0.0,0.0
1999-02-26,14.882365226745605,14.940048812895784,14.62278908906981,14.882365226745605,669200,0.26,0.0
1999-03-01,14.76699656585039,14.940047306856448,14.709312985515036,14.795838356018066,906100,0.0,0.0
1999-03-02,14.853515188926256,14.853515188926256,14.44973031000399,14.507413864135742,1247900,0.0,0.0
1999-03-03,14.593942830313358,14.824677104310407,14.593942830313358,14.622784614562988,798300,0.0,0.0
1999-03-04,14.651629764593922,14.911205882470586,14.622787973718737,14.853522300720215,590100,0.0,0.0
1999-03-05,14.968885986284278,15.170778475501985,14.536259223674906,15.055411338806152,751300,0.0,0.0
1999-03-08,15.084251400126453,15.170776742765801,14.85351715308819,14.940042495727539,716500,0.0,0.0
1999-03-09,14.94004852294922,15.343833618164064,14.882364937918528,15.14194107055664,1004300,0.0,0.0
1999-03-10,15.228466340537382,15.43035888671875,15.026573794356016,15.43035888671875,1111900,0.0,0.0
1999-03-11,15.459196278946802,15.516879847151827,15.228462006126701,15.488038063049316,765900,0.0,0.0
1999-03-12,15.6034099357663,15.6034099357663,15.113099457193236,15.170783042907715,1028900,0.0,0.0
1999-03-15,15.632246793206058,15.689930360708662,15.113094685682608,15.459196090698242,1098600,0.0,0.0
1999-03-16,15.488036920795333,15.776454740549436,15.28614444696746,15.314986228942871,953000,0.0,0.0
1999-03-17,15.199618523645583,15.286143866284933,14.882358933967971,14.940042495727539,783300,0.0,0.0
1999-03-18,14.968890315464566,15.170782863071988,14.79583956037249,15.14194107055664,1360600,0.0,0.0
1999-03-19,15.170783400535583,15.170783400535583,14.766998291015625,14.766998291015625,1292000,0.0,0.0
1999-03-22,14.766995059742646,14.997729357551126,14.709311485290527,14.709311485290527,801600,0.0,0.0
1999-03-23,14.738145689810477,14.738145689810477,14.190152014455487,14.305519104003906,536900,0.0,0.0
1999-03-24,14.247842393410759,14.420893110739634,14.045949889860404,14.334367752075195,876400,0.0,0.0
1999-03-25,14.363202648778115,14.449727965939429,14.190152014455487,14.305519104003906,894300,0.0,0.0
1999-03-26,14.219001990398258,14.219001990398258,13.90174231109931,14.10363483428955,730200,0.0,0.0
1999-03-29,14.103638224485444,14.420897980046465,14.103638224485444,14.190163612365723,478100,0.0,0.0
1999-03-30,14.190163758780452,14.190163758780452,13.815220407430562,13.901745796203613,636200,0.0,0.0
1999-03-31,14.0171125549631,14.190163327246596,13.699852805776693,13.98827075958252,875700,0.0,0.0
1999-04-01,13.728691872044612,13.81521724098607,13.497957554867392,13.699850082397461,774200,0.0,0.0
1999-04-05,13.49794929568507,13.78636701567834,13.440265751686416,13.728683471679688,1226200,0.0,0.0
1999-04-06,13.844055563716566,13.901739128565385,13.52679595704806,13.613321304321289,744500,0.0,0.0
1999-04-07,13.699843684427607,14.190153879449227,13.671001908249865,14.161312103271484,702400,0.0,0.0
1999-04-08,14.103627089994498,14.507411914656917,14.103627089994498,14.363203048706055,686800,0.0,0.0
1999-04-09,14.363208214117556,14.536258915492466,14.10363216205519,14.132473945617676,635400,0.0,0.0
1999-04-12,14.017103654015846,14.651622749465123,13.815211214554713,14.507413864135742,886900,0.0,0.0
1999-04-13,14.536264179259774,14.680473149292114,14.363213415220967,14.651631355285645,669800,0.0,0.0
1999-04-14,14.651631355285646,14.853523913330921,14.593947767272711,14.651631355285645,998200,0.0,0.0
1999-04-15,14.47857358328109,14.536257143373843,13.988263322492687,14.017105102539062,1407100,0.0,0.0
1999-04-16,13.728683471679688,13.901734103675649,13.670999927681033,13.728683471679688,1255700,0.0,0.0
1999-04-19,13.728693312492924,14.276687373285709,13.671009727146316,13.930585861206055,1590900,0.0,0.0
1999-04-20,14.045951256235195,14.19016020137108,14.01710946720802,14.10363483428955,2204300,0.0,0.0
1999-04-21,14.219005760393642,14.24784755706787,13.959429590325605,14.247847557067871,1136300,0.0,0.0
1999-04-22,14.190155782817323,14.190155782817323,13.901737982353557,14.017105102539062,987800,0.0,0.0
1999-04-23,13.959423629165428,14.074790766596548,13.959423629165428,14.04594898223877,718000,0.0,0.0
1999-04-26,13.930575875674975,13.930575875674975,13.670999927681033,13.728683471679688,1057600,0.0,0.0
1999-04-27,13.786376897839533,13.930585861206056,13.642167934473012,13.930585861206055,1240900,0.0,0.0
1999-04-28,13.959425373037739,14.219001464685133,13.81521643323363,13.872900009155273,977200,0.0,0.0
1999-04-29,13.98827104064507,14.363214388126279,13.959429244684978,14.190163612365723,1084400,0.0,0.0
1999-04-30,14.132473935984601,14.449733554955683,14.045948585356124,14.27668285369873,1665600,0.0,0.0
1999-05-03,14.305516856466841,14.536250999313081,14.27667508861106,14.39204216003418,1022900,0.0,0.0
1999-05-04,14.39204999768004,14.62278426617992,14.132473945617674,14.132473945617676,983900,0.0,0.0
1999-05-05,14.132475043961149,14.478576473609177,14.103633258157148,14.449734687805176,809700,0.0,0.0
1999-05-06,14.24784755706787,14.392056540439002,14.219005760393642,14.247847557067871,1031600,0.0,0.0
1999-05-07,14.305524627685546,14.507417112350463,14.276682844161986,14.420891761779785,467000,0.0,0.0
1999-05-10,14.334370917744106,14.651630636245484,14.219003747379968,14.536263465881348,1125500,0.0,0.0
1999-05-11,14.651628036645462,15.055413061277424,14.565102674224327,15.026571273803711,2044100,0.0,0.0
1999-05-12,14.997727150140806,16.353290950249686,14.911201801197686,16.122556686401367,5403200,0.0,0.0
1999-05-13,16.728240076055382,17.59349387309273,16.526347523413335,17.045499801635742,5149600,0.0,0.0
1999-05-14,16.728241817461075,17.189710557253104,16.266773077669047,16.555191040039062,2000700,0.0,0.0
1999-05-17,15.920668688379427,16.32445376380934,15.920668688379427,16.23792839050293,1653800,0.0,0.0
1999-05-18,16.151405334472656,16.468665082114082,16.093721743992397,16.151405334472656,1584800,0.0,0.0
1999-05-19,16.151402526431614,16.612871170043945,15.862984624173905,16.612871170043945,1543600,0.0,0.0
1999-05-20,16.612866012628327,16.612866012628327,15.689929011926756,15.978346824645996,1480300,0.0,0.0
1999-05-21,16.15139695022637,16.3532894121042,15.920662708080279,16.324447631835938,2334700,0.0,0.0
1999-05-24,16.497502912554825,16.612870065789473,15.978350722998904,16.4398193359375,2206400,0.0,0.0
1999-05-25,16.295610427856445,16.497502946431656,16.23792685112067,16.295610427856445,1797900,0.0,0.0
1999-05-26,16.007193262003007,16.439820106922006,16.007193262003007,16.410978317260742,1557900,0.0,0.0
1999-05-27,16.44467838792749,16.50278679212511,15.950756952247687,16.008865356445312,1570200,0.26,0.0
1999-05-28,15.863590885409348,16.27034962606087,15.863590885409348,16.154132843017578,1011000,0.0,0.0
1999-06-01,16.154138600915893,16.154138600915893,15.311566623529993,15.45683765411377,1555300,0.0,0.0
1999-06-02,15.514937603881604,15.689262745498253,15.050070559570546,15.282504081726074,733300,0.0,0.0
1999-06-03,15.39872084280384,15.485883413612164,15.16628732064831,15.282504081726074,700400,0.0,0.0
1999-06-04,15.253456785128666,15.311565191929157,14.904806344325724,15.108185768127441,1156800,0.0,0.0
1999-06-07,15.108185796176688,15.863595085985521,15.108185796176688,15.805486679077148,1435800,0.0,0.0
1999-06-08,15.631159271070379,15.747376068624805,15.340617277184313,15.660213470458984,763900,0.0,0.0
1999-06-09,15.54399439648016,15.863590542949847,15.427777615945729,15.57304859161377,761700,0.0,0.0
1999-06-10,15.573048591613768,15.631156981880984,15.369669225678514,15.57304859161377,770900,0.0,0.0
1999-06-11,15.921695907027633,16.008858475861725,15.602099821302625,15.689262390136719,1053800,0.0,0.0
1999-06-14,15.776431601079063,15.776431601079063,15.340618573424946,15.369672775268555,721700,0.0,0.0
1999-06-15,15.427783447997014,15.74737971528132,15.398729241880257,15.45683765411377,910400,0.0,0.0
1999-06-16,15.689268559755403,16.32846098256025,15.631160157682235,16.096027374267578,1359800,0.0,0.0
1999-06-17,16.008863071455576,16.21224245711835,15.747375289889149,15.921700477600098,806300,0.0,0.0
1999-06-18,15.805484020133886,15.83453821870031,15.485887835903238,15.631158828735352,1245900,0.0,0.0
1999-06-21,15.57305218460815,15.863594202977705,15.514943780934239,15.747377395629883,699200,0.0,0.0
1999-06-22,15.543997691774281,15.602106094360353,15.48588928918821,15.602106094360352,496200,0.0,0.0
1999-06-23,15.485895877534693,15.485895877534693,15.050082672726024,15.340624809265137,564500,0.0,0.0
1999-06-24,15.398730095475912,15.398730095475912,14.817645940929651,14.875754356384277,671400,0.0,0.0
1999-06-25,14.904800308050453,15.282504799287599,14.904800308050453,15.021017074584961,422900,0.0,0.0
1999-06-28,15.021017971296072,15.340614098344926,15.021017971296072,15.079126358032227,950400,0.0,0.0
1999-06-29,14.933864651856867,15.224406765706224,14.904810440471932,15.195352554321289,826200,0.0,0.0
1999-06-30,15.22439892839365,15.573049285532436,14.904802767683096,14.933856964111328,1181300,0.0,0.0
1999-07-01,15.050074643866958,15.22439983279206,14.991966247558592,14.991966247558594,2109800,0.0,0.0
1999-07-02,15.079126358032227,15.195343131504538,14.875747004455684,15.079126358032227,3098800,0.0,0.0
1999-07-06,14.962914751126215,15.39872780212989,14.87575214092548,15.108185768127441,896000,0.0,0.0
1999-07-07,15.108180551400304,15.253451518240693,14.991963777927994,15.079126358032227,722900,0.0,0.0
1999-07-08,15.108185768127441,15.28251098852891,15.079131564727195,15.108185768127441,1417000,0.0,0.0
1999-07-09,15.311570167541504,15.573058083116216,15.224407529016599,15.311570167541504,693600,0.0,0.0
1999-07-12,15.340612967354911,15.427775541033064,15.166287819998605,15.253450393676758,644100,0.0,0.0
1999-07-13,15.34061635723551,15.514941543113185,14.991965985480157,15.22439956665039,705500,0.0,0.0
1999-07-14,15.282515282365502,15.311569493928934,14.991973166731176,15.13724422454834,770900,0.0,0.0
1999-07-15,15.456829223342723,15.456829223342723,15.137233130378869,15.282504081726074,725300,0.0,0.0
1999-07-16,15.369679022919048,15.42778745022687,15.253462168303402,15.340624809265137,753600,0.0,0.0
1999-07-19,15.34061635723551,15.398724752528068,15.108182776065274,15.22439956665039,779000,0.0,0.0
1999-07-20,15.253462168303402,15.485895877534693,15.108191100033846,15.340624809265137,954700,0.0,0.0
1999-07-21,15.427786245400771,15.427786245400771,15.108189920166481,15.195352554321289,666700,0.0,0.0
1999-07-22,15.253451518240693,15.253451518240693,14.93385539119184,15.079126358032227,439400,0.0,0.0
1999-07-23,15.253453124821883,15.253453124821883,14.8176401783984,14.933856964111328,554600,0.0,0.0
1999-07-26,14.875757644980506,15.02102871573227,14.846703430830154,14.90481185913086,364400,0.0,0.0
1999-07-27,14.93385683891856,15.166290408395891,14.93385683891856,15.050073623657227,403300,0.0,0.0
1999-07-28,14.933858567932967,14.933858567932967,14.78858757019043,14.78858757019043,771000,0.0,0.0
1999-07-29,14.759534911204701,14.846697518948037,14.527101290555809,14.70142650604248,560900,0.0,0.0
1999-07-30,14.701427539189655,14.817644357681274,14.614264925320942,14.643319129943848,652200,0.0,0.0
1999-08-02,14.817641909759823,14.817641909759823,14.556154111352296,14.672370910644531,566300,0.0,0.0
1999-08-03,14.672366297077799,14.78858305982693,14.381824390204972,14.498041152954102,821700,0.0,0.0
1999-08-04,14.614262938741255,14.614262938741255,14.236558329986511,14.323720932006836,821500,0.0,0.0
1999-08-05,14.43993298050828,14.43993298050828,13.946011731678016,14.265607833862305,820700,0.0,0.0
1999-08-06,14.323723043714251,14.352777248671075,13.684530534664122,13.829801559448242,630500,0.0,0.0
1999-08-09,13.858853860866805,14.323721076325649,13.829799659900626,14.207504272460938,701900,0.0,0.0
1999-08-10,14.004120706749369,14.062229091424678,13.597362014022208,13.626416206359863,935700,0.0,0.0
1999-08-11,13.62641643181007,13.916958359993652,13.62641643181007,13.887904167175293,640900,0.0,0.0
1999-08-12,13.946021888523223,14.033184525326494,13.742642402648926,13.742642402648926,500500,0.0,0.0
1999-08-13,13.887907292469437,14.527099678315311,13.858853093112806,14.46899127960205,793600,0.0,0.0
1999-08-16,14.410884125378669,14.439938327244352,14.178450510453207,14.23655891418457,349900,0.0,0.0
1999-08-17,14.46898696226682,14.527095343641385,14.207499246081275,14.498041152954102,584300,0.0,0.0
1999-08-18,14.4108829498291,14.556153947307216,14.265611952350984,14.410882949829102,513100,0.0,0.0
1999-08-19,14.46898696226682,14.556149534328668,14.381824390204972,14.498041152954102,658800,0.0,0.0
1999-08-20,14.439936308700892,14.730478286743164,14.352773715288212,14.730478286743164,450600,0.0,0.0
1999-08-23,14.643315693330482,14.933857671372754,14.643315693330482,14.730478286743164,856100,0.0,0.0
1999-08-24,14.701426506042479,14.817643316366926,14.381830277650252,14.70142650604248,819800,0.0,0.0
1999-08-25,14.410881613183209,14.788586171593254,14.149393841976256,14.75953197479248,745000,0.0,0.0
1999-08-26,14.672371487919783,14.817642492750672,14.091287468596226,14.207504272460938,881600,0.0,0.0
1999-08-27,14.241492133495235,14.329402578763723,14.094974724714419,14.18288516998291,366300,0.26,0.0
1999-08-30,14.12428469904538,14.12428469904538,13.596821784973145,13.596821784973145,588500,0.0,0.0
1999-08-31,13.655428775425616,13.860553242009262,13.362393823163263,13.596821784973145,696900,0.0,0.0
1999-09-01,13.596817277435564,13.831245161529282,13.508906820900421,13.714031219482422,1134100,0.0,0.0
1999-09-02,13.596821784973145,13.655428775425616,13.245179842258322,13.596821784973145,854600,0.0,0.0
1999-09-03,14.007072956835637,14.300107955932617,13.97776945692594,14.300107955932617,832800,0.0,0.0
1999-09-07,14.300103296207475,14.300103296207475,13.860550940791262,13.889854431152344,800400,0.0,0.0
1999-09-08,13.94845507380277,13.94845507380277,13.567509872207316,13.655420303344727,802800,0.0,0.0
1999-09-09,13.684730597301924,13.684730597301924,13.127964256084072,13.24517822265625,1319600,0.0,0.0
1999-09-10,13.45030638263592,13.50891338212453,13.157271385192871,13.157271385192871,782700,0.0,0.0
1999-09-13,13.15726287206014,13.274476795196534,13.15726287206014,13.186566352844238,626000,0.0,0.0
1999-09-14,13.157273245709282,13.157273245709282,12.922845214605331,13.127969741821289,723100,0.0,0.0
1999-09-15,13.333091034608728,13.333091034608728,12.600503615124731,12.95214557647705,1563000,0.0,0.0
1999-09-16,13.069354817237596,13.069354817237596,12.834926928139163,12.981444358825684,627400,0.0,0.0
1999-09-17,12.893538145425683,12.9521451369958,12.600503187575098,12.717717170715332,1281300,0.0,0.0
1999-09-20,12.717708799074282,12.776315752065408,12.219549698649713,12.424674034118652,946900,0.0,0.0
1999-09-21,12.131644495366292,12.36607240832023,12.10234100624705,12.248858451843262,572300,0.0,0.0
1999-09-22,12.219553578067833,12.483284950256348,12.102339634872937,12.483284950256348,499700,0.0,0.0
1999-09-23,12.366071119146833,12.571195521597135,12.073036258503542,12.102339744567871,691000,0.0,0.0
1999-09-24,12.102344671121012,12.219558663093128,11.926523683162836,12.190255165100098,769900,0.0,0.0
1999-09-27,12.307469157072214,12.42468314904433,12.1902551651001,12.190255165100098,845400,0.0,0.0
1999-09-28,12.1316432306322,12.336767633082504,11.80930488392458,12.102339744567871,716000,0.0,0.0
1999-09-29,12.131642836024778,12.307463746691804,11.89721495513541,11.926518440246582,509400,0.0,0.0
1999-09-30,11.955822314246227,12.42467809127549,11.926518828181898,12.102339744567871,1625800,0.0,0.0
1999-10-01,12.014428895580094,12.131642836024778,11.838607984913068,11.926518440246582,1085400,0.0,0.0
1999-10-04,11.809306977178267,12.219555854797363,11.809306977178267,12.219555854797363,1142500,0.0,0.0
1999-10-05,12.13164568652073,12.366073622492145,11.6627898145779,11.897217750549316,862600,0.0,0.0
1999-10-06,11.92652264194212,12.160950605420098,11.780005164768383,12.131647109985352,876900,0.0,0.0
1999-10-07,12.219555854797363,12.571197749899445,12.014431415987815,12.219555854797363,670700,0.0,0.0
1999-10-08,12.102345670035126,12.776326179504395,12.073042169623418,12.776326179504395,633300,0.0,0.0
1999-10-11,12.659104622935796,12.659104622935796,12.336766310777708,12.366069793701172,446100,0.0,0.0
1999-10-12,12.014433128246361,12.24886109172434,11.985129632811613,12.131647109985352,480700,0.0,0.0
1999-10-13,11.926521499749974,11.955824992378352,11.428362125067542,11.545576095581055,1525600,0.0,0.0
1999-10-14,11.780002716744299,11.89721667412484,11.457664333947813,11.83860969543457,914600,0.0,0.0
1999-10-15,11.486969314535145,11.486969314535145,11.106023903593929,11.164630889892578,826900,0.0,0.0
1999-10-18,11.281839864594597,11.545571186104599,11.164625943923483,11.486964225769043,862700,0.0,0.0
1999-10-19,11.72139530518193,11.95582321128557,11.60418135213011,11.633484840393066,1049100,0.0,0.0
1999-10-20,11.692094636685919,11.72139813201596,11.4576666740456,11.6041841506958,1060300,0.0,0.0
1999-10-21,11.574875349850998,11.604178831749357,11.164626603274002,11.3697509765625,1508400,0.0,0.0
1999-10-22,11.486970210420912,12.13164710998535,11.340452733247176,12.131647109985352,2106500,0.0,0.0
1999-10-25,11.604188280129256,11.867919831950376,11.574884774371354,11.80931282043457,1398700,0.0,0.0
1999-10-26,11.809303420266987,12.014427797293957,11.750696455402139,11.867910385131836,1147700,0.0,0.0
1999-10-27,11.838607101078846,12.48328372539502,11.838607101078846,12.366069793701172,1085700,0.0,0.0
1999-10-28,13.127960871400791,13.420995712280273,12.922836482785154,13.420995712280273,2051200,0.0,0.0
1999-10-29,13.333087426170675,13.479604870414308,13.010749048834679,13.09865951538086,1296900,0.0,0.0
1999-11-01,13.127959871187775,13.450298171596403,13.098656389332445,13.391691207885742,1148900,0.0,0.0
1999-11-02,13.274478912353514,13.567513766930855,13.186568455980312,13.274478912353516,715400,0.0,0.0
1999-11-03,13.391691959902053,13.391691959902053,13.157264091895014,13.303781509399414,921600,0.0,0.0
1999-11-04,13.362390950740542,13.655425840011167,13.303783972886416,13.56751537322998,771600,0.0,0.0
1999-11-05,13.8312498031124,13.948463784494708,13.62612533569336,13.62612533569336,756900,0.0,0.0
1999-11-08,13.62612516849072,13.772642643420728,13.391697208602709,13.538214683532715,508900,0.0,0.0
1999-11-09,13.538208122253419,13.538208122253419,13.098655910491944,13.186566352844238,512500,0.0,0.0
1999-11-10,12.893533900413772,13.098658303374899,12.864230414276468,12.981444358825684,519000,0.0,0.0
1999-11-11,12.98144608410922,12.98144608410922,12.629804203727028,12.893535614013672,591600,0.0,0.0
1999-11-12,13.010746999503741,13.45029926300049,12.747015641405692,13.450299263000488,768300,0.0,0.0
1999-11-15,13.274483118886533,13.538214571579644,13.186572634655496,13.479607582092285,555300,0.0,0.0
1999-11-16,13.420996364365276,13.743334704994137,13.391692878853561,13.714031219482422,632500,0.0,0.0
1999-11-17,13.596817702389835,13.6261211888174,13.01074797383855,13.040051460266113,594500,0.0,0.0
1999-11-18,12.95214105592803,13.12796197523927,12.629802703857422,12.629802703857422,854000,0.0,0.0
1999-11-19,12.659107084052508,12.717714061293492,12.541893129570541,12.600500106811523,690000,0.0,0.0
1999-11-22,12.42467822630014,12.42467822630014,12.16094684885509,12.270834922790527,752700,0.0,0.0
1999-11-23,12.336766523746387,12.366070007175715,11.985124722594472,12.043731689453125,849700,0.0,0.0
1999-11-24,12.043732577998464,12.160946520363412,11.98512560681599,12.014429092407227,585600,0.0,0.0
1999-11-26,11.95582337896508,12.219554777030487,11.95582337896508,12.160947799682617,532100,0.0,0.0
1999-11-29,12.04373365929983,12.102340635744111,11.721395288856282,12.073037147521973,1461100,0.0,0.0
1999-11-30,11.838609518828214,12.688410697159943,11.780002541012234,12.659107208251953,1531500,0.0,0.0
1999-12-01,12.308775901794434,12.69342514872551,12.249599094574268,12.308775901794434,1290200,0.26,0.0
1999-12-02,12.367955944325663,12.427132767025787,11.805776128674497,11.953718185424805,1157100,0.0,0.0
1999-12-03,12.249605178833008,12.545489361896607,12.190428342220287,12.249605178833008,1250600,0.0,0.0
1999-12-06,12.249604283250527,12.249604283250527,11.509893879672598,11.657835960388184,1302500,0.0,0.0
1999-12-07,11.598659080282763,11.628247496303892,10.888537095775655,11.15483283996582,2229600,0.0,0.0
1999-12-08,10.918128416388821,11.066070535852084,10.829363144710863,10.858951568603516,1365100,0.0,0.0
1999-12-09,10.91812496707864,10.977301796168497,10.799771308898926,10.799771308898926,1615100,0.0,0.0
1999-12-10,11.006886463643449,11.125240081532088,10.533471992088892,10.622237205505371,2765800,0.0,0.0
1999-12-13,10.6222441567315,10.681421004401313,10.415125189887153,10.651832580566406,2228900,0.0,0.0
1999-12-14,10.622240448532319,10.740594102554962,10.444709967498351,10.563063621520996,1278000,0.0,0.0
1999-12-15,10.296772413821127,10.651833531539097,10.178418707915137,10.444714546203613,2188200,0.0,0.0
1999-12-16,10.44470977505164,10.44470977505164,10.119237232486292,10.148825645446777,1314900,0.0,0.0
1999-12-17,10.119237232486292,10.326356123209695,10.089648819525806,10.148825645446777,1833700,0.0,0.0
1999-12-20,10.119234152599773,10.207999364464683,9.971292132824923,10.030468940734863,839100,0.0,0.0
1999-12-21,9.971295630794831,10.474298674484778,9.941707216460129,10.296768188476562,1344700,0.0,0.0
1999-12-22,10.296763065883091,10.444705063956125,10.207997867039273,10.355939865112305,954600,0.0,0.0
1999-12-23,10.385537693250619,10.711010384492091,10.355949266774122,10.444714546203613,1168900,0.0,0.0
1999-12-27,10.47429982098666,10.770183996720748,10.415122985839844,10.415122985839844,899800,0.0,0.0
1999-12-28,10.41512309514349,10.592653602447072,10.208004169955977,10.3263578414917,1023800,0.0,0.0
1999-12-29,10.267177711098881,10.56306179499222,10.267177711098881,10.474296569824219,786400,0.0,0.0
1999-12-30,10.444709967498351,10.622240448532319,10.385533140487029,10.563063621520996,642200,0.0,0.0
1999-12-31,10.474296569824219,10.533473386602886,10.41511975304555,10.474296569824219,561500,0.0,0.0
2000-01-03,10.178412770650475,10.237589589084488,9.734586632395366,9.823351860046387,1291100,0.0,0.0
2000-01-04,9.70500373840332,9.764180590466756,9.438707904117864,9.70500373840332,1921900,0.0,0.0
2000-01-05,9.852937268914644,9.912114069328545,9.497876466431233,9.527464866638184,1671500,0.0,0.0
2000-01-06,9.527468327276722,9.941706080636578,9.438703094413896,9.882529258728027,1127500,0.0,0.0
2000-01-07,10.060060406565318,10.148825645446777,9.852941515841914,10.148825645446777,909300,0.0,0.0
2000-01-10,10.267177998301495,10.267177998301495,9.734586632395366,9.823351860046387,873000,0.0,0.0
2000-01-11,9.58664458631033,9.912117087697409,9.58664458631033,9.823351860046387,1049500,0.0,0.0
2000-01-12,9.793766473020826,10.030473819800786,9.764178054673332,9.9417085647583,846900,0.0,0.0
2000-01-13,10.06005627176036,10.267175077355425,10.000879470161768,10.207998275756836,757100,0.0,0.0
2000-01-14,10.385534568266435,10.47429982098666,10.237592480399393,10.415122985839844,920300,0.0,0.0
2000-01-18,10.148828063490829,10.208004903511183,9.912120703409409,10.000885963439941,861500,0.0,0.0
2000-01-19,10.060059518525096,10.326355211662523,9.704998594341856,9.764175415039062,1410600,0.0,0.0
2000-01-20,9.882534294593626,9.882534294593626,9.58665003427645,9.70500373840332,999700,0.0,0.0
2000-01-21,9.734590340776053,10.148828227617589,9.61623665882133,10.119239807128906,2572600,0.0,0.0
2000-01-24,10.178415257631823,10.208003674078427,9.645823761592947,9.67541217803955,1335700,0.0,0.0
2000-01-25,9.70499526787989,9.793760468500743,9.37952286560343,9.527464866638184,1966900,0.0,0.0
2000-01-26,9.645818660570226,10.23758667655613,9.586641858971635,10.207998275756836,1775500,0.0,0.0
2000-01-27,10.178414251401092,10.237591078444122,9.7937648756214,9.971295356750488,1158700,0.0,0.0
2000-01-28,9.94171114665706,9.94171114665706,9.645826886339886,9.70500373840332,1075600,0.0,0.0
2000-01-31,9.764178054673332,9.9417085647583,9.557059126240867,9.9417085647583,1499400,0.0,0.0
2000-02-01,9.912117087697409,9.971293906131423,9.734586632395366,9.823351860046387,1311300,0.0,0.0
2000-02-02,9.82335744253019,9.82335744253019,9.675415312371603,9.70500373840332,1037700,0.0,0.0
2000-02-03,9.73458901093276,9.823354260272572,9.645823761592947,9.67541217803955,1351500,0.0,0.0
2000-02-04,9.70499526787989,9.764172068293792,9.497876466431233,9.527464866638184,1255600,0.0,0.0
2000-02-07,9.527468103170396,9.616233333945274,9.438702872395515,9.468291282653809,1078400,0.0,0.0
2000-02-08,9.468293921347776,9.645824432373047,9.438705502843565,9.645824432373047,1166700,0.0,0.0
2000-02-09,9.497882219461294,9.497882219461294,9.201998038169664,9.231586456298828,1393500,0.0,0.0
2000-02-10,9.142819690704346,9.231584930419922,8.698993492126466,8.876523971557617,2713700,0.0,0.0
2000-02-11,8.758170035371812,8.965288921343443,8.610227973963505,8.846935272216797,2172900,0.0,0.0
2000-02-14,8.728583162183204,8.75817157968213,8.52146423969072,8.6102294921875,1438000,0.0,0.0
2000-02-15,8.69899453057183,8.876525031195747,8.462287196406612,8.787759780883789,2061300,0.0,0.0
2000-02-16,8.63981452355018,8.728579741257889,8.432695682232197,8.462284088134766,1970700,0.0,0.0
2000-02-17,8.669403229025598,8.7285800428756,8.403107566700578,8.491872787475586,993600,0.0,0.0
2000-02-18,8.373520750930345,8.432697576025259,8.048048212908316,8.166401863098145,2011700,0.0,0.0
2000-02-22,8.255167961120605,8.373521623645631,8.195991129858092,8.255167961120605,1760900,0.0,0.0
2000-02-23,8.255165842229669,8.284754250266335,8.136812210083008,8.136812210083008,1511500,0.0,0.0
2000-02-24,8.22557954548935,8.284756376751861,7.959283804808039,8.255167961120605,1818600,0.0,0.0
2000-02-25,8.389887003337636,8.450029562501348,8.089174207519083,8.179388046264648,1988400,0.28,0.0
2000-02-28,8.179388046264648,8.29967316459207,8.089174207519083,8.179388046264648,2103200,0.0,0.0
2000-02-29,8.179389981766027,8.239532555161366,7.968890974882344,8.14931869506836,1340600,0.0,0.0
2000-03-01,8.17938989792427,8.239532470703125,7.968890893198278,8.239532470703125,1556100,0.0,0.0
2000-03-02,8.179389981766027,8.209461268463697,7.9989622615800124,8.14931869506836,1080600,0.0,0.0
2000-03-03,8.41996100641066,8.510174874336489,8.149319402633175,8.38988971710205,1646600,0.0,0.0
2000-03-06,8.3898849624524,8.480098779252964,8.17938605658442,8.359813690185547,1088500,0.0,0.0
2000-03-07,8.299671985208988,8.299671985208988,7.668175203725695,7.698246479034424,2859400,0.0,0.0
2000-03-08,7.818536112507976,7.848607405248392,7.487751892363408,7.547894477844238,2702700,0.0,0.0
2000-03-09,7.547889679316946,7.6080322265625,7.487747132071393,7.6080322265625,2084900,0.0,0.0
2000-03-10,7.698246937317607,7.788460768614297,7.6381043831198125,7.728318214416504,1970900,0.0,0.0
2000-03-13,7.818533420562744,7.848604702949524,7.608034443855286,7.818533420562744,1596800,0.0,0.0
2000-03-14,7.818533078892024,7.878675641037347,7.577962830310731,7.638105392456055,1714000,0.0,0.0
2000-03-15,7.818532478682986,8.600385726551284,7.668176084862159,8.510171890258789,3508300,0.0,0.0
2000-03-16,8.901097202932597,9.322095043611842,8.540241910921816,9.081524848937988,2780000,0.0,0.0
2000-03-17,9.38224156275144,9.38224156275144,9.02138611803023,9.051457405090332,2093800,0.0,0.0
2000-03-20,8.991314144068978,9.02138542883175,8.630458726915707,8.750743865966797,1425200,0.0,0.0
2000-03-21,8.931164722631474,9.111592292785645,8.810879675862026,9.111592292785645,1464200,0.0,0.0
2000-03-22,9.141668190910119,9.382238406460385,8.96124052924742,9.352167129516602,1369600,0.0,0.0
2000-03-23,9.35216711117671,9.412309664946335,9.141668172983023,9.382238388061523,1810000,0.0,0.0
2000-03-24,9.41230977750292,9.472452331991756,9.141668282303154,9.201810836791992,1733700,0.0,0.0
2000-03-27,9.201809018750652,9.201809018750652,8.810882491810265,8.991310119628906,1037200,0.0,0.0
2000-03-28,9.021383155052359,9.261953372520422,8.961240600685343,9.231882095336914,1705000,0.0,0.0
2000-03-29,9.23188022563332,9.261951496726589,8.961238785793906,9.141666412353516,1324500,0.0,0.0
2000-03-30,9.051456476847331,9.201812896728516,8.991313908894856,9.021385192871094,1231900,0.0,0.0
2000-03-31,9.08152387016698,9.171737683446784,8.871024972514101,9.141666412353516,1564900,0.0,0.0
2000-04-03,9.261953280522272,9.472452218715961,9.201810726752647,9.382238388061523,1783600,0.0,0.0
2000-04-04,9.29202464970393,9.592737421539008,8.810884214767803,9.231882095336914,1856800,0.0,0.0
2000-04-05,9.231884180704753,9.3521693166097,8.96124262491862,9.021385192871094,1173500,0.0,0.0
2000-04-06,9.02138611803023,9.141671266270635,8.901100969789827,9.051457405090332,1511100,0.0,0.0
2000-04-07,9.051451791565993,9.051451791565993,8.690596570639775,8.720667839050293,1065100,0.0,0.0
2000-04-10,8.69059659043948,8.720667858918508,8.570311516523363,8.66052532196045,2302600,0.0,0.0
2000-04-11,8.66053001167848,8.78081515072957,8.630458726915707,8.750743865966797,1259800,0.0,0.0
2000-04-12,8.931171340942383,9.201812896728516,8.901100056966145,9.021385192871094,1864600,0.0,0.0
2000-04-13,9.021383402298909,9.051454680306572,8.84095573425293,8.84095573425293,1250000,0.0,0.0
2000-04-14,8.750742291537199,8.78081357088956,8.179387983842329,8.269601821899414,1753900,0.0,0.0
2000-04-17,8.269604469867462,8.480103492736816,8.269604469867462,8.480103492736816,1333800,0.0,0.0
2000-04-18,8.359814526741966,8.600384728950367,8.299671976189865,8.570313453674316,1575100,0.0,0.0
2000-04-19,8.570316341561332,8.600387626970319,8.359817343698422,8.540245056152344,1040900,0.0,0.0
2000-04-20,8.780814310887477,8.780814310887477,8.510172773908067,8.600386619567871,732100,0.0,0.0
2000-04-24,8.660528978250795,8.961241789995613,8.630457697076313,8.871027946472168,1241800,0.0,0.0
2000-04-25,8.750741695966877,9.231882132858527,8.750741695966877,9.17173957824707,1361000,0.0,0.0
2000-04-26,9.14166739760645,9.201809946274915,9.021382300269524,9.081524848937988,1382000,0.0,0.0
2000-04-27,9.021383362847406,9.021383362847406,8.840955695590457,8.901098251342773,1142100,0.0,0.0
2000-04-28,8.93116952921893,9.021383362847406,8.810884417714298,8.901098251342773,1484400,0.0,0.0
2000-05-01,8.93116847726683,9.201809946274915,8.840954654264134,9.081524848937988,1275500,0.0,0.0
2000-05-02,8.871025059761022,8.961238873928083,8.871025059761022,8.931167602539062,876100,0.0,0.0
2000-05-03,8.871029005017888,8.931171574543432,8.690601296441253,8.750743865966797,1225800,0.0,0.0
2000-05-04,8.780815339424242,8.780815339424242,8.510173770743357,8.540245056152344,854500,0.0,0.0
2000-05-05,8.510173770743357,8.630458912379305,8.48010248533437,8.540245056152344,566800,0.0,0.0
2000-05-08,8.600382765408218,8.871024181102884,8.510168960176664,8.720667839050293,927800,0.0,0.0
2000-05-09,8.780810395876568,8.961238006750744,8.660525321960451,8.66052532196045,854900,0.0,0.0
2000-05-10,8.750739107460811,8.750739107460811,8.630454033818737,8.720667839050293,1167000,0.0,0.0
2000-05-11,8.720670584085825,9.051454640723563,8.690599306209666,8.901098251342773,1470800,0.0,0.0
2000-05-12,9.021381327980443,9.201808954540052,8.961238785793906,9.141666412353516,966200,0.0,0.0
2000-05-15,9.141672951834542,9.502528463091169,9.081530366625104,9.261958122253418,1470500,0.0,0.0
2000-05-16,9.26195358585667,9.292024863732827,8.840955695590457,8.901098251342773,2181900,0.0,0.0
2000-05-17,8.901096305719586,9.081523933538225,8.78081122050716,8.991310119628906,833900,0.0,0.0
2000-05-18,9.201810836791992,9.352167223014083,9.171739559547573,9.201810836791992,733300,0.0,0.0
2000-05-19,9.141671266270635,9.201813840390836,8.99131483097013,9.051457405090332,808800,0.0,0.0
2000-05-22,9.171739540969899,9.29202464970393,9.111596986602882,9.231882095336914,908200,0.0,0.0
2000-05-23,9.261949479205054,9.893446034605399,9.261949479205054,9.562662124633789,1841800,0.0,0.0
2000-05-24,9.622809092203777,10.103949546813967,9.59273781379064,10.103949546813965,1773200,0.0,0.0
2000-05-25,10.179528562178524,10.179528562178524,9.630931214516208,9.813796997070312,1195900,0.28,0.0
2000-05-26,9.935713148549244,10.118579034718861,9.783324910074562,10.088101387023926,1101900,0.0,0.0
2000-05-30,10.088102655751365,10.331923867974963,10.088102655751365,10.240490913391113,1564000,0.0,0.0
2000-05-31,10.240490913391115,10.301446216447014,10.088102655751365,10.240490913391113,1492200,0.0,0.0
2000-06-01,10.210011786427991,10.667176493282975,10.179534139304325,10.606221199035645,1668400,0.0,0.0
2000-06-02,10.667178018496989,11.185298093681128,10.667178018496989,11.154820442199707,2479200,0.0,0.0
2000-06-05,11.215776346497616,11.215776346497616,10.69765624353441,10.78908920288086,1323900,0.0,0.0
2000-06-06,10.880519698982809,10.880519698982809,10.179533836023133,10.21001148223877,1370700,0.0,0.0
2000-06-07,10.240492034376713,10.484313273290445,10.210014379512497,10.423357963562012,1484100,0.0,0.0
2000-06-08,10.423358494008081,10.423358494008081,10.08810427344057,10.301447868347168,1357500,0.0,0.0
2000-06-09,10.179535224113936,10.270968175228731,9.87475872039795,9.87475872039795,1105900,0.0,0.0
2000-06-12,9.966189146766546,10.14905500267052,9.966189146766546,10.027144432067871,793300,0.0,0.0
2000-06-13,10.0271483776046,10.0271483776046,9.9052377590319,9.996670722961426,665300,0.0,0.0
2000-06-14,9.966189146766546,10.118577360019858,9.935711504115885,10.027144432067871,820400,0.0,0.0
2000-06-15,9.87475793021066,9.905235578143408,9.26520497155568,9.600459098815918,2466700,0.0,0.0
2000-06-16,9.356637016985328,9.478547597011195,9.021382921914192,9.112815856933594,2470500,0.0,0.0
2000-06-19,9.082342029397005,9.509029238831763,8.9909090559467,9.326163291931152,1781700,0.0,0.0
2000-06-20,9.326159621729994,9.356637267552642,9.051860809326172,9.051860809326172,1009800,0.0,0.0
2000-06-21,9.234732120110312,9.326165111398533,8.899477818720168,8.92995548248291,2102400,0.0,0.0
2000-06-22,9.204246749877928,9.204246749877928,8.990903282165526,9.143291473388672,2614200,0.0,0.0
2000-06-23,9.204246749877928,9.326157302856444,9.112813835144042,9.143291473388672,1045800,0.0,0.0
2000-06-26,9.204251419270157,9.387117341507313,9.143296111857772,9.173773765563965,837800,0.0,0.0
2000-06-27,9.265207976297615,9.417596265381459,9.234730318480848,9.326163291931152,1050100,0.0,0.0
2000-06-28,9.295685941170056,9.661417847052157,9.234730623523038,9.36426067352295,951100,0.0,0.0
2000-06-29,9.417596265381459,9.539506896648533,9.265207976297615,9.326163291931152,774600,0.0,0.0
2000-06-30,9.204246913287657,9.265202190859098,8.587074727876812,8.594694137573242,1989600,0.0,0.0
2000-07-03,8.777564267383461,9.204251419270157,8.777564267383461,9.173773765563965,497600,0.0,0.0
2000-07-05,9.32615972192664,9.387115014226813,9.204249137326292,9.265204429626465,924200,0.0,0.0
2000-07-06,9.204249137326292,9.356637368076726,8.89947267582542,9.265204429626465,658600,0.0,0.0
2000-07-07,9.417593580025894,9.630937123909975,9.356638281773298,9.509026527404785,852500,0.0,0.0
2000-07-10,9.509026527404785,9.600459474783678,9.417593580025894,9.509026527404785,522100,0.0,0.0
2000-07-11,9.53949854381598,9.53949854381598,9.356632757033566,9.478543281555176,708600,0.0,0.0
2000-07-12,9.53949854381598,9.691886699467993,9.478543281555176,9.478543281555176,526100,0.0,0.0
2000-07-13,9.448073923198226,9.5699845544653,9.265207976297615,9.326163291931152,625500,0.0,0.0
2000-07-14,9.173771012913097,9.448069813963654,9.173771012913097,9.387114524841309,779000,0.0,0.0
2000-07-17,9.265202638733111,9.356635559510083,9.082336797179169,9.234724998474121,1182700,0.0,0.0
2000-07-18,9.112818150906948,9.265206414300042,8.960429887513856,9.021385192871094,965600,0.0,0.0
2000-07-19,9.204248683093347,9.204248683093347,8.868994591987297,8.8994722366333,1286700,0.0,0.0
2000-07-20,8.990903876402196,9.234724998474121,8.929948595884216,9.234724998474121,1263600,0.0,0.0
2000-07-21,9.173776792584832,9.295687447635792,8.899477818720168,8.92995548248291,1018800,0.0,0.0
2000-07-24,8.899471526177937,9.143292663881441,8.868993883964999,9.082337379455566,566000,0.0,0.0
2000-07-25,8.960425643920898,9.1737691116333,8.89947036743164,9.143291473388672,873500,0.0,0.0
2000-07-26,9.051859852351944,9.112815137552968,8.808038711547852,8.808038711547852,1041000,0.0,0.0
2000-07-27,8.838513374328613,8.990901535954968,8.7470804773528,8.838513374328613,796700,0.0,0.0
2000-07-28,8.777559970287568,8.808037609073288,8.564216498787522,8.594694137573242,854300,0.0,0.0
2000-07-31,8.686132974047677,8.777565952721863,8.533744676257367,8.56422233581543,776900,0.0,0.0
2000-08-01,8.686128141145804,8.868993996748873,8.655650498545294,8.808038711547852,711900,0.0,0.0
2000-08-02,8.777558109678072,8.929946271304427,8.777558109678072,8.838513374328613,572100,0.0,0.0
2000-08-03,8.868994696881858,9.14329350194006,8.83851705187539,9.112815856933594,747900,0.0,0.0
2000-08-04,9.387111943238859,9.630933032673635,9.265201398521471,9.569977760314941,1242600,0.0,0.0
2000-08-07,9.722365941211676,9.722365941211676,9.356634307059512,9.569977760314941,1026000,0.0,0.0
2000-08-08,9.691895614131804,9.691895614131804,9.417596681656375,9.448074340820312,875500,0.0,0.0
2000-08-09,9.448069813963654,9.509025103086,9.326159235718961,9.387114524841309,966900,0.0,0.0
2000-08-10,9.41758801929437,9.569976174946383,9.41758801929437,9.478543281555176,1326100,0.0,0.0
2000-08-11,9.509026602144152,9.722370147705078,9.478548952778304,9.722370147705078,895000,0.0,0.0
2000-08-14,9.722368360315478,9.722368360315478,9.44806956645078,9.691890716552734,961300,0.0,0.0
2000-08-15,9.509025910675337,9.783324735021742,9.509025910675337,9.66141414642334,921500,0.0,0.0
2000-08-16,9.75284708787214,9.844280029320942,9.630936499273739,9.66141414642334,996800,0.0,0.0
2000-08-17,9.75284708787214,9.813802382171342,9.600458852124138,9.66141414642334,893500,0.0,0.0
2000-08-18,9.691892422162569,9.691892422162569,9.417593580025894,9.509026527404785,991300,0.0,0.0
2000-08-21,9.509028303737457,9.60046126819647,9.417595339278442,9.539505958557129,482000,0.0,0.0
2000-08-22,9.478550969637359,9.935715807401218,9.478550969637359,9.905238151550293,841100,0.0,0.0
2000-08-23,9.722368360315478,9.874756579129201,9.66141307278999,9.691890716552734,541900,0.0,0.0
2000-08-24,9.69189287740973,9.783325829083406,9.630937576293945,9.630937576293945,452700,0.0,0.0
2000-08-25,9.676693569530139,9.80035738511519,9.460281892256303,9.522113800048828,569500,0.28,0.0
2000-08-28,9.553026597211316,9.769438202973385,9.429362822490134,9.707606315612793,603600,0.0,0.0
2000-08-29,9.707608118364888,9.73852406778643,9.583944320678711,9.583944320678711,713600,0.0,0.0
2000-08-30,9.583942540891611,9.831270090333975,9.583942540891611,9.707606315612793,518900,0.0,0.0
2000-08-31,9.738524231169452,10.171347530332538,9.738524231169452,9.99358081817627,1385600,0.0,0.0
2000-09-01,9.985849108014788,10.078596932547434,9.893101283482144,9.954933166503906,1050900,0.0,0.0
2000-09-05,9.924017753485826,10.233177185058594,9.893101810328549,10.233177185058594,1321900,0.0,0.0
2000-09-06,10.696914819989885,10.913326391492571,10.573251064845493,10.820578575134277,2304300,0.0,0.0
2000-09-07,10.851497650146484,11.222489022801065,10.82058170242527,10.851497650146484,1852800,0.0,0.0
2000-09-08,10.913335635926988,11.562570900387234,10.913335635926988,11.12974739074707,2310000,0.0,0.0
2000-09-11,11.407985260676602,12.026304244995117,11.377069311460676,12.026304244995117,2799500,0.0,0.0
2000-09-12,11.809890072396461,11.840806014994358,11.438898761221704,11.624394416809082,1538800,0.0,0.0
2000-09-13,11.840809365644812,11.902641268337476,11.46981794948884,11.562565803527832,1359200,0.0,0.0
2000-09-14,11.840812683105469,11.902644603121686,11.686232883064928,11.840812683105469,1447700,0.0,0.0
2000-09-15,11.748060182083483,12.119051556254542,11.624396390693132,11.964471817016602,2279800,0.0,0.0
2000-09-18,11.809890639107183,11.840806583188614,11.438899310129994,11.469815254211426,1361200,0.0,0.0
2000-09-19,11.46981732223345,11.562565171200296,11.346153523610987,11.377069473266602,1586900,0.0,0.0
2000-09-20,11.315235127712382,11.593478614459409,11.160655412852924,11.531646728515625,1374800,0.0,0.0
2000-09-21,11.253403645641399,11.593479030537155,11.253403645641399,11.469815254211426,1262100,0.0,0.0
2000-09-22,11.346150933428014,11.686226302004876,11.284319048232222,11.624394416809082,938000,0.0,0.0
2000-09-25,11.624395724424382,11.995387077331543,11.562563832273188,11.995387077331543,981800,0.0,0.0
2000-09-26,11.686227188302528,12.366377977039713,11.686227188302528,12.273630142211914,1948500,0.0,0.0
2000-09-27,12.273633276046342,12.706456615755785,12.149969464700787,12.644624710083008,2167700,0.0,0.0
2000-09-28,12.5209590255237,13.38660557543645,12.397295232679022,13.201109886169434,3351100,0.0,0.0
2000-09-29,12.922869176040463,13.13928086080669,12.520961761474611,12.52096176147461,2224100,0.0,0.0
2000-10-02,12.582795143127443,12.861038770371048,12.180887681553347,12.582795143127441,1590600,0.0,0.0
2000-10-03,12.613711235322148,12.861038906602973,12.613711235322148,12.830122947692871,1590300,0.0,0.0
2000-10-04,12.830122947692871,13.139282536793903,12.64462719423225,12.830122947692871,1766400,0.0,0.0
2000-10-05,12.861038508673607,13.17019808820903,12.520962971184641,12.551878929138184,1086900,0.0,0.0
2000-10-06,12.551877728573562,12.613709638566535,11.995390538636801,12.180886268615723,1007200,0.0,0.0
2000-10-09,12.057216644287111,12.180880404741337,11.87172100360577,12.05721664428711,702700,0.0,0.0
2000-10-10,11.995390994655178,12.02630695082697,11.686231432937262,11.778979301452637,1450300,0.0,0.0
2000-10-11,11.77897726121496,11.77897726121496,11.067910392427706,11.315237998962402,3157400,0.0,0.0
2000-10-12,11.438901597561118,11.438901597561118,10.727834741496508,11.067910194396973,1709100,0.0,0.0
2000-10-13,11.036996279850564,11.809895178999763,11.006080323884596,11.655315399169922,1291500,0.0,0.0
2000-10-16,11.686229279166774,11.809893081062718,11.37706977442691,11.748061180114746,868200,0.0,0.0
2000-10-17,11.74806302214322,11.87172684342894,11.16065987103606,11.284323692321777,1375200,0.0,0.0
2000-10-18,10.944245920481858,10.975161869409774,10.63508643120271,10.789666175842285,2170700,0.0,0.0
2000-10-19,10.696923205727025,11.253410540129009,10.696923205727025,11.160662651062012,1051900,0.0,0.0
2000-10-20,11.12974739074707,11.222495285669963,11.098831425772772,11.12974739074707,1208600,0.0,0.0
2000-10-23,11.006077976017206,11.253405570983885,10.944246077275537,11.253405570983887,1034100,0.0,0.0
2000-10-24,11.25340797161234,11.71714731110186,11.25340797161234,11.655315399169922,912000,0.0,0.0
2000-10-25,11.655312004089355,11.8717236328125,11.531648216247559,11.593480110168457,969900,0.0,0.0
2000-10-26,11.562565171200296,11.655313020167144,11.191573775332907,11.377069473266602,797800,0.0,0.0
2000-10-27,11.346155915047554,11.902643126139804,11.346155915047554,11.778979301452637,954600,0.0,0.0
2000-10-30,11.80988978857946,12.273628916403261,11.74805790486962,12.24271297454834,1047200,0.0,0.0
2000-10-31,12.242716526079782,12.335464378550082,11.840809165375141,12.211800575256348,1043900,0.0,0.0
2000-11-01,12.18088626861572,12.304550088601667,11.964474583640316,12.180886268615723,1065900,0.0,0.0
2000-11-02,12.088133265273742,12.366376741968022,12.088133265273742,12.24271297454834,667900,0.0,0.0
2000-11-03,12.149970049905306,12.520961501810811,12.119054095579846,12.490045547485352,785800,0.0,0.0
2000-11-06,12.397297684508976,12.55187745613627,12.335465775858058,12.490045547485352,473700,0.0,0.0
2000-11-07,12.490044498443604,12.490044498443604,12.180884981155396,12.36638069152832,534600,0.0,0.0
2000-11-08,12.366378516481634,12.366378516481634,11.995387160987184,12.33546257019043,431800,0.0,0.0
2000-11-09,12.211797032693422,12.3354608001131,12.05721732341882,12.24271297454834,802300,0.0,0.0
2000-11-10,12.242712284968452,12.33546010530912,11.933552883832883,12.05721664428711,768700,0.0,0.0
2000-11-13,12.08813479542732,12.119050741195677,11.748059391975401,11.871723175048828,565000,0.0,0.0
2000-11-14,11.655311966441689,12.057219275629334,11.562564125859925,11.809891700744629,977000,0.0,0.0
2000-11-15,11.562570170352332,11.624402096396999,11.067914761995015,11.160662651062012,2027000,0.0,0.0
2000-11-16,11.067909307919221,11.500732576943996,11.006077412344254,11.407984733581543,1318300,0.0,0.0
2000-11-17,11.4389017010262,11.624397404286086,11.191574096679688,11.191574096679688,2666800,0.0,0.0
2000-11-20,11.222491781678919,11.346155602964638,10.913332228464624,11.284323692321777,1059300,0.0,0.0
2000-11-21,11.315241114644978,11.438904951963503,11.129745358667192,11.34615707397461,742200,0.0,0.0
2000-11-22,11.22248962161305,11.377069368467225,11.160657722871381,11.253405570983887,614300,0.0,0.0
2000-11-24,11.362338276585051,11.518844313452613,11.299735861838025,11.487543106079102,318400,0.28,0.0
2000-11-27,11.456239700317383,11.61274570715232,11.456239700317383,11.456239700317383,630800,0.0,0.0
2000-11-28,11.550141936042559,11.831852714970427,11.487539540725257,11.612744331359863,989100,0.0,0.0
2000-11-29,11.67534882577179,12.395276501355575,11.67534882577179,12.238770484924316,1688900,0.0,0.0
2000-11-30,12.238766256729164,12.489175796508789,12.113561486839352,12.489175796508789,1470500,0.0,0.0
2000-12-01,12.489171660749099,12.645677571284802,12.395268114427676,12.551774024963379,1451800,0.0,0.0
2000-12-04,12.520472842856238,12.645677571284802,12.363966932320535,12.551774024963379,1052700,0.0,0.0
2000-12-05,12.739584525234728,12.989994049072266,12.457873810917498,12.989994049072266,1028200,0.0,0.0
2000-12-06,12.833488096673804,13.334307144348879,12.802186906194112,12.989994049072266,3515600,0.0,0.0
2000-12-07,12.927393523129549,13.271706667813387,12.802188743244518,13.08389949798584,1837500,0.0,0.0
2000-12-08,13.209104405201781,13.58471874847766,13.209104405201781,13.490815162658691,2457000,0.0,0.0
2000-12-11,13.428221111166668,13.772534472991454,13.428221111166668,13.678630828857422,1482400,0.0,0.0
2000-12-12,13.678623605657506,13.678623605657506,13.459515218381528,13.522117614746094,709100,0.0,0.0
2000-12-13,13.396909713745117,13.64731924110484,13.303006140985222,13.396909713745117,2143200,0.0,0.0
2000-12-14,13.115196228027344,13.115196228027344,12.802184384876332,13.115196228027344,1142600,0.0,0.0
2000-12-15,12.896095730009533,13.146505355834961,12.896095730009533,13.146505355834961,1809800,0.0,0.0
2000-12-18,13.396912279684981,14.022936217988018,13.396912279684981,13.960333824157715,1973900,0.0,0.0
2000-12-19,13.83513296734203,14.273349848660557,13.772530555725098,13.772530555725098,1992100,0.0,0.0
2000-12-20,13.709925888890055,13.991636694826152,13.522118684932657,13.83513069152832,2404600,0.0,0.0
2000-12-21,13.772523261640714,13.960330397026723,13.584716126254705,13.709920883178711,2990100,0.0,0.0
2000-12-22,14.022936571825733,14.210743758055541,13.866430583300891,13.89773178100586,1317600,0.0,0.0
2000-12-26,13.960335076521973,14.273347073753408,13.897732677075687,13.991636276245117,992300,0.0,0.0
2000-12-27,14.0542382645396,14.242045457384227,13.960334668117287,14.148141860961914,758700,0.0,0.0
2000-12-28,14.148139649114164,14.148139649114164,14.022934873458286,14.116838455200195,797000,0.0,0.0
2000-12-29,14.022937774658203,14.11684137582779,13.803829371929169,14.022937774658203,1030400,0.0,0.0
2001-01-02,13.803828039476947,13.803828039476947,13.490816065792664,13.58471965789795,1781900,0.0,0.0
2001-01-03,13.584718158662715,14.116838455200195,13.177802637781113,14.116838455200195,1938800,0.0,0.0
2001-01-04,14.116839662489,14.64896000453404,14.022936072716346,14.242044448852539,1788100,0.0,0.0
2001-01-05,14.24204864285209,14.24204864285209,13.584723320874302,13.772530555725098,1432000,0.0,0.0
2001-01-08,13.678625602544326,13.709926805296144,13.334312372274333,13.428215980529785,826800,0.0,0.0
2001-01-09,13.522109346611556,13.553410525654638,13.240398735223815,13.45950698852539,1043000,0.0,0.0
2001-01-10,13.647323487570922,14.08554029680485,13.58472108625179,13.83513069152832,1184300,0.0,0.0
2001-01-11,13.929034173488617,14.242046177387238,13.866431772708893,14.022937774658203,1647000,0.0,0.0
2001-01-12,13.897729295804451,13.991632872127454,13.553416182620108,13.741223335266113,1067000,0.0,0.0
2001-01-16,13.741226276465222,14.36725025261398,13.647322680042908,14.148141860961914,2223100,0.0,0.0
2001-01-17,14.242045457384227,14.242045457384227,14.0542382645396,14.148141860961914,1269000,0.0,0.0
2001-01-18,14.148141210529662,14.210743605266519,13.58471965789795,13.58471965789795,1784000,0.0,0.0
2001-01-19,13.459513967385702,13.58471874847766,13.30300799102075,13.490815162658691,1774100,0.0,0.0
2001-01-22,13.490816065792664,13.709924447371662,13.428213671055806,13.58471965789795,1670300,0.0,0.0
2001-01-23,13.522117614746094,13.647322407475224,13.428214020199245,13.522117614746094,1339000,0.0,0.0
2001-01-24,13.459513967385702,13.522116357931681,13.36561038156673,13.490815162658691,1109900,0.0,0.0
2001-01-25,13.490815162658691,13.553417553204671,13.271706795747761,13.490815162658691,1201900,0.0,0.0
2001-01-26,13.52211499051244,13.803825719481448,13.459512606297103,13.741223335266113,1824000,0.0,0.0
2001-01-29,14.022938387702851,14.098061080875313,13.622283387291803,13.737471580505371,1191800,0.0,0.0
2001-01-30,13.522124336791416,13.747493457832833,13.462025586101293,13.68238639831543,971900,0.0,0.0
2001-01-31,13.682380620343727,13.682380620343727,13.351840019226074,13.351840019226074,1612700,0.0,0.0
2001-02-01,13.371869979895827,13.517107018130186,13.296746352797552,13.431967735290527,1423100,0.0,0.0
2001-02-02,13.45701154283112,13.672362983926345,13.416946047367269,13.522117614746094,936000,0.0,0.0
2001-02-05,13.522111166033529,13.567184946339212,13.472029081778736,13.53713607788086,1040700,0.0,0.0
2001-02-06,13.532129656214668,13.532129656214668,13.071376136406347,13.19658088684082,953800,0.0,0.0
2001-02-07,13.211606856194882,13.522115104832162,13.166534017996431,13.331804275512695,1645100,0.0,0.0
2001-02-08,13.171541368167805,13.441984128778008,13.171541368167805,13.331804275512695,1129000,0.0,0.0
2001-02-09,13.321791228461835,13.416947146195396,13.27170911622118,13.401922225952148,687300,0.0,0.0
2001-02-12,13.391896769488614,13.522109793237018,13.376871859166648,13.44698715209961,1104800,0.0,0.0
2001-02-13,13.522112167126553,13.55716934212943,13.421947991201435,13.477038383483887,1305000,0.0,0.0
2001-02-14,13.477038383483887,13.667350126694334,13.441981208481009,13.477038383483887,1268800,0.0,0.0
2001-02-15,13.502080637298848,13.597236520796384,13.401917404091988,13.547154426574707,1436900,0.0,0.0
2001-02-16,13.572198548510512,13.987878386193827,13.572198548510512,13.787550926208496,1497900,0.0,0.0
2001-02-20,13.88770924013864,13.88770924013864,13.271702161520992,13.336808204650879,1634500,0.0,0.0
2001-02-21,13.171543241070806,13.446994346256224,13.131477747346691,13.136486053466797,678700,0.0,0.0
2001-02-22,13.071382852742637,13.116456662477782,12.395276661952394,12.830989837646484,1828700,0.0,0.0
2001-02-23,12.90951737481568,12.934850602998868,12.48899545061322,12.868985176086426,1558000,0.295,0.0
2001-02-26,13.07164965342464,13.22364616394043,12.696726473668253,13.22364616394043,1165700,0.0,0.0
2001-02-27,13.096979793839067,13.385771839310703,13.051380948094716,13.238842010498047,1062600,0.0,0.0
2001-02-28,13.426301020842333,13.426301020842333,12.960180342973636,13.172974586486816,1832400,0.0,0.0
2001-03-01,13.29963852351218,13.527632713317871,13.096977558331401,13.527632713317871,1670500,0.0,0.0
2001-03-02,13.527637012706334,13.90256015904074,13.502303780029946,13.730298042297363,1379800,0.0,0.0
2001-03-05,13.755628626609479,13.80122747348726,13.431371018913158,13.628965377807617,949100,0.0,0.0
2001-03-06,13.958289590024613,13.958289590024613,13.654298566892786,13.75562858581543,1007200,0.0,0.0
2001-03-07,13.69990148147732,13.932961463928223,13.63910267897994,13.932961463928223,864400,0.0,0.0
2001-03-08,13.831625302131389,13.973488477598538,13.67962980198816,13.902557373046875,1318300,0.0,0.0
2001-03-09,13.780961208268018,13.80629347029182,13.512434785541997,13.593499183654785,814600,0.0,0.0
2001-03-12,13.593504387801623,13.593504387801623,12.975387873960482,13.046319007873535,1551600,0.0,0.0
2001-03-13,12.970314271683677,13.466833875570556,12.894316530903229,13.44150161743164,1203600,0.0,0.0
2001-03-14,12.792986525769008,12.944982018737585,12.362331340539672,12.615657806396484,1902800,0.0,0.0
2001-03-15,12.798051579604293,13.188174520439064,12.686588296378781,13.172974586486816,1471100,0.0,0.0
2001-03-16,12.792987513030374,13.0564472897805,12.792987513030374,12.934850692749023,1642600,0.0,0.0
2001-03-19,12.970314627059874,13.071644628755598,12.539659462352791,12.792985916137695,1601600,0.0,0.0
2001-03-20,12.919653282763555,12.970318783027594,12.620727894206178,12.671393394470215,1547100,0.0,0.0
2001-03-21,12.539658056484866,12.716986747526065,12.25086608616582,12.296464920043945,1509700,0.0,0.0
2001-03-22,12.15967297464813,12.210338471981961,11.475691176551376,12.058341979980469,1740800,0.0,0.0
2001-03-23,12.159669490048927,12.514326903387502,11.992474073215302,12.468728065490723,1311600,0.0,0.0
2001-03-26,12.564992046796757,12.767653988167474,12.468728687645797,12.630857467651367,887800,0.0,0.0
2001-03-27,12.635924747364502,12.929783417472336,12.438329441241716,12.899383544921875,1041400,0.0,0.0
2001-03-28,12.564991561455729,12.904449043866762,12.5447259479197,12.87405014038086,1029300,0.0,0.0
2001-03-29,12.747390113309653,13.036182184790492,12.666325706099732,12.818321228027344,955500,0.0,0.0
2001-03-30,12.843650614700687,13.122309310276929,12.828450680512217,13.071643829345703,1178500,0.0,0.0
2001-04-02,12.970308837431332,13.390830524349132,12.894311128492124,13.086838722229004,908300,0.0,0.0
2001-04-03,12.99564863183835,13.16284407514429,12.564993409273397,12.767655372619629,949400,0.0,0.0
2001-04-04,12.666326031780615,12.767657026580453,12.220471780662091,12.463665008544922,980600,0.0,0.0
2001-04-05,12.640991680991373,12.838586025255305,12.519394120744835,12.757521629333496,1043700,0.0,0.0
2001-04-06,12.640992201240223,12.858852170268872,12.296468021211489,12.514328956604004,1172800,0.0,0.0
2001-04-09,12.716983206005432,12.848713026483397,12.63085220670689,12.787914276123047,911300,0.0,0.0
2001-04-10,12.919650632470123,13.132444916835949,12.848719526469461,12.995648384094238,961100,0.0,0.0
2001-04-11,13.12231323824653,13.15271214935926,12.81325554814519,12.818321228027344,1397000,0.0,0.0
2001-04-12,12.919650755733644,13.096979488790994,12.833519712040866,12.934850692749023,644900,0.0,0.0
2001-04-16,13.020979832676506,13.147643056860659,12.656189128553368,12.808185577392578,852000,0.0,0.0
2001-04-17,12.818315182453047,12.818315182453047,12.590322007091336,12.727118492126465,835500,0.0,0.0
2001-04-18,11.526356364777445,12.71699117155472,11.197032090485168,11.881013870239258,5474800,0.0,0.0
2001-04-19,11.896210034515015,11.906343324590898,11.485821450079046,11.501021385192871,2462100,0.0,0.0
2001-04-20,11.475688330558826,11.658083689180627,11.425022845790131,11.653017044067383,2010900,0.0,0.0
2001-04-23,11.65302246332651,11.65302246332651,11.430094806489594,11.582091331481934,1196100,0.0,0.0
2001-04-24,11.551686571223396,11.718882001694446,11.531420956262794,11.642884254455566,970600,0.0,0.0
2001-04-25,11.602352958699495,11.69861729473442,11.49595629757973,11.663151741027832,1055000,0.0,0.0
2001-04-26,11.551685609670649,11.653016575130309,11.399690127844867,11.409823417663574,1363400,0.0,0.0
2001-04-27,11.653017023558258,11.779680252075195,11.50102153588343,11.779680252075195,1457000,0.0,0.0
2001-04-30,12.033010934093948,12.033010934093948,11.632754527589325,11.744218826293945,1101100,0.0,0.0
2001-05-01,11.74421584219286,11.845545855019722,11.602352664598648,11.805013656616211,1006300,0.0,0.0
2001-05-02,11.754346164744899,11.91140827309593,11.683414110680244,11.865809440612793,1295700,0.0,0.0
2001-05-03,11.779681671792734,11.90127826986048,11.653018428010016,11.896211624145508,1011800,0.0,0.0
2001-05-04,11.79488140729413,12.210336685180664,11.653018228791767,12.210336685180664,1220900,0.0,0.0
2001-05-07,12.159678167734441,12.164744816268058,11.8556860202682,12.002615928649902,911900,0.0,0.0
2001-05-08,11.906342123831527,11.982339859008789,11.886075545723653,11.982339859008789,872100,0.0,0.0
2001-05-09,11.90634269977878,11.936741602047448,11.653016259357955,11.93167495727539,1147900,0.0,0.0
2001-05-10,12.058340333446202,12.058340333446202,11.840480367477701,11.93674373626709,712000,0.0,0.0
2001-05-11,11.92661006100944,12.027940064004744,11.734081412499998,11.779680252075195,365600,0.0,0.0
2001-05-14,11.764482806367102,11.90634600021817,11.764482806367102,11.83541488647461,738000,0.0,0.0
2001-05-15,11.855684740548854,12.053280146573602,11.83035246697957,11.951949119567871,941300,0.0,0.0
2001-05-16,11.921542740768158,12.590324394845164,11.870877258957906,12.357263565063477,900600,0.0,0.0
2001-05-17,12.336999130238556,12.36233139038086,11.602351989746415,12.36233139038086,2649900,0.0,0.0
2001-05-18,12.352201224041949,12.615661048159877,12.28633675119448,12.347135543823242,1949600,0.0,0.0
2001-05-21,12.387666391982336,12.412998655754635,12.13433988880367,12.316734313964844,1388000,0.0,0.0
2001-05-22,12.235667340207046,12.625790305085868,12.190068501903614,12.534592628479004,1228200,0.0,0.0
2001-05-23,12.463659861241467,12.585256424965337,12.418061029049568,12.539657592773438,850600,0.0,0.0
2001-05-24,12.511459972046818,12.680672304045844,12.36788646490896,12.398652076721191,1328200,0.295,0.0
2001-05-25,12.306354947428805,12.408908296532534,12.049972552690706,12.152525901794434,1153900,0.0,0.0
2001-05-29,12.183289421604773,12.306352832567926,12.075608325748856,12.280714988708496,730400,0.0,0.0
2001-05-30,12.152526773187347,12.32173912672696,12.106377860583699,12.183292388916016,777500,0.0,0.0
2001-05-31,12.132008400716833,12.244816242432037,12.003817271395631,12.193540573120117,1060700,0.0,0.0
2001-06-01,12.21918588771054,12.29097265110782,12.11150574261462,12.25507926940918,576600,0.0,0.0
2001-06-04,12.255077234326105,12.460182937130753,12.24482170468059,12.419161796569824,645000,0.0,0.0
2001-06-05,12.357630588720058,12.639650808142877,12.357630588720058,12.588374137878418,993500,0.0,0.0
2001-06-06,12.408909771138351,12.614015515698213,12.362760856359715,12.475568771362305,1534500,0.0,0.0
2001-06-07,12.793480493834013,12.813990574605919,12.562735972518091,12.64477825164795,2367000,0.0,0.0
2001-06-08,12.634521986503575,12.716564260855854,12.562735240950596,12.619139671325684,755900,0.0,0.0
2001-06-11,12.51145655953661,12.783222160813667,12.434542061973941,12.480690956115723,1254400,0.0,0.0
2001-06-12,12.434546287477733,12.434546287477733,12.249950648181372,12.326866149902344,1048900,0.0,0.0
2001-06-13,12.280710013511907,12.490943377656246,12.260198964317016,12.306347846984863,581300,0.0,0.0
2001-06-14,12.30635930891147,12.30635930891147,12.142274674609434,12.203805923461914,689200,0.0,0.0
2001-06-15,12.20380040842433,12.357630417081115,12.152524716893192,12.244821548461914,1449400,0.0,0.0
2001-06-18,12.306355497970197,12.357632174815992,12.07561094117475,12.239696502685547,580600,0.0,0.0
2001-06-19,12.342249679058037,12.480696422117024,12.31148406216315,12.40378189086914,815800,0.0,0.0
2001-06-20,12.429419328322483,12.583249363720471,12.429419328322483,12.490951538085938,894100,0.0,0.0
2001-06-21,12.460179295026725,12.88577387070322,12.449924746399745,12.860136032104492,1687200,0.0,0.0
2001-06-22,12.870399140331823,12.911420293066671,12.716569084060072,12.824250221252441,1566200,0.0,0.0
2001-06-25,12.803729409207072,12.865261580479519,12.711432619329429,12.783219337463379,1467700,0.0,0.0
2001-06-26,12.562736656361958,13.065245887891356,12.562736656361958,12.97294807434082,2239200,0.0,0.0
2001-06-27,12.978070917777096,13.429304284458397,12.978070917777096,13.234453201293945,3322900,0.0,0.0
2001-06-28,13.203688465631926,13.434432927113448,13.203688465631926,13.331879615783691,1663000,0.0,0.0
2001-06-29,13.280609386446946,13.37803498155121,13.044738025482376,13.357523918151855,1685100,0.0,0.0
2001-07-02,13.35752520659274,13.40880189201584,13.213951661033772,13.403674125671387,943900,0.0,0.0
2001-07-03,13.403670324812918,13.413925854593678,13.280606901507241,13.337011337280273,384600,0.0,0.0
2001-07-05,13.32675422257718,13.454945395527734,13.18830752106553,13.213946342468262,807100,0.0,0.0
2001-07-06,13.178057921305815,13.280610311380892,13.101142406222758,13.152419090270996,1236600,0.0,0.0
2001-07-09,13.101137484338311,13.285733086353842,13.01909521189164,13.213946342468262,1181300,0.0,0.0
2001-07-10,13.075499036375918,13.152413540985696,12.921670027156361,13.024222373962402,1877100,0.0,0.0
2001-07-11,12.998588794779064,13.254971212908744,12.97807773187846,13.142162322998047,905400,0.0,0.0
2001-07-12,13.32162973775489,13.547246531535073,13.213949595418311,13.465204238891602,1861400,0.0,0.0
2001-07-13,13.362647864942316,13.66517911746969,13.362647864942316,13.593392372131348,1054000,0.0,0.0
2001-07-16,13.588266487296602,13.701074385292191,13.306246253297035,13.32162857055664,870800,0.0,0.0
2001-07-17,13.22932680700189,13.531858011094105,13.203688967205965,13.44981575012207,1197800,0.0,0.0
2001-07-18,13.424179925352067,13.629285608569383,13.383158788708604,13.521605491638184,1035900,0.0,0.0
2001-07-19,13.56262899184385,13.639543514201621,13.388288886221584,13.53699016571045,801200,0.0,0.0
2001-07-20,13.434437651989374,13.511352173527008,13.316501009075717,13.362649917602539,969500,0.0,0.0
2001-07-23,13.357519435121175,13.501093896666404,13.280604929230195,13.367774963378906,590500,0.0,0.0
2001-07-24,13.331882086531166,13.485711104013493,13.162669776092189,13.18317985534668,900600,0.0,0.0
2001-07-25,13.183182546911308,13.347268104553223,13.101140257100973,13.347268104553223,670500,0.0,0.0
2001-07-26,13.244714393938185,13.55750122661717,13.203693250145959,13.53699016571045,912500,0.0,0.0
2001-07-27,13.485709026610655,13.639538998417322,13.470326714044612,13.5472412109375,562900,0.0,0.0
2001-07-30,13.552377027577968,13.670312724761697,13.495972573263371,13.56263256072998,573700,0.0,0.0
2001-07-31,13.557500564761158,13.7779895686384,13.531861739879405,13.71645736694336,726100,0.0,0.0
2001-08-01,13.716452583048,14.018983764990537,13.66517592918945,13.9830904006958,1452500,0.0,0.0
2001-08-02,14.101030867845052,14.229222057552736,13.772861735160157,13.916435241699219,2613700,0.0,0.0
2001-08-03,13.91643815881015,14.060012673465916,13.83952362446724,13.95233154296875,578900,0.0,0.0
2001-08-06,13.947197036401063,14.101026019955887,13.90104814573045,13.9830904006958,595200,0.0,0.0
2001-08-07,13.988224201236495,14.43432903289795,13.962585374231024,14.43432903289795,1549000,0.0,0.0
2001-08-08,14.331774844850864,14.331774844850864,13.967711371625635,13.9984769821167,880900,0.0,0.0
2001-08-09,13.998475507565262,14.280496671093093,13.89079539317863,14.249731063842773,807700,0.0,0.0
2001-08-10,14.10102395093902,14.12666178509609,13.9728328241123,13.977960586547852,1142200,0.0,0.0
2001-08-13,13.983092620274636,14.049751596257156,13.865156982294266,13.926688194274902,996400,0.0,0.0
2001-08-14,13.96771272830398,14.039499485762788,13.819011448136273,13.911308288574219,787800,0.0,0.0
2001-08-15,13.947206544356266,13.957461099701952,13.742099789098665,13.777994155883789,1307700,0.0,0.0
2001-08-16,13.777991062692776,14.02411794012005,13.777991062692776,13.972841262817383,1342100,0.0,0.0
2001-08-17,14.024115110568903,14.090774092998146,13.762604989307581,13.839519500732422,834000,0.0,0.0
2001-08-20,13.74209461264188,14.024115805876855,13.74209461264188,13.9984769821167,621000,0.0,0.0
2001-08-21,14.04975262657836,14.28049713347956,13.895923607324928,13.9625825881958,804300,0.0,0.0
2001-08-22,13.952326221590047,14.249730669523764,13.860029402393128,14.034369468688965,944000,0.0,0.0
2001-08-23,14.04975535914206,14.172818794083858,14.00873421416146,14.126669883728027,674500,0.0,0.0
2001-08-24,14.175908078338958,14.175908078338958,13.683508688871093,13.704241752624512,1086800,0.295,0.0
2001-08-27,13.476181811924539,13.787170820690312,13.439899942146445,13.616127014160156,1199500,0.0,0.0
2001-08-28,13.683505506152372,13.683505506152372,13.346601207376814,13.382883071899414,736400,0.0,0.0
2001-08-29,13.356972811627031,13.388071423232338,13.06153352985903,13.113364219665527,887900,0.0,0.0
2001-08-30,13.087446925248285,13.232575405466351,12.895670040267516,12.999333381652832,1425000,0.0,0.0
2001-08-31,12.999335195514396,13.11336409606375,12.983785395554792,13.0097017288208,1260500,0.0,0.0
2001-09-04,12.983780225638482,13.165190531837988,12.828286242385554,13.061528205871582,1066100,0.0,0.0
2001-09-05,12.98378148803872,13.061529475831179,12.7764558273412,13.025246620178223,779300,0.0,0.0
2001-09-06,12.952686123897317,13.144463025860624,12.906037715003727,12.973419189453125,1831600,0.0,0.0
2001-09-07,12.9734202180664,12.9734202180664,12.61059945092891,12.734994888305664,1370200,0.0,0.0
2001-09-10,12.672793569228645,12.734990773517024,12.553580448563567,12.652060508728027,1480700,0.0,0.0
2001-09-17,11.921236335997758,12.646876610902371,11.89532100027522,12.366987228393555,2068100,0.0,0.0
2001-09-18,12.439551150917541,12.760906657303195,12.387719490067377,12.58467960357666,1519100,0.0,0.0
2001-09-19,12.579506650546122,12.698718876199745,12.11820557830045,12.38772964477539,982400,0.0,0.0
2001-09-20,12.180391397135349,12.206306728069631,11.97306578384158,12.045629501342773,1427500,0.0,0.0
2001-09-21,11.53250504682419,12.128566907702673,11.506589700588767,11.760563850402832,1555000,0.0,0.0
2001-09-24,11.921235218665181,12.14929390835384,11.921235218665181,12.024898529052734,1783700,0.0,0.0
2001-09-25,12.050812765250932,12.175208133227192,11.926417397274669,12.045629501342773,1396300,0.0,0.0
2001-09-26,12.206310272216797,12.29960707243969,12.050816264249839,12.206310272216797,1170700,0.0,0.0
2001-09-27,12.232225695285024,12.522481616722416,12.20112709371127,12.43955135345459,1012600,0.0,0.0
2001-09-28,12.543217937804263,12.760910182629194,12.36699083539327,12.512118339538574,1555700,0.0,0.0
2001-10-01,12.387718667119124,12.455100118330023,12.273689811709358,12.325521469116211,1174100,0.0,0.0
2001-10-02,12.325523093772997,12.439551964213182,12.180394631625408,12.361804962158203,1151300,0.0,0.0
2001-10-03,12.361806777234925,12.413638449084248,12.258143433536281,12.372173309326172,1254200,0.0,0.0
2001-10-04,12.341072207137998,12.387720607249443,12.154479595299007,12.206310272216797,1071600,0.0,0.0
2001-10-05,12.154472444627858,12.206303091052847,11.532494801465866,11.755370140075684,1297400,0.0,0.0
2001-10-08,11.40292200464913,11.454753666027969,11.09193302498281,11.117849349975586,1486500,0.0,0.0
2001-10-09,11.024549850546611,11.273340577755667,11.014183323094617,11.102296829223633,2081200,0.0,0.0
2001-10-10,11.107481735433206,11.138580333781325,10.96235329546428,11.014184951782227,3151600,0.0,0.0
2001-10-11,11.14376468636165,11.257793550509724,11.050467893601082,11.117849349975586,2464600,0.0,0.0
2001-10-12,10.874242782481792,10.894975846183257,10.69283242952154,10.755030632019043,2851600,0.0,0.0
2001-10-15,10.832779767019236,11.05565530246137,10.62027076545978,10.962358474731445,2096800,0.0,0.0
2001-10-16,11.091931941955837,11.423653949226718,11.014184951782227,11.014184951782227,2166000,0.0,0.0
2001-10-17,11.402923996109442,11.454755666540406,10.998638153076172,10.998638153076172,1829600,0.0,0.0
2001-10-18,11.024553274788657,11.190413811111213,10.884608076538958,10.910523414611816,1582300,0.0,0.0
2001-10-19,10.858698131237517,10.879430214270654,10.729119399306795,10.832781791687012,1002900,0.0,0.0
2001-10-22,10.837960447651014,11.091934535527153,10.83277718194658,11.050469398498535,898100,0.0,0.0
2001-10-23,11.04528799260245,11.195599757520002,10.97790750431297,11.055654525756836,1062200,0.0,0.0
2001-10-24,11.169681283006588,11.37700795191431,11.055652405992802,11.319993019104004,1021700,0.0,0.0
2001-10-25,11.195602485916107,11.480675296885568,11.050473952207565,11.413294792175293,961600,0.0,0.0
2001-10-26,11.40810635752967,11.80202563752376,11.361457956700974,11.703545570373535,1606700,0.0,0.0
2001-10-29,11.703548587247607,11.703548587247607,11.335545539855957,11.335545539855957,1229500,0.0,0.0
2001-10-30,11.32517956338266,11.330362830466617,11.024556992762939,11.154135704040527,882400,0.0,0.0
2001-10-31,11.19559520929595,11.288891992569464,11.019368171691895,11.019368171691895,1197600,0.0,0.0
2001-11-01,11.040098318307065,11.408102122840736,10.936436012750276,11.397735595703125,1146500,0.0,0.0
2001-11-02,11.340720685052704,11.55323053694797,11.164494666745517,11.397735595703125,753200,0.0,0.0
2001-11-05,11.584330907066295,11.848671457992864,11.584330907066295,11.786473274230957,1045100,0.0,0.0
2001-11-06,11.786476813314106,12.056000709533691,11.739828408637376,12.056000709533691,1479500,0.0,0.0
2001-11-07,12.128559746660281,12.387717010429117,11.97306578384158,12.045629501342773,1241600,0.0,0.0
2001-11-08,12.050813996218066,12.387718275810368,11.998982340448494,12.00934886932373,1022500,0.0,0.0
2001-11-09,11.998984620510713,12.050816286129402,11.817574285148696,11.962702751159668,702800,0.0,0.0
2001-11-12,11.967889219259119,11.97307248606874,11.646533597312041,11.92124080657959,444400,0.0,0.0
2001-11-13,12.004168561210857,12.154480301099953,11.998985295496732,12.118197441101074,745700,0.0,0.0
2001-11-14,12.154476066201068,12.206306728069631,11.967882519933424,12.045629501342773,633200,0.0,0.0
2001-11-15,11.921239183661369,12.252960305461208,11.916055917557381,12.004169464111328,689400,0.0,0.0
2001-11-16,12.03526686829366,12.076732004371065,11.817574656735577,11.916054725646973,665700,0.0,0.0
2001-11-19,11.998984306273396,12.20112769803174,11.998984306273396,12.123379707336426,481600,0.0,0.0
2001-11-20,12.102652679714538,12.20631506284139,11.957524157008327,11.973073959350586,1042100,0.0,0.0
2001-11-21,11.973069658480965,12.03526686829366,11.879772855155096,11.916054725646973,634800,0.0,0.0
2001-11-23,11.997439980040467,12.191708684804535,11.997439980040467,12.160205841064453,403300,0.295,0.0
2001-11-26,12.259963503978774,12.312468900431604,12.154952711073113,12.30196762084961,776700,0.0,0.0
2001-11-27,12.333472281193414,12.35972548402898,12.128702306362444,12.24946403503418,898400,0.0,0.0
2001-11-28,12.27047036801493,12.2809706509186,12.023695192813108,12.044697761535645,663300,0.0,0.0
2001-11-29,12.102446207633479,12.212707630244742,12.007937704411459,12.181204795837402,609900,0.0,0.0
2001-11-30,12.233706935505,12.233706935505,12.023686408996582,12.023686408996582,991400,0.0,0.0
2001-12-03,11.997434722329416,12.076192297893865,11.84516920830883,11.96593189239502,1771900,0.0,0.0
2001-12-04,12.11820048470836,12.2599647693253,12.044693522962056,12.223211288452148,1066400,0.0,0.0
2001-12-05,12.25996491637032,12.401729202687568,12.1969582330769,12.343973159790039,970700,0.0,0.0
2001-12-06,12.39123318301419,12.50674431639616,12.349229043470046,12.454238891601562,787900,0.0,0.0
2001-12-07,12.438486710470753,12.527745623180413,12.35972908195225,12.517244338989258,566600,0.0,0.0
2001-12-10,12.412230118206114,12.44373396219617,12.296719027947837,12.422731399536133,840400,0.0,0.0
2001-12-11,12.527747466132071,12.601254463368582,12.401735041673314,12.464740753173828,780900,0.0,0.0
2001-12-12,12.469978410402888,12.469978410402888,12.259957921676913,12.354467391967773,859500,0.0,0.0
2001-12-13,12.349223642949351,12.349223642949351,12.076196354582954,12.154953956604004,1614800,0.0,0.0
2001-12-14,12.181206297760289,12.3912268887995,12.08669678142835,12.20745849609375,953400,0.0,0.0
2001-12-17,12.154958934460328,12.391232838742669,12.154958934460328,12.312475204467773,634300,0.0,0.0
2001-12-18,12.338722008153011,12.548742608000344,12.259964408392415,12.469985008239746,755300,0.0,0.0
2001-12-19,12.375478863178627,12.548746030490962,12.370228221568253,12.496240615844727,990100,0.0,0.0
2001-12-20,12.349224291054561,12.6800066374858,12.349224291054561,12.606499671936035,1559500,0.0,0.0
2001-12-21,12.601244556870194,12.785012906949273,12.574992364626159,12.611745834350586,3054400,0.0,0.0
2001-12-24,12.601244556870194,12.648499304075013,12.574992364626159,12.611745834350586,652800,0.0,0.0
2001-12-26,12.627505920087609,12.653759132855496,12.575001497467172,12.6222562789917,992500,0.0,0.0
2001-12-27,12.601253380173038,12.664260087715267,12.553998599880778,12.632756233215332,1266600,0.0,0.0
2001-12-28,12.680004604880274,12.790266036987305,12.653752407522814,12.790266036987305,1509500,0.0,0.0
2001-12-31,12.758759713105858,12.874271762474988,12.72725688212198,12.779762268066406,1910100,0.0,0.0
2002-01-02,12.706259096535641,12.874275580215908,12.632751133832596,12.863774299621582,2205200,0.0,0.0
2002-01-03,12.958287741106533,13.042296008353775,12.863778190088999,12.91628360748291,1009200,0.0,0.0
2002-01-04,12.968783186742826,13.11054644799427,12.968783186742826,13.016037940979004,958900,0.0,0.0
2002-01-07,12.995037078857422,13.100047880077542,12.916279478670942,12.995037078857422,1116200,0.0,0.0
2002-01-08,12.890031725981087,12.99504257158707,12.837527304635739,12.905783653259277,802900,0.0,0.0
2002-01-09,12.942530567761759,13.010787883135439,12.832270137252618,12.874274253845215,789100,0.0,0.0
2002-01-10,12.811272772695085,13.01604380038559,12.785020564726901,12.91628360748291,662400,0.0,0.0
2002-01-11,12.995031922540273,13.021284111700048,12.785011404891593,12.837516784667969,624100,0.0,0.0
2002-01-14,12.832267176747909,12.937276943274258,12.77451115421143,12.821765899658203,1016000,0.0,0.0
2002-01-15,12.953037099221387,13.089550783862542,12.837525982120813,12.91628360748291,1002000,0.0,0.0
2002-01-16,12.732507520862116,12.93727742444275,12.664251220154219,12.779762268066406,885300,0.0,0.0
2002-01-17,12.82701751265691,13.073791534270718,12.764010846789033,13.058040618896484,684300,0.0,0.0
2002-01-18,12.995035915374757,13.173553660591425,12.974033356428263,13.126298904418945,1473900,0.0,0.0
2002-01-22,13.215562286599026,13.310071831193657,13.07379796970708,13.121052742004395,1423500,0.0,0.0
2002-01-23,13.000286746225092,13.257562088358982,12.99503610641128,13.23130989074707,1017600,0.0,0.0
2002-01-24,13.257566452026367,13.36257727995214,13.210311679605516,13.257566452026367,891500,0.0,0.0
2002-01-25,13.257560541006564,13.388823516660095,13.215556428855717,13.304815292358398,550100,0.0,0.0
2002-01-28,13.20506103806348,13.331073430699924,13.20506103806348,13.257566452026367,671700,0.0,0.0
2002-01-29,13.257563837095505,13.336321441776894,12.538242111035656,12.66950511932373,1515500,0.0,0.0
2002-01-30,12.78501896074829,12.863776576229643,12.396480523110531,12.701010704040527,1087500,0.0,0.0
2002-01-31,12.732514492284112,12.921533584594727,12.711511925824048,12.921533584594727,817500,0.0,0.0
2002-02-01,12.968785102650367,13.047542704193337,12.758763496592795,12.863774299621582,1054700,0.0,0.0
2002-02-04,12.706262064403585,12.732514270564026,12.307222321728537,12.391230583190918,1195800,0.0,0.0
2002-02-05,12.338720321655273,12.412227271190359,12.186454781667363,12.338720321655273,1003300,0.0,0.0
2002-02-06,12.380727369874204,12.380727369874204,12.034193095005401,12.170706748962402,1025000,0.0,0.0
2002-02-07,12.191709764102804,12.475238387235569,12.128704071044922,12.128704071044922,1145000,0.0,0.0
2002-02-08,12.17070642944206,12.380727044840143,12.0761969021486,12.24946403503418,3158100,0.0,0.0
2002-02-11,12.36497552366133,12.475236976227684,12.175957464409084,12.459485054016113,1187100,0.0,0.0
2002-02-12,12.459483877910337,12.601248160060756,12.41747975743509,12.590746879577637,1171800,0.0,0.0
2002-02-13,12.548742232607715,12.800766944885254,12.51723939393732,12.800766944885254,902500,0.0,0.0
2002-02-14,12.80076963652442,12.900529814990795,12.622252845550362,12.832273483276367,1036600,0.0,0.0
2002-02-15,12.758763496592795,12.942531901164552,12.65900433531841,12.863774299621582,967200,0.0,0.0
2002-02-19,12.863778705636744,12.863778705636744,12.475240203682217,12.517244338989258,881600,0.0,0.0
2002-02-20,12.569746446858213,12.70100946029232,12.417480870575135,12.695758819580078,1062500,0.0,0.0
2002-02-21,12.601250771324919,12.837524623870234,12.543494718156634,12.569747924804688,741200,0.0,0.0
2002-02-22,12.6379984995911,12.811265578674574,12.559240918454426,12.73775863647461,1368500,0.0,0.0
2002-02-25,12.800769764825882,13.010791406114318,12.758765636859676,12.953035354614258,1093400,0.0,0.0
2002-02-26,12.86377239922752,13.068542333279566,12.858521759706045,13.016037940979004,958500,0.0,0.0
2002-02-27,13.084298096593233,13.236562681629742,12.911030947299341,13.168306350708008,1658200,0.0,0.0
2002-02-28,13.152554427514968,13.37832698599494,13.152554427514968,13.168306350708008,1510100,0.0,0.0
2002-03-01,13.285212862063167,13.46589183807373,13.232071807898654,13.46589183807373,1221200,0.3,0.0
2002-03-04,13.550924602233556,13.726289468307423,13.524354567269766,13.71566104888916,1368000,0.0,0.0
2002-03-05,13.710342774816565,13.827253326596162,13.593433236618532,13.65720272064209,1095900,0.0,0.0
2002-03-06,13.651881816362806,13.960098641871912,13.651881816362806,13.938841819763184,1189200,0.0,0.0
2002-03-07,13.938846124319326,14.092955091455922,13.81662240019254,13.82193660736084,1884800,0.0,0.0
2002-03-08,13.896338208968784,14.108901500121428,13.88570979101572,14.0079345703125,1304600,0.0,0.0
2002-03-11,13.869764848236843,14.177981799816262,13.81662378480974,14.12484073638916,1026200,0.0,0.0
2002-03-12,14.124840775681115,14.124840775681115,13.891020704100319,14.09295654296875,1237800,0.0,0.0
2002-03-13,14.029190392636902,14.108901500121428,13.976049316453311,14.0079345703125,1000200,0.0,0.0
2002-03-14,14.007934757905357,14.082331657409668,13.960107890057804,14.082331657409668,697900,0.0,0.0
2002-03-15,14.215183205657675,14.422432281319255,14.172670548763463,14.417118072509766,1767600,0.0,0.0
2002-03-18,14.40117359161377,14.48619888846908,14.294891463753885,14.40117359161377,1169800,0.0,0.0
2002-03-19,14.348031712322618,14.443685419244465,14.310833273759997,14.337403297424316,1569500,0.0,0.0
2002-03-20,14.332093931192531,14.332093931192531,14.114216420087986,14.15141487121582,1059200,0.0,0.0
2002-03-21,14.162035582436115,14.162035582436115,13.853818709081114,13.981356620788574,923600,0.0,0.0
2002-03-22,13.986672366807227,14.13546712030268,13.837878626893108,14.018556594848633,826800,0.0,0.0
2002-03-25,13.949473912899311,13.997300761687187,13.800679159605773,13.816621780395508,569400,0.0,0.0
2002-03-26,13.763478346676342,13.970728326809718,13.763478346676342,13.917587280273438,1375200,0.0,0.0
2002-03-27,13.896338908983441,14.209870159320571,13.896338908983441,14.15141487121582,1093900,0.0,0.0
2002-03-28,14.231121529481321,14.247063137508345,14.092955182952604,14.16203784942627,985000,0.0,0.0
2002-04-01,14.167348224336049,14.188605047397251,13.949470855864275,14.146092414855957,1047300,0.0,0.0
2002-04-02,14.055755685977182,14.316145737786627,14.055755685977182,14.241747856140137,978400,0.0,0.0
2002-04-03,14.273633447036172,14.284260847319489,13.97604394031396,14.002614974975586,1018300,0.0,0.0
2002-04-04,13.922898909679395,14.103577826317169,13.90164208956626,13.976038932800293,935700,0.0,0.0
2002-04-05,14.029189302850446,14.193925713999317,13.9335355758667,13.9335355758667,1099600,0.0,0.0
2002-04-08,13.800683075861325,14.10890007019043,13.79005567256707,14.10890007019043,933100,0.0,0.0
2002-04-09,14.045122391492399,14.262999726751778,14.045122391492399,14.119519233703613,955400,0.0,0.0
2002-04-10,14.087639349804363,14.438368876058307,14.087639349804363,14.390542030334473,1109400,0.0,0.0
2002-04-11,14.390547133538707,14.395861342012697,13.991990620224028,14.061073303222656,1178900,0.0,0.0
2002-04-12,14.124836154217085,14.236432452569716,14.087637725959926,14.21517562866211,616200,0.0,0.0
2002-04-15,14.34803602830419,14.34803602830419,14.061074821218872,14.082331657409668,694300,0.0,0.0
2002-04-16,14.16204216259111,14.576541328416347,14.14078634088765,14.539342880249023,1891600,0.0,0.0
2002-04-17,14.496824310940903,14.603105403276384,14.358657978681626,14.480881690979004,1027900,0.0,0.0
2002-04-18,14.507452917042462,14.61373503179717,14.342716551395895,14.523395538330078,963600,0.0,0.0
2002-04-19,14.613732595530124,14.677502056468162,14.480880481025304,14.656245231628418,960200,0.0,0.0
2002-04-22,14.560596557863942,14.709391342204484,14.480885464445688,14.51276969909668,1245800,0.0,0.0
2002-04-23,14.480881737444696,14.5605928103474,14.305516971626231,14.46493911743164,1137200,0.0,0.0
2002-04-24,14.454307556152344,14.603101245776744,14.37459549261814,14.454307556152344,937200,0.0,0.0
2002-04-25,14.348029611413093,14.512765963889521,14.305516971626231,14.46493911743164,804700,0.0,0.0
2002-04-26,14.443683484416118,14.48088191799576,14.294888736516253,14.321459770202637,886600,0.0,0.0
2002-04-29,14.2948815577477,14.555271475620879,14.2948815577477,14.502131462097168,1128200,0.0,0.0
2002-04-30,14.613736210907836,14.95915159135846,14.53933933272564,14.937895774841309,3058400,0.0,0.0
2002-05-01,14.879435188831533,15.182337814431202,14.810352542859064,15.118569374084473,1942200,0.0,0.0
2002-05-02,15.060121034755538,15.437420685043206,15.0388642025008,15.33113956451416,2199800,0.0,0.0
2002-05-03,15.437415774816428,15.623408943559769,15.394903137410626,15.410845756530762,2391200,0.0,0.0
2002-05-06,15.410849631412718,15.490560719893384,15.171715352389239,15.192972183227539,1728900,0.0,0.0
2002-05-07,15.304565448131514,15.304565448131514,15.03886117984047,15.070746421813965,1722800,0.0,0.0
2002-05-08,15.251420890074872,15.384272984888831,14.975088289602388,15.097311973571777,2399600,0.0,0.0
2002-05-09,15.038861393233152,15.038861393233152,14.932580292557475,14.959150314331055,1189300,0.0,0.0
2002-05-10,15.081371023238617,15.081371023238617,14.799725199813448,14.805039405822754,795000,0.0,0.0
2002-05-13,14.783789443240103,14.975096894040169,14.746590997491563,14.879443168640137,2217300,0.0,0.0
2002-05-14,15.001663940523018,15.11857447658432,14.932581271235236,15.113260269165039,1817500,0.0,0.0
2002-05-15,15.092003773263597,15.171714859152834,15.012292687374359,15.107946395874023,1248900,0.0,0.0
2002-05-16,15.171705006425471,15.198276026853907,15.022911346349396,15.065423965454102,1610900,0.0,0.0
2002-05-17,15.091999645339024,15.198281739842304,15.07074383458707,15.12919807434082,951500,0.0,0.0
2002-05-20,15.086689242952659,15.086689242952659,14.879440221358367,14.927267074584961,1188900,0.0,0.0
2002-05-21,14.921954572067076,15.086690966679814,14.746589761393762,14.852871894836426,1837100,0.0,0.0
2002-05-22,14.826295216278826,14.906006279256115,14.645616266287016,14.805039405822754,796000,0.0,0.0
2002-05-23,14.937886108139983,15.070738169539789,14.85286086993057,15.065423965454102,964600,0.0,0.0
2002-05-24,15.091998293397102,15.139825130281132,14.92726197389716,14.932576179504395,997400,0.0,0.0
2002-05-28,14.900696182520374,14.98572146917139,14.496825564137364,14.507452964782715,1233800,0.0,0.0
2002-05-29,14.507457627321294,14.613739776583671,14.427746522165359,14.539342880249023,1136000,0.0,0.0
2002-05-30,14.54471240802318,14.60381574235297,14.442625110040415,14.571578025817871,1274600,0.3,0.0
2002-05-31,14.705902000497703,14.802615143264518,14.587695340196387,14.668290138244629,1014100,0.0,0.0
2002-06-03,14.668292922282316,14.695158543276456,14.4318816064458,14.447999954223633,880300,0.0,0.0
2002-06-04,14.399639097578692,14.405012220373132,14.173973064304146,14.265314102172852,1125700,0.0,0.0
2002-06-05,14.26531471634259,14.4318784556862,14.26531471634259,14.415759086608887,993600,0.0,0.0
2002-06-06,14.45874574841316,14.45874574841316,14.10412776097973,14.109500885009766,892800,0.0,0.0
2002-06-07,14.077262026475948,14.3512841561028,14.05039640849981,14.297554969787598,1351100,0.0,0.0
2002-06-10,14.26531035954898,14.560825886801881,14.24381889882807,14.490976333618164,1287000,0.0,0.0
2002-06-11,14.533962200202515,14.711271130054252,14.399637222290039,14.399637222290039,1495300,0.0,0.0
2002-06-12,14.507095697772433,14.560825886801881,14.383516980377387,14.490976333618164,1111600,0.0,0.0
2002-06-13,14.533966074497627,14.560831692132597,14.104126440523373,14.125618934631348,1409000,0.0,0.0
2002-06-14,14.125621803074901,14.453374206228926,13.948311765133914,14.351286888122559,1094300,0.0,0.0
2002-06-17,14.507099610046277,14.974551048401194,14.458742529360652,14.89395523071289,1660400,0.0,0.0
2002-06-18,14.893957567233539,15.039028832048773,14.877839221021993,15.006791114807129,1189500,0.0,0.0
2002-06-19,14.910075383040793,15.012162672612579,14.807988093469007,14.856345176696777,875100,0.0,0.0
2002-06-20,14.722018588360767,14.92082002298631,14.722018588360767,14.748884201049805,1111500,0.0,0.0
2002-06-21,14.614566688378858,14.79187572355849,14.603820437805823,14.71127986907959,1517100,0.0,0.0
2002-06-24,14.74888332201299,14.765001663847421,14.399637551598964,14.609185218811035,1271300,0.0,0.0
2002-06-25,14.722020397515125,14.786496851073842,14.426505795348957,14.485608100891113,1184100,0.0,0.0
2002-06-26,14.485607955528872,14.528592940682307,14.17397398689564,14.356656074523926,1404800,0.0,0.0
2002-06-27,14.453371357158293,14.609188865911909,14.367403429852343,14.571578025817871,1030900,0.0,0.0
2002-06-28,14.571576995477812,14.711274098858254,14.480235951071549,14.668290138244629,1751500,0.0,0.0
2002-07-01,14.58769376665317,14.641423967829056,14.394266477165665,14.469488143920898,1387100,0.0,0.0
2002-07-02,14.415765513683754,14.528599097893418,14.345916932844544,14.426511764526367,1280200,0.0,0.0
2002-07-03,14.37277781356982,14.383524061629894,13.969802734684684,14.109500885009766,1192800,0.0,0.0
2002-07-05,14.130993902874264,14.399643984866694,14.077264706330766,14.351286888122559,1047000,0.0,0.0
2002-07-08,14.378149962544805,14.66291936791335,14.34591224536941,14.603816032409668,928900,0.0,0.0
2002-07-09,14.560828106117825,14.62530352292581,14.362026683853614,14.383519172668457,1669100,0.0,0.0
2002-07-10,14.507104379638683,14.507104379638683,13.926820245445885,13.996668815612793,1503800,0.0,0.0
2002-07-11,13.96979484457559,14.050389609869148,13.572193114285065,13.803232192993164,2016900,0.0,0.0
2002-07-12,13.754876181526125,13.808606370773196,13.265933406532204,13.432496070861816,1389500,0.0,0.0
2002-07-15,13.432499314354292,13.432499314354292,12.879079973668283,13.32503890991211,3017600,0.0,0.0
2002-07-16,13.271310632107594,13.298175222629977,12.9757950122692,13.056389808654785,3306300,0.0,0.0
2002-07-17,13.298171447780026,13.351901638391253,12.809228660372355,13.002656936645508,1491700,0.0,0.0
2002-07-18,12.922065999309083,13.067137261086481,12.089251318412522,12.14298152923584,2621200,0.0,0.0
2002-07-19,12.142982978553064,12.196713195789314,11.901197513399266,11.987165451049805,1602600,0.0,0.0
2002-07-22,11.987164085029717,12.089251383663173,11.551951322167033,11.960299491882324,2564100,0.0,0.0
2002-07-23,11.960297321217508,12.008654399961356,11.449861945507267,11.745377540588379,3176400,0.0,0.0
2002-07-24,11.310167248314357,12.094625965592178,11.26181015496346,12.07313346862793,3158500,0.0,0.0
2002-07-25,12.089250606039295,12.44386854183097,11.820600592571756,12.357900619506836,2188700,0.0,0.0
2002-07-26,12.411627859983382,12.954300880432129,12.36327078713421,12.954300880432129,2048700,0.0,0.0
2002-07-29,13.37877280746404,13.867715835571289,13.169226088223406,13.867715835571289,2657200,0.0,0.0
2002-07-30,13.867714224474001,13.916071311729848,13.539961885629248,13.851595878601074,1925000,0.0,0.0
2002-07-31,13.942938139353124,14.136365480341327,13.754882897576337,14.109500885009766,2049800,0.0,0.0
2002-08-01,14.077263832092285,14.168604895289919,13.808613766783797,14.077263832092285,2240100,0.0,0.0
2002-08-02,13.91607168126557,14.018158982051972,13.70115185709833,13.835476875305176,1543700,0.0,0.0
2002-08-05,13.851591844787281,13.878456429964434,13.491600869394967,13.496973991394043,2250100,0.0,0.0
2002-08-06,13.62055277645741,13.996662094507125,13.56682258107367,13.77099609375,1258200,0.0,0.0
2002-08-07,13.916062282053602,13.96979245800952,13.647412427091881,13.873078346252441,1242600,0.0,0.0
2002-08-08,13.873092143958441,14.50710659620819,13.873092143958441,14.426511764526367,1614800,0.0,0.0
2002-08-09,14.34591677874609,14.45874933692486,14.08801188538813,14.388900756835938,1549700,0.0,0.0
2002-08-12,14.1041259481064,14.281434919032712,13.964427815737414,14.195466995239258,1264900,0.0,0.0
2002-08-13,14.157853144572128,14.329788955579373,13.969797966976103,13.975171089172363,1374800,0.0,0.0
2002-08-14,13.969806351904184,14.426511764526367,13.776377936012699,14.426511764526367,1641600,0.0,0.0
2002-08-15,14.453376366814012,14.50710659620819,14.329797556580624,14.426511764526367,1355600,0.0,0.0
2002-08-16,14.195468122825561,14.453371914691957,14.195468122825561,14.367403984069824,1244700,0.0,0.0
2002-08-19,14.276058649812548,14.507097778402473,14.276058649812548,14.480233192443848,1427200,0.0,0.0
2002-08-20,14.372776852443092,14.410387693319638,14.17934849957108,14.24382495880127,1093900,0.0,0.0
2002-08-21,14.292179160588788,14.447995616297206,14.120243337123632,14.335163116455078,651400,0.0,0.0
2002-08-22,14.42650418794386,14.507098977298513,14.329790030790933,14.469488143920898,1116900,0.0,0.0
2002-08-23,14.458624891882533,14.491225784474647,14.208681951706476,14.273884773254395,915000,0.3,0.0
2002-08-26,14.263018618909536,14.523827853499434,14.192383173177854,14.502094268798828,857400,0.0,0.0
2002-08-27,14.637933731079102,14.670534628961581,14.442326271056514,14.637933731079102,1139100,0.0,0.0
2002-08-28,14.637928114321918,14.71399719231366,14.2847489197501,14.387985229492188,907800,0.0,0.0
2002-08-29,14.235851006471792,14.561862022997428,14.04567722258934,14.469491958618164,874400,0.0,0.0
2002-08-30,14.371684730999744,14.762898448942831,14.344516463971004,14.578158378601074,960200,0.0,0.0
2002-09-03,14.398854588479466,14.398854588479466,14.045675343581937,14.165212631225586,1763200,0.0,0.0
2002-09-04,14.235853411837494,14.382557979516518,14.083714151752524,14.371691703796387,1121600,0.0,0.0
2002-09-05,14.208677205848353,14.453186409529618,14.127174483409048,14.431451797485352,1325600,0.0,0.0
2002-09-06,14.616191190933437,14.621624843697854,14.43145114239649,14.567289352416992,995200,0.0,0.0
2002-09-09,14.453187367750395,14.849834736585159,14.453187367750395,14.73573112487793,1165600,0.0,0.0
2002-09-10,14.76833843281711,14.76833843281711,14.512961795096501,14.692269325256348,1200600,0.0,0.0
2002-09-11,14.806366547314063,14.860702044668633,14.56185732740021,14.64336109161377,829800,0.0,0.0
2002-09-12,14.53468269201505,14.540116342618601,13.964162851359614,14.029364585876465,1033000,0.0,0.0
2002-09-13,13.980474004280465,14.317353357943338,13.882670287527898,14.279318809509277,1229300,0.0,0.0
2002-09-16,14.235848320146356,14.24671459197998,14.01307368392199,14.24671459197998,1086200,0.0,0.0
2002-09-17,14.426027908403302,14.426027908403302,14.040247610781067,14.061981201171875,1127400,0.0,0.0
2002-09-18,13.779426287272328,13.958732656123791,13.589252614523648,13.801159858703613,1396000,0.0,0.0
2002-09-19,13.56752735650698,13.600129290665564,13.187180785264879,13.2306489944458,1301600,0.0,0.0
2002-09-20,13.366479306417911,13.437114715576172,13.111102822958518,13.437114715576172,2101800,0.0,0.0
2002-09-23,13.382784951431326,13.399085915761509,13.04590664618364,13.34475040435791,1170500,0.0,0.0
2002-09-24,13.040471179667616,13.44798590403223,12.96440209608922,13.002436637878418,1328900,0.0,0.0
2002-09-25,13.28498432148418,13.502325364222678,13.013307758970097,13.453423500061035,1835800,0.0,0.0
2002-09-26,13.524053467201204,13.991337296909023,13.420817161483344,13.931568145751953,2430500,0.0,0.0
2002-09-27,13.850068736881974,14.023941542252434,13.44798761537187,13.567524909973145,993100,0.0,0.0
2002-09-30,13.366484867399926,13.725097787567416,13.121975587120424,13.567524909973145,1336100,0.0,0.0
2002-10-01,13.58925433106317,14.083705320848894,13.431681513739031,13.996768951416016,1393000,0.0,0.0
2002-10-02,13.692498196895638,13.909839224263362,13.39365337744672,13.426254272460938,1778700,0.0,0.0
2002-10-03,13.230647923966146,13.23608157921961,12.37758374008379,12.513422012329102,3340600,0.0,0.0
2002-10-04,12.546020362075716,12.627523101614393,11.980932766728902,12.279777526855469,1498200,0.0,0.0
2002-10-07,12.116769626540526,12.279776123350779,11.546249478613248,11.573416709899902,1886600,0.0,0.0
2002-10-08,11.682085857458054,12.431912307657843,11.682085857458054,12.154803276062012,1762900,0.0,0.0
2002-10-09,12.008101142808963,12.116771117692505,11.60058640517764,11.633187294006348,1491600,0.0,0.0
2002-10-10,11.845093775779658,12.442782222013713,11.671220999354514,12.361279487609863,1635900,0.0,0.0
2002-10-11,12.529716045174254,13.170872554258644,12.529716045174254,12.83942699432373,1715900,0.0,0.0
2002-10-14,12.839429946430526,13.083939192169067,12.752493556026494,12.893765449523926,1175000,0.0,0.0
2002-10-15,13.74682991500533,13.828333690714068,13.49145438869349,13.62729263305664,1793600,0.0,0.0
2002-10-16,13.62729189632627,13.746829171812433,13.225210839112625,13.339314460754395,1305800,0.0,0.0
2002-10-17,13.882668461593607,13.915270387132267,13.486021028145466,13.605559349060059,1780900,0.0,0.0
2002-10-18,13.605555821182616,13.850063981140893,13.344745666318481,13.714225769042969,1394500,0.0,0.0
2002-10-21,13.610994614287687,13.985908539994293,13.475156340546837,13.920706748962402,971100,0.0,0.0
2002-10-22,13.882671118355574,13.920706705429646,13.670763743618934,13.774001121520996,1090600,0.0,0.0
2002-10-23,13.665327045192683,13.850067138671875,13.458853371731934,13.850067138671875,854900,0.0,0.0
2002-10-24,13.86636462701606,14.018502757862711,13.464283652636167,13.486017227172852,1118000,0.0,0.0
2002-10-25,13.496891182678961,13.855504148314466,13.284983803811745,13.817469596862793,1028600,0.0,0.0
2002-10-28,13.991339931736277,14.02937447641214,13.62185972111885,13.703362464904785,752500,0.0,0.0
2002-10-29,13.638158423652799,13.746828385232183,13.268678274283314,13.44798469543457,1036300,0.0,0.0
2002-10-30,13.447985740093857,13.714228565736132,13.426251124271536,13.502321243286133,1348600,0.0,0.0
2002-10-31,13.556654535495758,13.627289952671175,13.257809834859199,13.274110794067383,1326600,0.0,0.0
2002-11-01,13.083935914624378,13.773994247413864,13.083935914624378,13.69249153137207,1353600,0.0,0.0
2002-11-04,13.882665141868282,13.904399753696715,13.545786949434238,13.572954177856445,911500,0.0,0.0
2002-11-05,13.583824732034284,13.687062090179548,13.469721101739715,13.605559349060059,909400,0.0,0.0
2002-11-06,13.746828866216562,13.746828866216562,13.257811431090612,13.480586051940918,1706000,0.0,0.0
2002-11-07,13.48602033961015,13.48602033961015,12.997002881496655,13.040471076965332,1769600,0.0,0.0
2002-11-08,13.12197373342539,13.219777431720807,12.79596175122851,12.893765449523926,1571900,0.0,0.0
2002-11-11,12.795961109699789,12.926366725131441,12.638389298628704,12.687291145324707,749000,0.0,0.0
2002-11-12,12.904627539615696,13.203471131251028,12.806823880865776,13.018731117248535,1109500,0.0,0.0
2002-11-13,12.915497790217373,13.25780963758893,12.785093227582335,13.100237846374512,1301000,0.0,0.0
2002-11-14,13.415384942760731,13.556656837463379,13.35018213121969,13.556656837463379,872200,0.0,0.0
2002-11-15,13.529485616589684,13.659890174865723,13.371913830642374,13.659890174865723,1030700,0.0,0.0
2002-11-18,13.855503939059242,13.855503939059242,13.344751738966963,13.35018539428711,822300,0.0,0.0
2002-11-19,13.333881843273502,13.464286426448455,13.246944418126699,13.339314460754395,899200,0.0,0.0
2002-11-20,13.339314762853569,13.991338729858398,13.323014837314739,13.991338729858398,1453200,0.0,0.0
2002-11-21,13.991345736946693,14.284756979952938,13.909842959344084,14.061981201171875,1727500,0.0,0.0
2002-11-22,14.067403819896805,14.295612039939355,13.936999270781524,14.186942100524902,1080900,0.0,0.0
2002-11-25,14.192375368826307,14.317346262133979,14.083704395989857,14.18150806427002,1334700,0.0,0.0
2002-11-26,14.018512466027747,14.263021826164746,13.909842445361088,13.975044250488281,1196900,0.0,0.0
2002-11-27,14.127179976720749,14.53469478374154,14.040243567465414,14.469491958618164,982400,0.0,0.0
2002-11-29,14.50795613174789,14.579397412829286,14.293634384846932,14.337597846984863,557700,0.3,0.0
2002-12-02,14.562914252278743,14.579400947642064,14.17273856222698,14.200215339660645,1037700,0.0,0.0
2002-12-03,14.205713072590207,14.266162201803251,13.936436629595287,14.002381324768066,1332700,0.0,0.0
2002-12-04,13.90346035520289,14.205710131377101,13.84850680332741,14.046341896057129,828300,0.0,0.0
2002-12-05,14.079313505159089,14.079313505159089,13.80454158782959,13.80454158782959,997000,0.0,0.0
2002-12-06,13.81004019718058,14.0903077617106,13.650672982941154,13.985895156860352,885100,0.0,0.0
2002-12-09,13.848506143681714,13.996882194118456,13.656165576763847,13.727605819702148,830200,0.0,0.0
2002-12-10,13.76057195951023,13.969398061950178,13.73858971284749,13.952911376953125,940600,0.0,0.0
2002-12-11,13.821031969825844,13.980400239630074,13.738600576004227,13.903463363647461,790900,0.0,0.0
2002-12-12,13.864993176188506,13.985893512262455,13.777066230773926,13.777066230773926,769700,0.0,0.0
2002-12-13,13.777063798064567,13.941927577734695,13.661660095649994,13.826522827148438,1027900,0.0,0.0
2002-12-16,13.980397418896981,14.27715058641527,13.903460558437414,14.260664939880371,1037900,0.0,0.0
2002-12-17,14.178232240455145,14.282645875235792,14.068324089050293,14.068324089050293,758800,0.0,0.0
2002-12-18,13.958415503961367,14.095801485394396,13.843011782680113,13.897966384887695,1235300,0.0,0.0
2002-12-19,13.821027691490947,14.123277439504074,13.749587451805935,13.843009948730469,1000600,0.0,0.0
2002-12-20,13.947420981196382,14.040843467772838,13.875980749424553,13.98039436340332,1495300,0.0,0.0
2002-12-23,13.985895156860352,14.095803327466717,13.804545679596457,13.985895156860352,809000,0.0,0.0
2002-12-24,13.936434787170366,13.936434787170366,13.843012274549547,13.892471313476562,241400,0.0,0.0
2002-12-26,13.854001864584145,14.112288180508227,13.81003839245245,13.897966384887695,563700,0.0,0.0
2002-12-27,13.86499029655192,13.941927143939472,13.639677414701078,13.711118698120117,684100,0.0,0.0
2002-12-30,13.79355140944601,13.881478345192663,13.645174312309125,13.837514877319336,845900,0.0,0.0
2002-12-31,13.793550522214948,13.848505115564747,13.623192226185092,13.815531730651855,628300,0.0,0.0
2003-01-02,13.996885457319944,14.244180679321289,13.793554762049514,14.244180679321289,987100,0.0,0.0
2003-01-03,14.244184669707217,14.282652593201217,14.09031192755892,14.11229419708252,639900,0.0,0.0
2003-01-06,14.123275811336718,14.733268705007877,14.123275811336718,14.711287498474121,1359400,0.0,0.0
2003-01-07,14.711290892098662,14.777235575083752,14.590390559672937,14.661831855773926,1125300,0.0,0.0
2003-01-08,14.524438858032227,14.705788220865388,14.458493158742291,14.524438858032227,823400,0.0,0.0
2003-01-09,14.694801209024364,14.837682723999023,14.612369847969806,14.837682723999023,1053500,0.0,0.0
2003-01-10,14.562910423727788,14.837682318515103,14.562910423727788,14.711287498474121,894000,0.0,0.0
2003-01-13,14.83767804352712,14.898128178378526,14.634346438772306,14.727768898010254,676800,0.0,0.0
2003-01-14,14.623360975622846,14.837682723999023,14.584893077008829,14.837682723999023,725700,0.0,0.0
2003-01-15,14.700297339396434,14.700297339396434,14.172735769777876,14.178230285644531,1973600,0.0,0.0
2003-01-16,14.150758485068831,14.167245182975892,13.903463257323086,13.936436653137207,2701100,0.0,0.0
2003-01-17,13.73859694882243,13.903459692939593,13.573734204705266,13.727605819702148,2501900,0.0,0.0
2003-01-21,13.755080823049738,13.82652105134455,13.573731422424316,13.573731422424316,1500700,0.0,0.0
2003-01-22,13.579227544591786,13.656164393596196,13.381392478425937,13.4143648147583,1271200,0.0,0.0
2003-01-23,13.518781661987305,13.562745136978648,13.337432196626521,13.518781661987305,1467800,0.0,0.0
2003-01-24,13.353910549100995,13.392379485852414,13.117607655227527,13.167065620422363,1136700,0.0,0.0
2003-01-27,13.106622268738148,13.293467279220627,13.013199763496909,13.09013557434082,1296900,0.0,0.0
2003-01-28,13.227519094838645,13.227519094838645,13.073647501708656,13.139592170715332,1296400,0.0,0.0
2003-01-29,13.05166281372192,13.287966771319892,12.875808998254989,13.200039863586426,1612600,0.0,0.0
2003-01-30,13.265989610990955,13.271485175854592,12.914281845092773,12.914281845092773,1295900,0.0,0.0
2003-01-31,12.919777629391895,13.265989836306668,12.91428206443492,13.216530799865723,1790000,0.0,0.0
2003-02-03,13.2165311856404,13.397880641826625,13.178063277990576,13.276981353759766,1161900,0.0,0.0
2003-02-04,13.282472113543845,13.282472113543845,12.963736789250685,13.254995346069336,1705400,0.0,0.0
2003-02-05,13.293471116334707,13.45833391520782,13.090139352763897,13.101130485534668,1228600,0.0,0.0
2003-02-06,13.106626051920053,13.255003199809122,12.97473560318714,13.101130485534668,1007100,0.0,0.0
2003-02-07,13.23302354144025,13.255005811312744,12.92527910043159,12.963747024536133,1408500,0.0,0.0
2003-02-10,13.018691372371194,13.282472113543845,12.870314312397268,13.254995346069336,1688900,0.0,0.0
2003-02-11,13.337429310713409,13.337429310713409,12.941757073233767,13.018693923950195,1124500,0.0,0.0
2003-02-12,13.02418579155841,13.172561790328663,12.842836416909078,12.86481761932373,774200,0.0,0.0
2003-02-13,12.89229999889329,13.079145017558861,12.82085974971968,12.996713638305664,1022900,0.0,0.0
2003-02-14,13.04617151185852,13.189053045633493,12.925272236282046,13.161576271057129,1082600,0.0,0.0
2003-02-18,13.200042601298378,13.419859916222538,13.145088010524429,13.342924118041992,1068700,0.0,0.0
2003-02-19,13.298962197660062,13.326438972148365,13.156080664343015,13.271484375,983400,0.0,0.0
2003-02-20,13.38689114324276,13.38689114324276,13.172568287010781,13.18355941772461,774700,0.0,0.0
2003-02-21,13.271481859723021,13.56274043568836,13.167068249747286,13.386886596679688,1154700,0.0,0.0
2003-02-24,13.392384777948083,13.392384777948083,13.0571626767055,13.117612838745117,874600,0.0,0.0
2003-02-25,13.123105877847577,13.25499731620891,12.886802917198338,13.233015060424805,1173900,0.0,0.0
2003-02-26,13.233017186690658,13.233017186690658,12.963740799098245,13.035181045532227,1124900,0.0,0.0
2003-02-27,13.134099039750442,13.331935179758666,13.024190888323949,13.12310791015625,1172400,0.0,0.0
2003-02-28,13.220526831323987,13.459888118568362,13.187127902930033,13.209393501281738,1504600,0.305,0.0
2003-03-03,13.37082360169596,13.432054793462743,13.170427907866662,13.209393501281738,1164500,0.0,0.0
2003-03-04,13.192696850545925,13.259494718891169,13.064665656373753,13.075798988342285,938400,0.0,0.0
2003-03-05,13.02569491540608,13.214957237243652,13.02569491540608,13.214957237243652,1423900,0.0,0.0
2003-03-06,13.214957833055301,13.214957833055301,12.936631001537542,12.953330993652344,981500,0.0,0.0
2003-03-07,12.775199607208856,13.081358640048954,12.775199607208856,13.014559745788574,1481900,0.0,0.0
2003-03-10,12.958894826002991,13.008993729667532,12.74736588570107,12.75293254852295,1357300,0.0,0.0
2003-03-11,12.752936572426679,12.853134411370945,12.597073149431962,12.630473136901855,1257800,0.0,0.0
2003-03-12,12.608199743510141,12.652731974615625,12.418937495878799,12.535835266113281,1763300,0.0,0.0
2003-03-13,12.747366640028243,12.975594520568848,12.680568805677666,12.975594520568848,1168100,0.0,0.0
2003-03-14,13.008994273547374,13.008994273547374,12.708400838992924,12.797465324401855,1758000,0.0,0.0
2003-03-17,12.797465398342634,13.292886734008789,12.630469752669132,13.292886734008789,1686800,0.0,0.0
2003-03-18,13.320725433167226,13.354124363454003,13.09249746303068,13.226094245910645,1337400,0.0,0.0
2003-03-19,13.226088834690147,13.320719983230065,13.109191033913815,13.298453330993652,1611700,0.0,0.0
2003-03-20,13.298458031323461,13.443188136817636,13.12032899740226,13.304024696350098,1472600,0.0,0.0
2003-03-21,13.304022418909966,13.571215924052428,13.086927828698292,13.537817001342773,1885900,0.0,0.0
2003-03-24,13.220520728556696,13.309585204315757,13.003426201610523,13.042391777038574,1121800,0.0,0.0
2003-03-25,13.081359086330794,13.27062138783758,12.981161272388091,13.164856910705566,1555700,0.0,0.0
2003-03-26,13.164861988940842,13.237227576583855,13.036831871397483,13.226094245910645,2493400,0.0,0.0
2003-03-27,13.226088898543987,13.226088898543987,13.003427683766967,13.086925506591797,1042100,0.0,0.0
2003-03-28,13.086922378648357,13.086922378648357,12.847561231823809,12.908793449401855,1703200,0.0,0.0
2003-03-31,12.680566093725103,12.7974628097045,12.524702744020365,12.558101654052734,3253600,0.0,0.0
2003-04-01,12.66943396825642,12.858696245896608,12.558102841974318,12.836429595947266,1305500,0.0,0.0
2003-04-02,13.02569393470693,13.209389578926846,12.91436385254083,13.120325088500977,1124300,0.0,0.0
2003-04-03,13.120325664300882,13.187124565918065,12.858698844909668,12.858698844909668,1787800,0.0,0.0
2003-04-04,12.858695351222774,13.031257629394531,12.803029791954785,13.031257629394531,1054800,0.0,0.0
2003-04-07,13.287316984841494,13.3541147975661,12.970023658337304,13.008990287780762,1476700,0.0,0.0
2003-04-08,13.008992042726675,13.098056512862565,12.942193159258641,13.031257629394531,1083600,0.0,0.0
2003-04-09,13.008992623492588,13.237220471121205,12.752931464121286,12.76406478881836,795700,0.0,0.0
2003-04-10,12.786334323919522,13.014562242007417,12.786334323919522,12.94776439666748,1076000,0.0,0.0
2003-04-11,13.109187388627108,13.192686249562614,12.87539291381836,12.87539291381836,1010500,0.0,0.0
2003-04-14,12.87539763505782,13.270622253417969,12.87539763505782,13.270622253417969,1520400,0.0,0.0
2003-04-15,13.270623891756127,13.471019557452447,13.181559387387239,13.398653984069824,1378400,0.0,0.0
2003-04-16,13.426484294974655,13.493282127408552,13.114757537841797,13.114757537841797,970800,0.0,0.0
2003-04-17,13.025689133845734,13.13702023671115,12.641597996865341,12.914359092712402,3748900,0.0,0.0
2003-04-21,12.986723014314185,13.042388563380625,12.825294089926752,12.869826316833496,2145500,0.0,0.0
2003-04-22,12.853134353789518,13.125894546508789,12.613773086657808,13.125894546508789,2906000,0.0,0.0
2003-04-23,13.148162309514957,13.226093496345111,12.975598879058488,13.209393501281738,1583000,0.0,0.0
2003-04-24,13.209392642572174,13.359689403173732,12.919932450687558,13.192693710327148,1513100,0.0,0.0
2003-04-25,13.159291029095334,13.304021095416132,13.07022653624138,13.08135986328125,1760600,0.0,0.0
2003-04-28,13.137022551827004,13.359683735064966,12.975592530396812,13.281752586364746,1279600,0.0,0.0
2003-04-29,13.33185031116933,13.387514805777228,13.24835144579313,13.30958366394043,1646100,0.0,0.0
2003-04-30,13.309580701044117,13.526675154536791,13.242782897691884,13.42091178894043,2192300,0.0,0.0
2003-05-01,13.387517509562244,13.526680897652215,13.248354121472273,13.432049751281738,1127200,0.0,0.0
2003-05-02,13.41534850807842,13.905203082420154,13.381949597988172,13.777173042297363,1747700,0.0,0.0
2003-05-05,13.782749038514348,13.849546903933115,13.676984512912883,13.793882369995117,1662600,0.0,0.0
2003-05-06,13.793872087166845,13.999833257359924,13.78273876398556,13.977567672729492,1488100,0.0,0.0
2003-05-07,13.977567948051924,13.977567948051924,13.643575678159552,13.843971252441406,1250200,0.0,0.0
2003-05-08,13.721512433599026,13.877375839792931,13.710379105642478,13.760478019714355,1119900,0.0,0.0
2003-05-09,13.816140163679957,13.972003531133087,13.777174587249757,13.916337966918945,1326000,0.0,0.0
2003-05-12,13.916339126287722,14.317129310901139,13.832841303876478,14.194665908813477,1607700,0.0,0.0
2003-05-13,14.194665203770896,14.400627479772165,14.033235168292556,14.27259635925293,1240100,0.0,0.0
2003-05-14,14.305998406479766,14.344963989860348,14.139001684049749,14.250332832336426,1443100,0.0,0.0
2003-05-15,14.378358236272872,14.46185603948243,14.305993756619833,14.439590454101562,1687200,0.0,0.0
2003-05-16,14.439597977812245,14.467430239473293,14.23363563162922,14.255902290344238,1383500,0.0,0.0
2003-05-19,14.255896808343866,14.417325775020531,13.96643672675472,14.027668952941895,1084200,0.0,0.0
2003-05-20,14.04437498072962,14.205805090769958,13.96644378925241,14.088907241821289,1021000,0.0,0.0
2003-05-21,13.97200820594681,14.161270550559692,13.955308212575316,14.022107124328613,1916500,0.0,0.0
2003-05-22,14.022106559904637,14.23363449209898,14.022106559904637,14.07777214050293,1342500,0.0,0.0
2003-05-23,14.116731969164958,14.472989840878428,14.088898659354713,14.38949203491211,1813500,0.0,0.0
2003-05-27,14.38949452526872,14.612155733625102,14.239197811478517,14.528657913208008,1515300,0.0,0.0
2003-05-28,14.528652127438335,14.72904660428945,14.484119903501202,14.534218788146973,2025400,0.0,0.0
2003-05-29,14.545355551550056,14.651120014298373,14.328261025353461,14.367226600646973,1997200,0.0,0.0
2003-05-30,14.50082777824567,14.762455684448645,14.484128847540031,14.695656776428223,3042600,0.0,0.0
2003-06-02,14.867424889625381,15.194057670924197,14.726634879166538,14.968793869018555,1917600,0.305,0.0
2003-06-03,15.03637011516035,15.126475615359324,14.940632886931153,15.120843887329102,1489400,0.0,0.0
2003-06-04,15.120842733446494,15.329211283952507,15.087053441985937,15.306685447692871,1449000,0.0,0.0
2003-06-05,15.306684381453593,15.334841943352279,15.03073619310637,15.289789199829102,1316100,0.0,0.0
2003-06-06,15.2954215784589,15.441843269680758,15.098315414347084,15.154631614685059,2035500,0.0,0.0
2003-06-09,15.15462582279702,15.160257548092668,14.754782994081943,14.811098098754883,1629200,0.0,0.0
2003-06-10,14.856163412120477,14.923743098775446,14.749163763285571,14.867426872253418,1142400,0.0,0.0
2003-06-11,14.86741302031307,15.14336109161377,14.782939296305376,15.14336109161377,1182300,0.0,0.0
2003-06-12,15.171524564816057,15.188418670532263,14.91810223765274,15.019471168518066,1018700,0.0,0.0
2003-06-13,15.053258688822341,15.053258688822341,14.76041538380642,14.833626747131348,946300,0.0,0.0
2003-06-16,14.991312779374441,15.199681282043457,14.923733137825973,15.199681282043457,1202300,0.0,0.0
2003-06-17,15.205313966006335,15.205313966006335,14.957523363578314,15.03636646270752,976000,0.0,0.0
2003-06-18,15.0363714654438,15.064529033981204,14.698475272283035,14.9124755859375,923700,0.0,0.0
2003-06-19,14.912470049590182,14.940628681815905,14.613996066991445,14.625258445739746,903800,0.0,0.0
2003-06-20,14.811102202719036,14.867418397138232,14.636522966747389,14.642154693603516,1464000,0.0,0.0
2003-06-23,14.63652234652454,14.69847026517482,14.422522105770339,14.433784484863281,1111300,0.0,0.0
2003-06-24,14.388740539550781,14.585846795053397,14.388740539550781,14.388740539550781,1232400,0.0,0.0
2003-06-25,14.388733784439964,14.5351554748112,14.281734185975816,14.287365913391113,1379300,0.0,0.0
2003-06-26,14.287369000949008,14.332421755865303,14.191631762484082,14.242316246032715,1560700,0.0,0.0
2003-06-27,14.264841638776847,14.366210602693068,14.191631317138672,14.191631317138672,1004900,0.0,0.0
2003-06-30,14.383097170383898,14.473202623401946,14.169095913859737,14.231043815612793,1180300,0.0,0.0
2003-07-01,14.231047950332185,14.383101349281214,14.000152525620864,14.366206169128418,1364600,0.0,0.0
2003-07-02,14.433792042510998,14.490108264031415,14.287371370357535,14.473214149475098,1085200,0.0,0.0
2003-07-03,14.360573209824041,14.602732067185746,14.315520474092231,14.37183666229248,654000,0.0,0.0
2003-07-07,14.484467489912142,14.670310152983754,14.445046481706333,14.585836410522461,911100,0.0,0.0
2003-07-08,14.501363686372533,14.754786005694092,14.478836780591955,14.625258445739746,881200,0.0,0.0
2003-07-09,14.585836824830162,14.636521286575002,14.360573147154172,14.495731353759766,998200,0.0,0.0
2003-07-10,14.377475561078514,14.484475190482199,14.332422802871045,14.461949348449707,997800,0.0,0.0
2003-07-11,14.473211517483207,14.614001508609922,14.371842552009191,14.490105628967285,819000,0.0,0.0
2003-07-14,14.720997642557343,14.94063070712282,14.670313171822398,14.743524551391602,1395900,0.0,0.0
2003-07-15,14.895574239687026,14.901204891345786,14.512625478379313,14.65904712677002,1460500,0.0,0.0
2003-07-16,14.726629559215322,14.754788195620389,14.467576549141597,14.557682037353516,1098400,0.0,0.0
2003-07-17,14.5351536740882,14.574574686969347,14.304258249376879,14.366206169128418,1129200,0.0,0.0
2003-07-18,14.64215122759765,14.833625598812963,14.557677493036026,14.77730941772461,1597700,0.0,0.0
2003-07-21,14.664681022521362,14.75478650038068,14.52952173159036,14.57457447052002,905300,0.0,0.0
2003-07-22,14.597102866395328,14.850525220070057,14.552050122868947,14.743524551391602,1043400,0.0,0.0
2003-07-23,14.78293686125462,14.867410571347776,14.630883538602042,14.82798957824707,1094600,0.0,0.0
2003-07-24,14.951883507634157,15.120831993218356,14.749146828731146,14.782936096191406,1122400,0.0,0.0
2003-07-25,14.782941355751403,15.109573921788998,14.737888625061453,15.098310470581055,1100300,0.0,0.0
2003-07-28,15.041997607669678,15.177156903703983,14.901207658930836,14.985682487487793,1220300,0.0,0.0
2003-07-29,15.03636695496514,15.171525176857381,14.963155580101388,14.985682487487793,1529700,0.0,0.0
2003-07-30,15.092676642380816,15.148992816433173,15.008202918373122,15.14336109161377,1373600,0.0,0.0
2003-07-31,15.182789177782954,15.334842596452827,15.120842324139145,15.154631614685059,1528500,0.0,0.0
2003-08-01,15.154633569513617,15.154633569513617,14.8054750158354,14.991317749023438,1447000,0.0,0.0
2003-08-04,14.991310906531064,15.199679383168899,14.737888625061453,15.098310470581055,1494900,0.0,0.0
2003-08-05,15.098313317760516,15.098313317760516,14.839260335977585,14.856154441833496,1314300,0.0,0.0
2003-08-06,14.856152797320343,15.053258912242736,14.670310134483097,14.951889991760254,1025700,0.0,0.0
2003-08-07,14.918106808539871,15.064528523081862,14.766053365652919,14.963159561157227,1094600,0.0,0.0
2003-08-08,15.03636646270752,15.48689385426571,14.968786816902776,15.03636646270752,1020300,0.0,0.0
2003-08-11,15.109577786048387,15.160262255304811,14.946261998332654,15.075788497924805,705100,0.0,0.0
2003-08-12,15.075783607977947,15.261626243591309,15.008203979508654,15.261626243591309,846500,0.0,0.0
2003-08-13,15.261635626171211,15.261635626171211,14.991319094391793,15.064529418945312,767300,0.0,0.0
2003-08-14,15.120834638192797,15.28978207918826,15.07578191565123,15.216571807861328,874200,0.0,0.0
2003-08-15,15.216573039738588,15.244730590803485,15.120835862319531,15.210941314697266,447900,0.0,0.0
2003-08-18,15.233469189308314,15.391154289245605,15.233469189308314,15.391154289245605,658200,0.0,0.0
2003-08-19,15.700892469150817,15.700892469150817,15.205312389809112,15.3348388671875,658200,0.0,0.0
2003-08-20,15.33483545019421,15.430572623911182,15.23909827647724,15.346098899841309,543000,0.0,0.0
2003-08-21,15.396790833927927,15.52631734541102,15.346106360018508,15.368633270263672,797900,0.0,0.0
2003-08-22,15.368626593880975,15.447468597204393,15.16025706120114,15.165888786315918,1197900,0.0,0.0
2003-08-25,15.165899662270832,15.256005180441372,15.098319986571672,15.239109992980957,973400,0.0,0.0
2003-08-26,15.205309001677627,15.379888174640922,15.103940103137107,15.346098899841309,889900,0.0,0.0
2003-08-27,15.301055799110674,15.301055799110674,15.210950293544705,15.284160614013672,1704300,0.0,0.0
2003-08-28,15.41800317363709,15.429394644813701,15.235743980213233,15.400917053222656,1096900,0.305,0.0
2003-08-29,15.332565160533555,15.50912857055664,15.332565160533555,15.50912857055664,707400,0.0,0.0
2003-09-02,15.51483131583621,15.56039612244444,15.32687635278343,15.5319185256958,1286800,0.0,0.0
2003-09-03,15.457881927490234,15.57749027713034,15.338274664201293,15.457881927490234,1322300,0.0,0.0
2003-09-04,15.531913617613853,15.531913617613853,15.378132036524526,15.38952350616455,1677900,0.0,0.0
2003-09-05,15.321183828977597,15.446487888189186,15.321183828977597,15.412313461303711,1144900,0.0,0.0
2003-09-08,15.4350854754732,15.49204172690634,15.361042022705078,15.361042022705078,1204400,0.0,0.0
2003-09-09,15.349654136678867,15.349654136678867,15.230045880591206,15.23574161529541,1023800,0.0,0.0
2003-09-10,15.241442788502091,15.241442788502091,14.751620292663574,14.751620292663574,2579100,0.0,0.0
2003-09-11,14.797186146963472,14.808577621242462,14.614926903902766,14.677578926086426,2463300,0.0,0.0
2003-09-12,14.654790593225895,14.802876445392334,14.557965270130548,14.745920181274414,1128000,0.0,0.0
2003-09-15,14.831361272501587,14.831361272501587,14.65479667186407,14.740230560302734,1019300,0.0,0.0
2003-09-16,14.808575252243381,14.916792067880253,14.7857923073301,14.871227264404297,1140000,0.0,0.0
2003-09-17,14.871224891693075,14.871224891693075,14.666182765590543,14.70605182647705,1254000,0.0,0.0
2003-09-18,14.785793409355149,15.053487600285136,14.751620075788804,14.985139846801758,1315600,0.0,0.0
2003-09-19,15.030701481550679,15.08196201425737,14.882615618881404,14.973746299743652,995400,0.0,0.0
2003-09-22,14.780095100402832,14.819964160752868,14.671878303488148,14.780095100402832,980600,0.0,0.0
2003-09-23,14.825659805496334,14.848441659978539,14.71174727403408,14.797181129455566,715700,0.0,0.0
2003-09-24,14.7459239928914,14.808576008250828,14.535187173438048,14.586447715759277,1106100,0.0,0.0
2003-09-25,14.575048185426446,14.666177746652984,14.478222890829493,14.535179138183594,1527700,0.0,0.0
2003-09-26,14.535179226271199,14.609221587835206,14.466831511762056,14.5636568069458,1499500,0.0,0.0
2003-09-29,14.55796379557901,14.654789108867087,14.466834216760853,14.609224319458008,988300,0.0,0.0
2003-09-30,14.59213547397047,14.66617783553448,14.438353931087454,14.5636568069458,1396700,0.0,0.0
2003-10-01,14.56936084830071,14.985139846801758,14.552273638342193,14.985139846801758,1261900,0.0,0.0
2003-10-02,14.98514095240179,14.98514095240179,14.751621164159802,14.882619857788086,1027500,0.0,0.0
2003-10-03,15.059181875283272,15.06487761138328,14.808574918635886,14.848443984985352,1998900,0.0,0.0
2003-10-06,14.859833505745707,15.036396956256725,14.808572973927921,14.979440689086914,889100,0.0,0.0
2003-10-07,14.865529311829478,15.17878715322829,14.837050634933847,15.150309562683105,1374300,0.0,0.0
2003-10-08,15.150315214625842,15.150315214625842,14.950968747390466,15.064881324768066,870400,0.0,0.0
2003-10-09,15.127531140733256,15.2870085199436,14.968054847873681,15.053488731384277,902300,0.0,0.0
2003-10-10,15.053482080139604,15.121828722209429,14.922483444213865,14.922483444213867,750800,0.0,0.0
2003-10-13,15.059180673427308,15.201570805511738,15.02500625955469,15.110441207885742,983300,0.0,0.0
2003-10-14,15.167400450359017,15.167400450359017,14.985141206335372,15.093358039855957,923000,0.0,0.0
2003-10-15,15.093353540519566,15.093353540519566,14.876921024347828,14.945267677307129,1115900,0.0,0.0
2003-10-16,14.819963633882098,15.173090515585761,14.819963633882098,15.121829986572266,1263200,0.0,0.0
2003-10-17,15.12182934355724,15.195872809583959,14.928178705818587,15.087656021118164,1455900,0.0,0.0
2003-10-20,15.076267353579771,15.116137504577637,14.956660159637782,15.116137504577637,876600,0.0,0.0
2003-10-21,15.116138858936042,15.43509249104246,15.04779110888078,15.269919395446777,2162600,0.0,0.0
2003-10-22,15.178788971207092,15.235745245469618,15.093355102988593,15.167397499084473,941000,0.0,0.0
2003-10-23,15.138913837100988,15.366737756483406,15.10474052078116,15.361042022705078,1098000,0.0,0.0
2003-10-24,15.361050764090338,15.361050764090338,15.121835241022879,15.315485954284668,940700,0.0,0.0
2003-10-27,15.440790183510032,16.37486933904413,15.440790183510032,15.771135330200195,6083600,0.0,0.0
2003-10-28,15.776826543916595,15.92491132036277,15.725566011165819,15.810999870300293,3070000,0.0,0.0
2003-10-29,15.81100612113693,16.01035259549541,15.719876490518923,15.976178169250488,1765200,0.0,0.0
2003-10-30,16.027433094415066,16.118562693033944,15.953390702918664,16.016042709350586,1707200,0.0,0.0
2003-10-31,16.1071693725876,16.221080806926643,15.993256851898241,16.0900821685791,1285100,0.0,0.0
2003-11-03,16.545737356862094,16.545737356862094,16.090089246372393,16.471694946289062,2158700,0.0,0.0
2003-11-04,16.4603005386332,16.500169605402338,16.2780413269168,16.443214416503906,1420600,0.0,0.0
2003-11-05,16.44321511664875,16.460301239505565,16.260954810821197,16.346389770507812,1627500,0.0,0.0
2003-11-06,16.346386799714484,16.574210782655882,16.03312787261342,16.551427841186523,2068900,0.0,0.0
2003-11-07,16.545730510751028,16.648251564778867,16.31790654977268,16.32929801940918,1169100,0.0,0.0
2003-11-10,15.873648824228445,16.23247139819442,15.873648824228445,16.118558883666992,1412400,0.0,0.0
2003-11-11,16.11855989573655,16.124255630455576,15.896431673446111,16.044517517089844,1715100,0.0,0.0
2003-11-12,16.016038075616457,16.067297509452587,15.896429833064971,15.970473289489746,1836100,0.0,0.0
2003-11-13,15.947694778442381,15.987563841572408,15.822391853412226,15.947694778442383,1600900,0.0,0.0
2003-11-14,15.970477204008313,16.090084389526485,15.810999870300293,15.810999870300293,1119500,0.0,0.0
2003-11-17,15.810999139476191,15.850868199472734,15.623044223527913,15.793911933898926,1046200,0.0,0.0
2003-11-18,15.82239259461909,15.873653131430588,15.691392841461626,15.719871520996094,1321100,0.0,0.0
2003-11-19,15.725561733888908,16.05590669601364,15.662909747267785,15.919212341308594,1474200,0.0,0.0
2003-11-20,15.833784565325132,15.95339285864372,15.680004025845022,15.697090148925781,1197600,0.0,0.0
2003-11-21,15.776825814672069,15.867955405049997,15.691390873136156,15.793911933898926,1170200,0.0,0.0
2003-11-24,15.947699381672738,16.01035140544728,15.86226549511251,15.936307907104492,1173400,0.0,0.0
2003-11-25,15.890746612396029,16.010354949134772,15.83379031329906,15.867964744567871,2031300,0.0,0.0
2003-11-26,15.947695358364406,16.027433487524057,15.885043350395803,16.010347366333008,2055600,0.0,0.0
2003-11-28,16.036262900192682,16.053536447944932,15.863519734799215,16.0017147064209,739300,0.305,0.0
2003-12-01,16.122631526868364,16.13990617030903,15.94413127104997,16.093841552734375,1751100,0.0,0.0
2003-12-02,16.09384444932768,16.237796542440567,16.05929515622812,16.151424407958984,1531100,0.0,0.0
2003-12-03,16.151421846343883,16.433568870571865,16.134148300801,16.295373916625977,1488300,0.0,0.0
2003-12-04,16.324161442163927,16.40477423255808,16.24354755350288,16.381742477416992,1363900,0.0,0.0
2003-12-05,16.393254433270066,16.554481079156112,16.237787097818057,16.289609909057617,1034200,0.0,0.0
2003-12-08,16.335676525077623,16.554483123119724,16.329918312199304,16.531450271606445,1044700,0.0,0.0
2003-12-09,16.554482713072897,16.62358016763441,16.295368631300697,16.329917907714844,1394200,0.0,0.0
2003-12-10,16.393264435076812,16.410539082118444,16.076570260518306,16.122634887695312,1509800,0.0,0.0
2003-12-11,16.209001352311326,16.43356730741235,16.209001352311326,16.32416343688965,1032300,0.0,0.0
2003-12-12,16.427814247822067,16.439329581279377,16.301135695385273,16.341442108154297,826000,0.0,0.0
2003-12-15,16.5084189628689,16.525693601969003,16.12838568880143,16.139902114868164,1098000,0.0,0.0
2003-12-16,16.20323738562889,16.335674065355143,16.20323738562889,16.31839942932129,1000200,0.0,0.0
2003-12-17,16.22627753792017,16.301132131229316,16.11687365699098,16.295373916625977,823800,0.0,0.0
2003-12-18,16.35295701936777,16.35295701936777,16.168698521974804,16.30689239501953,1093000,0.0,0.0
2003-12-19,16.306890345832656,16.3759878228056,16.22051932331683,16.295373916625977,1049500,0.0,0.0
2003-12-22,16.197481211327506,16.352949660390827,16.16869124591583,16.329917907714844,701100,0.0,0.0
2003-12-23,16.358707427978516,16.456594845288024,16.29536818787626,16.358707427978516,986700,0.0,0.0
2003-12-24,16.358710863998084,16.445081874291148,16.255065212339616,16.393259048461914,257400,0.0,0.0
2003-12-26,16.352955047876602,16.462358929364314,16.335681502245535,16.433568954467773,237700,0.0,0.0
2003-12-29,16.445081280226784,16.669647216796875,16.427807737752353,16.669647216796875,968700,0.0,0.0
2003-12-30,16.669646078193853,16.83662986755371,16.640855012258108,16.83662986755371,1274400,0.0,0.0
2003-12-31,16.84239355927652,16.9345228037052,16.790570722001984,16.882699966430664,1430500,0.0,0.0
2004-01-02,16.88268961285338,16.89996424744002,16.640850219973128,16.71570587158203,1349900,0.0,0.0
2004-01-05,16.744510857113617,16.796333709111675,16.566010532602263,16.76178550720215,1563300,0.0,0.0
2004-01-06,16.669644420364268,16.78480537785366,16.646611569906334,16.727224349975586,1887400,0.0,0.0
2004-01-07,16.727228000453188,16.7848090408975,16.68692160162227,16.779050827026367,2416100,0.0,0.0
2004-01-08,16.784803097253445,16.825109481811523,16.669642155411307,16.825109481811523,1592700,0.0,0.0
2004-01-09,16.698435130236373,16.830870731478353,16.554483103251577,16.65812873840332,2934600,0.0,0.0
2004-01-12,16.72146371861787,16.790560058925184,16.612059898487008,16.750253677368164,2653400,0.0,0.0
2004-01-13,16.756019878325414,16.784809850803256,16.4853893046587,16.583276748657227,1261400,0.0,0.0
2004-01-14,16.686923880281654,16.756021357903737,16.583278212982105,16.744504928588867,1692200,0.0,0.0
2004-01-15,17.159084369942715,17.320311065539975,16.617825438524005,17.228181838989258,3337900,0.0,0.0
2004-01-16,17.27424775910156,17.665797550697263,17.21666671358447,17.441232681274414,2626600,0.0,0.0
2004-01-20,17.533361434936523,17.613974237493956,17.39516649017083,17.533361434936523,1518500,0.0,0.0
2004-01-21,17.470022433469364,17.838539362880493,17.470022433469364,17.7924747467041,2458100,0.0,0.0
2004-01-22,17.73489117644777,17.999763505444204,17.706101207287407,17.936424255371094,2373500,0.0,0.0
2004-01-23,17.907638691045936,18.080380745032233,17.81550944915095,17.91915512084961,2386200,0.0,0.0
2004-01-26,17.9191519827871,18.120683977722415,17.68306960622415,18.08037757873535,1900100,0.0,0.0
2004-01-27,17.98249610750919,18.39707885930159,17.855818654610047,18.103416442871094,2287500,0.0,0.0
2004-01-28,18.172501952859154,18.299180428160565,17.850049748782915,17.896114349365234,2259100,0.0,0.0
2004-01-29,17.994009718039084,18.05159076879025,17.677315586308474,17.91915512084961,2403200,0.0,0.0
2004-01-30,17.855808034117107,18.08037282559039,17.803985220966855,17.901872634887695,1726900,0.0,0.0
2004-02-02,17.86732590807136,18.14371353511233,17.83853484383784,17.994003295898438,1200700,0.0,0.0
2004-02-03,17.965217686620086,17.97097480259613,17.706103537015473,17.907636642456055,1617300,0.0,0.0
2004-02-04,17.74065628934347,17.90764125056207,17.677318112904818,17.70610809326172,1525600,0.0,0.0
2004-02-05,17.706104377586083,17.76368542448369,17.56215230947563,17.648523330688477,1639900,0.0,0.0
2004-02-06,17.68882042317035,18.022789001464844,17.68882042317035,18.022789001464844,1248100,0.0,0.0
2004-02-09,17.953702330360624,18.063106210979374,17.873089522676878,17.970975875854492,927600,0.0,0.0
2004-02-10,17.970975959499313,18.13796088849816,17.942185984697442,18.10917091369629,1369400,0.0,0.0
2004-02-11,18.045832338317744,18.420107516328528,17.97673485858833,18.339494705200195,1541900,0.0,0.0
2004-02-12,18.195536819311283,18.333730636377425,18.195536819311283,18.264633178710938,1247000,0.0,0.0
2004-02-13,18.253114332126913,18.420098083707067,18.212806848936346,18.224323272705078,998200,0.0,0.0
2004-02-17,18.32797430169319,18.408587095343194,18.264635050529936,18.391313552856445,909400,0.0,0.0
2004-02-18,18.34525072648441,18.4201053138293,18.247363282561366,18.31645965576172,830500,0.0,0.0
2004-02-19,18.397073293944914,18.6158810352581,18.339492251585284,18.42586326599121,1461400,0.0,0.0
2004-02-20,18.425865274098857,18.50072096680449,18.230090367700182,18.368284225463867,1161700,0.0,0.0
2004-02-23,18.368280951048966,18.494958356850116,18.25887708797204,18.281909942626953,1115000,0.0,0.0
2004-02-24,18.224334151645436,18.39707731649489,18.224334151645436,18.310705184936523,1228900,0.0,0.0
2004-02-25,18.362527426496342,18.71377086180967,18.310704588556106,18.592851638793945,1418400,0.0,0.0
2004-02-26,18.512236818174607,19.001672970622394,18.512236818174607,18.823171615600586,2467000,0.0,0.0
2004-02-27,18.77666240924102,19.032444994277355,18.759223493920537,18.846420288085938,1939200,0.31,0.0
2004-03-01,18.846419024340367,18.99756367219284,18.7301566399158,18.9219913482666,1691500,0.0,0.0
2004-03-02,18.84061127332538,19.01500710900457,18.7534122467041,18.7534122467041,1123900,0.0,0.0
2004-03-03,18.712720769676704,19.00919569898288,18.683655165398157,18.974315643310547,1219900,0.0,0.0
2004-03-04,18.921991989309408,19.032444362842643,18.823168515688,18.9975643157959,946300,0.0,0.0
2004-03-05,18.85223568042571,19.317291925239225,18.85223568042571,19.14870834350586,1432500,0.0,0.0
2004-03-08,19.05569629425792,19.11964194102732,18.881300486972368,18.892927169799805,1146500,0.0,0.0
2004-03-09,18.892925909599846,18.892925909599846,18.555759891564396,18.724342346191406,1797100,0.0,0.0
2004-03-10,18.782479115385787,18.782479115385787,18.25347607523466,18.334861755371094,1726700,0.0,0.0
2004-03-11,18.224413442747004,18.422062670050405,17.78842269583335,17.910499572753906,2238800,0.0,0.0
2004-03-12,18.026762683130848,18.24766415492601,17.991883736801444,18.20115852355957,1370500,0.0,0.0
2004-03-15,18.422056282495504,18.422056282495504,17.67796526660314,17.759349822998047,1668800,0.0,0.0
2004-03-16,17.9395646826056,18.17790618088933,17.881432366462366,18.119773864746094,1318300,0.0,0.0
2004-03-17,18.189530255387925,18.346486045032794,18.177903572071553,18.30579376220703,940800,0.0,0.0
2004-03-18,18.305797164942387,18.305797164942387,18.01513668069348,18.13721466064453,1318200,0.0,0.0
2004-03-19,18.143021326622826,18.15464800853225,17.770976375772634,17.817481994628906,1566600,0.0,0.0
2004-03-22,17.701223813145546,17.782608393368182,17.457068963695892,17.526826858520508,1073200,0.0,0.0
2004-03-23,17.6430914949372,17.672157099650498,17.50357459650622,17.526826858520508,1091900,0.0,0.0
2004-03-24,17.544271317875964,17.555898006210604,17.317556439260645,17.398941040039062,1256600,0.0,0.0
2004-03-25,17.45706726522128,17.71284766640121,17.381494926268672,17.672155380249023,1036100,0.0,0.0
2004-03-26,17.614024621997736,17.619837964644123,17.364057540893555,17.364057540893555,1789700,0.0,0.0
2004-03-29,17.47450230568732,17.584953564152357,17.433810028563727,17.46868896484375,1667600,0.0,0.0
2004-03-30,17.526813003000655,17.596571951460284,17.445428487115144,17.49774742126465,1736000,0.0,0.0
2004-03-31,17.573325752469515,17.707029256930067,17.451248928948488,17.608205795288086,2053200,0.0,0.0
2004-04-01,17.712840775174442,17.78259974485374,17.60820398382731,17.707027435302734,1500600,0.0,0.0
2004-04-02,17.81748234168952,17.82329568275747,17.148963641815705,17.28266716003418,2842700,0.0,0.0
2004-04-05,17.28267032082921,17.32917594909668,17.085021123497064,17.32917594909668,2140900,0.0,0.0
2004-04-06,17.207100585485822,17.428002061750817,17.207100585485822,17.38149642944336,1699800,0.0,0.0
2004-04-07,17.35824666857625,17.375685590215483,17.17803634723696,17.25360870361328,1314700,0.0,0.0
2004-04-08,17.323362432301387,17.381494744245007,17.131526579034578,17.166406631469727,1061400,0.0,0.0
2004-04-12,17.20128568704157,17.32917588712434,17.03851543429671,17.125713348388672,1172100,0.0,0.0
2004-04-13,17.224534287798495,17.224534287798495,16.7187858282292,16.788543701171875,1914200,0.0,0.0
2004-04-14,16.649031517166307,16.840867384747728,16.43394338834135,16.526954650878906,1770400,0.0,0.0
2004-04-15,16.800173997857918,17.178032365816097,16.410688945647085,16.643217086791992,2712500,0.0,0.0
2004-04-16,16.97457006294313,17.24197713432174,16.823426501771124,17.009449005126953,2235500,0.0,0.0
2004-04-19,17.0792109762981,17.14896998613963,16.8873750852112,17.01526641845703,1640900,0.0,0.0
2004-04-20,17.009446068696725,17.294293116383393,16.98037936457683,17.1082706451416,1901700,0.0,0.0
2004-04-21,17.055959964767283,17.422191744180697,17.026894355321524,17.265235900878906,2150500,0.0,0.0
2004-04-22,17.183839318661747,17.66052210796442,17.131520367759627,17.555885314941406,1949300,0.0,0.0
2004-04-23,17.48612669877812,17.561697902290927,17.317544271504357,17.521005630493164,1507700,0.0,0.0
2004-04-26,17.521014582440085,17.63146588288166,17.3814976755158,17.428003311157227,1164100,0.0,0.0
2004-04-27,17.55589464075752,17.747730526376138,17.375684332462892,17.428003311157227,1272000,0.0,0.0
2004-04-28,17.39312613473494,17.39312613473494,17.212916916851,17.265235900878906,1659500,0.0,0.0
2004-04-29,17.358245006926555,17.515200830564233,17.189661388672658,17.25942039489746,1485800,0.0,0.0
2004-04-30,17.276861479388053,17.387312791089403,17.212916916851,17.265235900878906,1149200,0.0,0.0
2004-05-03,17.288477571090777,17.52681897057588,17.207093027495254,17.521005630493164,1663000,0.0,0.0
2004-05-04,17.439628935598865,17.67797044234951,17.35824435537623,17.526826858520508,1725900,0.0,0.0
2004-05-05,17.619830069425284,17.800040284368166,17.619830069425284,17.71865463256836,2042700,0.0,0.0
2004-05-06,17.544267804036267,17.643092417523633,17.352431920064532,17.486135482788086,1870900,0.0,0.0
2004-05-07,17.43962485709423,17.491943820368032,17.09083213819605,17.16059112548828,1903700,0.0,0.0
2004-05-10,17.09664894402755,17.218726919331658,16.881560814788557,17.073396682739258,1844600,0.0,0.0
2004-05-11,17.009453075238415,17.14896998613963,16.933880722178273,17.01526641845703,2248900,0.0,0.0
2004-05-12,16.92225765856259,17.445446429364658,16.92225765856259,17.39312744140625,1680400,0.0,0.0
2004-05-13,17.32336432962079,17.660530445283527,17.288485382147197,17.509387969970703,2264800,0.0,0.0
2004-05-14,17.439622989766114,17.747723395079944,17.439622989766114,17.643085479736328,1535200,0.0,0.0
2004-05-17,17.538454386127118,17.544267729105286,17.311739553887488,17.40475082397461,1297400,0.0,0.0
2004-05-18,17.439624206922016,17.88724149434056,17.439624206922016,17.82910919189453,1967000,0.0,0.0
2004-05-19,17.991878376185696,18.195339759804714,17.800042565358208,17.80585479736328,1780200,0.0,0.0
2004-05-20,17.770979225816593,18.177904287656187,17.718660257614882,17.99769401550293,1754800,0.0,0.0
2004-05-21,18.108141572911112,18.47437427506914,18.032570361471326,18.323230743408203,2523600,0.0,0.0
2004-05-24,18.334859208064575,18.456936048136352,18.143022272897827,18.259286880493164,1423800,0.0,0.0
2004-05-25,18.282541073275738,18.509255848691648,18.15464977737423,18.497629165649414,1257300,0.0,0.0
2004-05-26,18.398810170169437,18.75922969256723,18.369744562510103,18.741790771484375,2075000,0.0,0.0
2004-05-27,18.870912379224812,18.911999721212556,18.371991136514442,18.42481803894043,2664200,0.31,0.0
2004-05-28,18.195904258749422,18.471777242861563,18.078510880229324,18.436559677124023,1411700,0.0,0.0
2004-06-01,18.25460237928705,18.371994647465225,18.084382079041166,18.195905685424805,2126200,0.0,0.0
2004-06-02,18.195910792965503,18.219389924919454,18.10199650424296,18.107866287231445,2160000,0.0,0.0
2004-06-03,18.107858691859498,18.113728472385898,17.831984604849577,17.837854385375977,2368200,0.0,0.0
2004-06-04,18.019816543928897,18.037424768229794,17.873075370507806,17.920032501220703,1610700,0.0,0.0
2004-06-07,17.990461471853408,18.225247044952546,17.990461471853408,18.21350860595703,941300,0.0,0.0
2004-06-08,18.148946592662874,18.195903718768168,18.055032340452282,18.13720703125,1239000,0.0,0.0
2004-06-09,18.13720647494533,18.154815816524525,17.820246163342944,17.837854385375977,1414800,0.0,0.0
2004-06-10,17.99633730389022,17.99633730389022,17.86133569389593,17.966989517211914,1150400,0.0,0.0
2004-06-14,17.966990162038012,17.966990162038012,17.626550674438477,17.626550674438477,1355000,0.0,0.0
2004-06-15,17.831996161173596,17.984607195123612,17.655907109448826,17.73221206665039,2145200,0.0,0.0
2004-06-16,17.82611947618704,17.82611947618704,17.603072250170833,17.60894203186035,1712700,0.0,0.0
2004-06-17,17.60894203186035,17.708726081489417,17.462200848261517,17.60894203186035,1163300,0.0,0.0
2004-06-18,17.608939535839877,17.720463133039804,17.468068153898702,17.579591751098633,1957900,0.0,0.0
2004-06-21,17.638284958954674,17.76741788143721,17.550240496973174,17.60306739807129,1223400,0.0,0.0
2004-06-22,17.66176427490986,17.861332321370114,17.626546713636312,17.779157638549805,1728700,0.0,0.0
2004-06-23,17.796767489032412,17.890681740725498,17.661765892166876,17.814376831054688,1178400,0.0,0.0
2004-06-24,17.855461601034285,17.94937583918265,17.726329803466797,17.726329803466797,1289300,0.0,0.0
2004-06-25,17.785031004360402,17.837857920019694,17.60894203186035,17.60894203186035,1713000,0.0,0.0
2004-06-28,17.696989436615787,17.80851306801585,17.55611801147461,17.55611801147461,1304100,0.0,0.0
2004-06-29,17.561990065420193,17.561990065420193,17.356552124023438,17.356552124023438,1184200,0.0,0.0
2004-06-30,17.456326189593106,17.603067332195145,17.409369068742297,17.544370651245117,2214800,0.0,0.0
2004-07-01,17.55024476463989,17.608941460082768,17.362416234859754,17.41524314880371,1280600,0.0,0.0
2004-07-02,17.47394059830843,17.567854867251228,17.42111368208481,17.456331253051758,1018300,0.0,0.0
2004-07-06,17.456327655962692,17.520894122386057,17.36241340637207,17.36241340637207,782400,0.0,0.0
2004-07-07,17.327202536973715,17.58546626335424,17.327202536973715,17.53264045715332,1125500,0.0,0.0
2004-07-08,17.532638874357602,17.59720424035066,17.333070755004883,17.333070755004883,804400,0.0,0.0
2004-07-09,17.421113113493483,17.438721338629062,17.262632369995117,17.262632369995117,891900,0.0,0.0
2004-07-12,17.29785235221979,17.43872377068254,17.280244124628517,17.39763641357422,948500,0.0,0.0
2004-07-13,17.491544001151436,17.50915334155276,17.30371551505497,17.344802856445312,1186800,0.0,0.0
2004-07-14,17.198070985450816,17.380030909077796,17.104156691761204,17.174592971801758,1031900,0.0,0.0
2004-07-15,17.19807191899429,17.303725785016866,17.027852672272054,17.286117553710938,1590500,0.0,0.0
2004-07-16,17.591330817460584,17.591330817460584,17.04545461289905,17.07480239868164,1333900,0.0,0.0
2004-07-19,17.19805725492814,17.338929702540018,17.068925484087348,17.25675392150879,1046400,0.0,0.0
2004-07-20,17.315458820323137,17.509157128446596,17.180457206686313,17.45046043395996,1344300,0.0,0.0
2004-07-21,17.567861336459195,17.579600904286632,17.233291490204824,17.280248641967773,896700,0.0,0.0
2004-07-22,17.18632624765682,17.29197894972536,17.021975734084172,17.24502182006836,1215300,0.0,0.0
2004-07-23,17.245021231860026,17.245021231860026,17.11588940959438,17.215673446655273,862900,0.0,0.0
2004-07-26,17.22741008960545,17.444586350234022,17.22741008960545,17.3741512298584,1409900,0.0,0.0
2004-07-27,17.491552299470403,17.69112044051327,17.491552299470403,17.655902862548828,1497200,0.0,0.0
2004-07-28,17.608935341959274,17.726328692057386,17.497411771320664,17.661762237548828,1085500,0.0,0.0
2004-07-29,17.661766198645005,17.96111830094108,17.638287075541214,17.878942489624023,1304400,0.0,0.0
2004-07-30,17.914163893164147,17.92590345649779,17.597202400434064,17.714595794677734,1837600,0.0,0.0
2004-08-02,17.667630666544134,17.925895345291377,17.5795862204734,17.902416229248047,1351900,0.0,0.0
2004-08-03,17.826120747094894,17.884816329082003,17.732205352913297,17.785032272338867,1039500,0.0,0.0
2004-08-04,17.755684526414427,17.873077929779555,17.650030687295104,17.84372901916504,1068800,0.0,0.0
2004-08-05,17.802641985911226,17.908295826941888,17.597204086078996,17.644161224365234,906600,0.0,0.0
2004-08-06,17.503289427303518,17.66763996748983,17.426984499084508,17.462202072143555,1008900,0.0,0.0
2004-08-09,17.462202072143555,17.561986128766232,17.403505370680836,17.462202072143555,765800,0.0,0.0
2004-08-10,17.550240496973174,17.644154739026252,17.46806581506325,17.60306739807129,1011800,0.0,0.0
2004-08-11,17.608933995981687,17.902416229248047,17.544367546408406,17.902416229248047,1694600,0.0,0.0
2004-08-12,17.80850797589249,17.961118922711524,17.76742062858472,17.867204666137695,1070300,0.0,0.0
2004-08-13,17.802646061868018,17.855472994478195,17.661774614756457,17.773298263549805,920100,0.0,0.0
2004-08-16,17.75568187057995,17.966989517211914,17.72633408390164,17.966989517211914,1052900,0.0,0.0
2004-08-17,18.04329039470475,18.19590131426671,17.978723935012297,18.06089973449707,1188300,0.0,0.0
2004-08-18,18.066777682430274,18.272214475155206,18.03155898692324,18.254606246948242,1073300,0.0,0.0
2004-08-19,18.154819036123627,18.24873330210856,18.013947637146234,18.17829704284668,1022700,0.0,0.0
2004-08-20,18.18416491807648,18.348515426093595,18.12546822810278,18.3426456451416,954000,0.0,0.0
2004-08-23,18.342648303665495,18.48938949009482,18.319169176454526,18.38373565673828,750100,0.0,0.0
2004-08-24,18.3778660896188,18.477650142338234,18.336778736066048,18.454172134399414,696000,0.0,0.0
2004-08-25,18.471772596609064,18.630253281884276,18.413077041659086,18.606775283813477,767100,0.0,0.0
2004-08-26,18.583305322869364,18.79461300735532,18.52460861945143,18.747655868530273,1399100,0.0,0.0
2004-08-27,18.83063561937935,18.83063561937935,18.658746998324975,18.676528930664062,916100,0.31,0.0
2004-08-30,18.670601831924778,18.70023725564089,18.41573311809801,18.451295852661133,1051700,0.0,0.0
2004-08-31,18.52242167383195,18.581693649291992,18.40980503350976,18.581693649291992,922500,0.0,0.0
2004-09-01,18.55205799490114,18.664674640678097,18.415733236103165,18.557985305786133,737800,0.0,0.0
2004-09-02,18.52242007160919,18.664672122096892,18.46314810127628,18.65874481201172,550400,0.0,0.0
2004-09-03,18.670601839132825,18.688383771680726,18.58169443743122,18.640966415405273,633300,0.0,0.0
2004-09-07,18.729868097320022,18.812848162831607,18.66466882840743,18.700231552124023,1116800,0.0,0.0
2004-09-08,18.67652954260831,18.688384164556126,18.563912895142032,18.575767517089844,863500,0.0,0.0
2004-09-09,18.61133171683336,18.688385635038106,18.593550913031542,18.646894454956055,993400,0.0,0.0
2004-09-10,18.640964957074893,18.658745757712808,18.492785588991687,18.62911033630371,753000,0.0,0.0
2004-09-13,18.676528772580323,18.771363483214877,18.58169406194577,18.76543617248535,959200,0.0,0.0
2004-09-14,18.700242358930804,18.830640972112906,18.700242358930804,18.80100440979004,1090700,0.0,0.0
2004-09-15,18.878055691752717,18.901763807764294,18.735803604125977,18.735803604125977,711000,0.0,0.0
2004-09-16,18.818783810588467,18.87212848506001,18.77136644778255,18.842493057250977,952200,0.0,0.0
2004-09-17,18.92546844482422,18.955103865250482,18.824706432648565,18.92546844482422,1058200,0.0,0.0
2004-09-20,18.86619671018217,18.895832130980295,18.640964572767444,18.69430923461914,697400,0.0,0.0
2004-09-21,18.75951172013755,18.765439031770217,18.587624204866565,18.735803604125977,1030700,0.0,0.0
2004-09-22,18.646890106112828,18.65874472622867,18.510565366337044,18.54612922668457,792800,0.0,0.0
2004-09-23,18.563913851333965,18.563913851333965,18.279409693046013,18.356462478637695,842300,0.0,0.0
2004-09-24,18.33275424695051,18.49871443963233,18.31497231322645,18.439443588256836,539700,0.0,0.0
2004-09-27,18.451292630152924,18.522419217375898,18.303113276413914,18.35053062438965,628600,0.0,0.0
2004-09-28,18.457223163508147,18.522422452306326,18.32089840558372,18.451295852661133,562100,0.0,0.0
2004-09-29,18.374241388446684,18.41573143005371,18.26755206401785,18.41573143005371,801700,0.0,0.0
2004-09-30,18.54020800981125,18.90769231002458,18.421664030731304,18.729877471923828,1566400,0.0,0.0
2004-10-01,18.7298718797888,18.901759354563584,18.640964487283302,18.83656120300293,892500,0.0,0.0
2004-10-04,18.955108309119797,18.955108309119797,18.806928911211383,18.824710845947266,624300,0.0,0.0
2004-10-05,18.79506791702923,18.925466466519232,18.68837973633564,18.872121810913086,564700,0.0,0.0
2004-10-06,18.878052547988766,18.95510532534365,18.789145149342698,18.93732452392578,687100,0.0,0.0
2004-10-07,18.848414627775618,18.931395840276775,18.753579925361866,18.78321647644043,1143300,0.0,0.0
2004-10-08,18.729869492073107,18.931393492338323,18.70023294467017,18.854339599609375,797400,0.0,0.0
2004-10-11,18.91361663080399,18.919543941872487,18.842491159019993,18.901762008666992,593600,0.0,0.0
2004-10-12,18.81878038783237,18.854343120838887,18.65281908293712,18.77729034423828,1268600,0.0,0.0
2004-10-13,18.8661928136658,18.8661928136658,18.58168876289584,18.700231552124023,844500,0.0,0.0
2004-10-14,18.75950098611695,18.913607608830585,18.60539436340332,18.60539436340332,1388700,0.0,0.0
2004-10-15,18.789142154775863,19.31073410326888,18.771360225673124,19.192190170288086,1948400,0.0,0.0
2004-10-18,19.352226783777223,19.494477713952794,19.19811897154296,19.452987670898438,1863300,0.0,0.0
2004-10-19,19.45298790683165,19.494477950389207,19.06772063261109,19.16255760192871,1352200,0.0,0.0
2004-10-20,19.162561818544262,19.192197247458232,18.91361924138266,19.097362518310547,1173300,0.0,0.0
2004-10-21,19.144770562477227,19.33443993963446,18.943246566618,19.121061325073242,1209500,0.0,0.0
2004-10-22,19.22775214732263,19.245535207295422,19.079572793428547,19.126991271972656,1009900,0.0,0.0
2004-10-25,19.13884618412131,19.423350276621726,18.966957588328075,19.399641036987305,1551200,0.0,0.0
2004-10-26,19.482625628565618,19.678223509311,19.381864728330527,19.66044044494629,1345200,0.0,0.0
2004-10-27,19.57153105533787,19.826399747339174,19.470767910086387,19.802690505981445,1071100,0.0,0.0
2004-10-28,19.636722811896146,19.89751758375671,19.636722811896146,19.861953735351562,872700,0.0,0.0
2004-10-29,19.778979496981705,19.93901347028761,19.755272518780366,19.909378051757812,972400,0.0,0.0
2004-11-01,19.98643226211061,19.98643226211061,19.737489768274916,19.790834426879883,932800,0.0,0.0
2004-11-02,19.737489768274916,20.021993860488898,19.648583511291662,19.790834426879883,1466800,0.0,0.0
2004-11-03,20.063483203975395,20.063483203975395,19.85603301716625,19.974576950073242,829100,0.0,0.0
2004-11-04,19.97457696655711,20.442824258355543,19.86788765295652,20.42504119873047,1452500,0.0,0.0
2004-11-05,20.448750970990844,20.448750970990844,20.004212906404085,20.07533836364746,1790900,0.0,0.0
2004-11-08,19.678226113813583,20.00422036383131,19.678226113813583,19.915311813354492,1986000,0.0,0.0
2004-11-09,19.956790938575182,20.045699440363986,19.861956258484454,19.89159393310547,783400,0.0,0.0
2004-11-10,20.010138477101357,20.016066917296534,19.891596805647207,19.921232223510742,702100,0.0,0.0
2004-11-11,20.016069971353808,20.05756001490081,19.867890598389423,20.051633834838867,717000,0.0,0.0
2004-11-12,20.128688570791404,20.300577212465814,19.980509175079973,20.29465103149414,760100,0.0,0.0
2004-11-15,20.270937927704377,20.34799183190063,20.170174782057327,20.300573348999023,798200,0.0,0.0
2004-11-16,20.30650459843883,20.330213845808736,20.063490465492993,20.09905433654785,552800,0.0,0.0
2004-11-17,20.19980991062253,20.270935364945164,20.075337539261135,20.15239143371582,692800,0.0,0.0
2004-11-18,20.217591902317793,20.235372701688636,19.885669327490888,19.950868606567383,960200,0.0,0.0
2004-11-19,19.950872180283405,19.950872180283405,19.524114830639494,19.67822265625,1045800,0.0,0.0
2004-11-22,19.796766902846695,19.9449462890625,19.61894983055733,19.9449462890625,998900,0.0,0.0
2004-11-23,19.986433299978447,20.004214100090923,19.696000752261302,19.873815536499023,835000,0.0,0.0
2004-11-24,19.87974734225449,19.992362863758586,19.808619607689554,19.88567352294922,808000,0.0,0.0
2004-11-26,19.79593657709066,19.987374885770546,19.79593657709066,19.867725372314453,368900,0.31,0.0
2004-11-29,19.873706055640657,20.00531844634819,19.742091382808823,19.90361785888672,1086200,0.0,0.0
2004-11-30,19.933529282040922,19.981389992021455,19.72414438118673,19.91558265686035,1265100,0.0,0.0
2004-12-01,20.059166666234674,20.304447178366647,19.96943122938151,20.298465728759766,1023200,0.0,0.0
2004-12-02,20.274526202139295,20.31640317683434,20.14291154902689,20.220684051513672,770800,0.0,0.0
2004-12-03,20.220688628329878,20.220688628329878,19.86772384592048,20.059162139892578,1557100,0.0,0.0
2004-12-06,20.047197341918945,20.11898841511504,19.97540855084737,20.047197341918945,789800,0.0,0.0
2004-12-07,20.130950868824574,20.148897493631875,19.646371459909496,19.664318084716797,1043400,0.0,0.0
2004-12-08,19.807897177695782,19.85575560274009,19.65833589098062,19.75405502319336,954700,0.0,0.0
2004-12-09,19.772002397809036,19.801914199862612,19.538687146817253,19.664318084716797,895700,0.0,0.0
2004-12-10,20.011307190938812,20.011307190938812,19.556639452015233,19.730131149291992,935700,0.0,0.0
2004-12-13,19.909598927050656,19.987371439706894,19.74807245405274,19.91558265686035,900900,0.0,0.0
2004-12-14,20.04121973688675,20.047201186404568,19.801920677924684,19.909605026245117,1146100,0.0,0.0
2004-12-15,19.99933392654012,19.99933392654012,19.777983877970694,19.873703002929688,968900,0.0,0.0
2004-12-16,19.90960044882938,19.90960044882938,19.66431999674192,19.795934677124023,1036700,0.0,0.0
2004-12-17,19.634407065423556,19.90361785888672,19.61646043990078,19.90361785888672,1704600,0.0,0.0
2004-12-20,20.130953593981058,20.316408161093005,20.0412158935482,20.047197341918945,1741900,0.0,0.0
2004-12-21,20.220684098969627,20.418106079101562,20.154876772258984,20.418106079101562,1407100,0.0,0.0
2004-12-22,20.34033203125,20.483911849722706,20.268543263075546,20.34033203125,993600,0.0,0.0
2004-12-23,20.406150074367666,20.406150074367666,20.160869562287573,20.304447174072266,665500,0.0,0.0
2004-12-27,20.304438000903758,20.40015712622443,20.184790805845896,20.220684051513672,467600,0.0,0.0
2004-12-28,20.370243827812374,20.453997771036537,20.226666291463463,20.34033203125,499700,0.0,0.0
2004-12-29,20.394180681970894,20.394180681970894,20.280514905934364,20.310426712036133,510800,0.0,0.0
2004-12-30,20.25657920090143,20.33435170193538,20.190771875574544,20.232648849487305,655900,0.0,0.0
2004-12-31,20.21471212791508,20.382220105609544,20.148904770356534,20.280519485473633,834900,0.0,0.0
2005-01-03,20.274532337277723,20.35230486329872,19.945497887053797,20.005321502685547,1438400,0.0,0.0
2005-01-04,19.957461545439354,20.035234065532496,19.724146267284404,19.921566009521484,1674300,0.0,0.0
2005-01-05,19.99933429364172,20.023264645851715,19.77798424100926,19.789949417114258,1040200,0.0,0.0
2005-01-06,19.71218607264178,19.855763688366228,19.580571356456826,19.610483169555664,1566500,0.0,0.0
2005-01-07,19.640389214113203,19.676282462269015,19.407071690479825,19.413055419921875,1545200,0.0,0.0
2005-01-10,19.365197372142422,19.43698844256075,19.203670886887828,19.323320388793945,1445900,0.0,0.0
2005-01-11,19.323313914729596,19.401086407230416,19.16178748359266,19.341262817382812,1316400,0.0,0.0
2005-01-12,19.33528325895741,19.34126698850682,19.149826439036477,19.20366859436035,1451100,0.0,0.0
2005-01-13,19.084020598805996,19.15581052091226,18.892582327938758,18.94642448425293,1122200,0.0,0.0
2005-01-14,18.916518013351308,19.000271995193614,18.7250785474708,18.95839500427246,1963800,0.0,0.0
2005-01-18,18.970353718858842,19.131880187982542,18.623371567257244,19.113933563232422,2019400,0.0,0.0
2005-01-19,18.90454940805252,19.09000510899024,18.90454940805252,18.98232078552246,1048900,0.0,0.0
2005-01-20,18.84472314263658,19.054109183544966,18.84472314263658,18.964372634887695,1594500,0.0,0.0
2005-01-21,19.149836234464857,19.742100245979383,19.078047418020024,19.46092414855957,4108100,0.0,0.0
2005-01-24,19.70021933855028,20.011307190938812,19.62244680492193,19.730131149291992,2481200,0.0,0.0
2005-01-25,19.94549598640654,20.03523368342753,19.801916127597853,19.86174201965332,2604900,0.0,0.0
2005-01-26,19.861742781446086,19.939515303038927,19.766023632610484,19.837812423706055,2013400,0.0,0.0
2005-01-27,19.65235177241688,19.873704115502033,19.57458154799417,19.700212478637695,2023100,0.0,0.0
2005-01-28,19.76003798248041,19.772003160188042,19.33528444341883,19.562618255615234,1943900,0.0,0.0
2005-01-31,19.80191461431592,20.005318067511354,19.748072456642884,19.99335289001465,1973300,0.0,0.0
2005-02-01,19.993358961533495,20.262569831651756,19.897639794616442,20.172834396362305,2499100,0.0,0.0
2005-02-02,20.160859665610012,20.21470181413018,19.99334949125623,20.107017517089844,1817900,0.0,0.0
2005-02-03,20.107022858468167,20.22068863237293,20.02925033836255,20.118988037109375,1382400,0.0,0.0
2005-02-04,20.166841915181294,20.29247283935547,20.041210991007123,20.29247283935547,1581200,0.0,0.0
2005-02-07,20.20872383274069,20.3403385181379,20.190777205504535,20.310426712036133,971400,0.0,0.0
2005-02-08,20.262565996573684,20.334357069767357,20.19675865387508,20.310426712036133,915000,0.0,0.0
2005-02-09,20.280510312175426,20.328368734672893,20.160860832745755,20.20273780822754,1312300,0.0,0.0
2005-02-10,20.250605390492446,20.31043129832978,20.130958139067854,20.280519485473633,1508500,0.0,0.0
2005-02-11,20.322384989951757,20.322384989951757,20.136928203697824,20.21470069885254,1935700,0.0,0.0
2005-02-14,20.244614783709324,20.244614783709324,20.107018681108602,20.20273780822754,1372500,0.0,0.0
2005-02-15,20.27453079437932,20.27453079437932,20.13095321493956,20.25658416748047,1299300,0.0,0.0
2005-02-16,20.304440290717597,20.304440290717597,20.118985748189072,20.136932373046875,1391600,0.0,0.0
2005-02-17,20.041213600001463,20.053178777498164,19.658337048604004,19.99335289001465,1850100,0.0,0.0
2005-02-18,20.04719347024229,20.04719347024229,19.700212478637695,19.700212478637695,1289900,0.0,0.0
2005-02-22,19.568601615324006,19.622443779206755,19.281444168657508,19.29340934753418,1469100,0.0,0.0
2005-02-23,19.23358535207577,19.520742793021096,19.20965499479921,19.448951721191406,1539900,0.0,0.0
2005-02-24,19.436985440795446,19.74807090273443,19.425020264240242,19.700212478637695,1488300,0.0,0.0
2005-02-25,19.745534742896485,19.969091251346338,19.612608130096387,19.90262794494629,1271600,0.325,0.0
2005-02-28,19.896578895697143,19.969083244118583,19.73948345176706,19.938873291015625,1278200,0.0,0.0
2005-03-01,19.902623632638328,20.08992906419379,19.86637260418199,20.077844619750977,1990300,0.0,0.0
2005-03-02,19.938879724758774,20.271193925863603,19.84824753133363,20.240983963012695,1624200,0.0,0.0
2005-03-03,20.216813146687976,20.331614221416853,20.102014376831303,20.222856521606445,1121100,0.0,0.0
2005-03-04,20.283277888796956,20.476624412283833,20.265152372492675,20.452455520629883,1024800,0.0,0.0
2005-03-07,20.476615240078303,20.573288458518363,20.452446359250455,20.56724739074707,1240500,0.0,0.0
2005-03-08,20.476629782143647,20.549134171246926,20.283283207952916,20.506839752197266,1047600,0.0,0.0
2005-03-09,20.39202833116815,20.40411277268972,20.0476298148537,20.05367088317871,1177700,0.0,0.0
2005-03-10,20.053673804267866,20.132221533163865,19.8663706955791,20.059717178344727,1455800,0.0,0.0
2005-03-11,20.089924093683944,20.108049603427627,19.757610020777765,19.830114364624023,1158200,0.0,0.0
2005-03-14,19.824086446221514,20.017433027978253,19.763664198876867,19.96909523010254,1306000,0.0,0.0
2005-03-15,20.059719265919696,20.108054739205336,19.872413832866545,19.957002639770508,1137000,0.0,0.0
2005-03-16,19.96304666477698,19.96304666477698,19.576353646406744,19.64281463623047,1552400,0.0,0.0
2005-03-17,19.739484555681702,19.739484555681702,19.503843681480234,19.636770248413086,982400,0.0,0.0
2005-03-18,19.72740901718365,19.799913393915137,19.43134582948183,19.576356887817383,2365600,0.0,0.0
2005-03-21,19.576352355885636,19.61864675792722,19.29841590292721,19.479679107666016,1298800,0.0,0.0
2005-03-22,19.437380316495442,19.57635025672704,19.11110842684914,19.147361755371094,1175900,0.0,0.0
2005-03-23,18.76671540469205,19.183619586095645,18.730463217920157,19.020483016967773,2488100,0.0,0.0
2005-03-24,19.262162581352626,19.28633146963914,19.026521682739258,19.026521682739258,1240500,0.0,0.0
2005-03-28,19.153399061875447,19.334661048228348,19.123187962526227,19.183609008789062,1149500,0.0,0.0
2005-03-29,19.111106848829415,19.334664413178547,19.07485467573673,19.092981338500977,1336300,0.0,0.0
2005-03-30,19.18361737746601,19.540100438250033,19.056734162154463,19.485721588134766,1184300,0.0,0.0
2005-03-31,19.55218471845832,19.727405712338616,19.473636978982295,19.606563568115234,1529700,0.0,0.0
2005-04-01,19.805946519988204,19.90866312528727,19.25007601324108,19.34070587158203,2077900,0.0,0.0
2005-04-04,19.44342079566783,19.546135087213848,19.177568854932304,19.32862091064453,1819900,0.0,0.0
2005-04-05,19.32257660848866,19.473628647927942,19.183609008789062,19.183609008789062,1379600,0.0,0.0
2005-04-06,19.298415764444545,19.521973369620717,19.274246876345064,19.449466705322266,1250200,0.0,0.0
2005-04-07,19.42530012209481,19.558224396897913,19.352793457796356,19.449466705322266,885300,0.0,0.0
2005-04-08,19.45551649779271,19.503851985064617,19.292379906613537,19.322589874267578,892700,0.0,0.0
2005-04-11,19.28029304211372,19.4253040955003,19.22591418520281,19.310503005981445,1188000,0.0,0.0
2005-04-12,19.262159868981406,19.660938402503298,19.12923445943135,19.540096282958984,1596700,0.0,0.0
2005-04-13,19.51593572160712,19.564273511989565,19.36488358397104,19.431346893310547,1489200,0.0,0.0
2005-04-14,19.370922214677858,19.437383202862915,19.044649124145508,19.044649124145508,1924200,0.0,0.0
2005-04-15,19.274241378272457,20.180554832060476,19.244031429201655,19.497798919677734,3320300,0.0,0.0
2005-04-18,19.509894100549275,19.86637722752133,19.425305274636017,19.81199836730957,1826900,0.0,0.0
2005-04-19,20.059727448682974,20.138275217794483,19.920759737099885,19.96909523010254,1952700,0.0,0.0
2005-04-20,19.90262879475839,19.91471324233553,19.600524519947935,19.61865234375,1649300,0.0,0.0
2005-04-21,19.624691161165977,19.781786656753383,19.18966147028007,19.67302894592285,2313600,0.0,0.0
2005-04-22,19.67301914286673,19.884491083620595,19.61259694202899,19.763648986816406,1519900,0.0,0.0
2005-04-25,19.805947596670556,19.944915230911835,19.685107778980246,19.914705276489258,1362900,0.0,0.0
2005-04-26,19.848248739903546,19.926796491996654,19.739491023120028,19.751575469970703,1197400,0.0,0.0
2005-04-27,19.66698472962386,20.011383364239943,19.521975991297268,19.920753479003906,1396000,0.0,0.0
2005-04-28,19.92074803465207,19.96304243051094,19.660938285878043,19.67906379699707,1066100,0.0,0.0
2005-04-29,19.709281724487585,20.059723780382374,19.57031403831737,20.035554885864258,1221700,0.0,0.0
2005-05-02,20.035540908878286,20.234930692247566,19.896573319653193,20.144298553466797,958200,0.0,0.0
2005-05-03,20.144316290092416,20.216820682032928,19.854296417457306,19.96909523010254,1610300,0.0,0.0
2005-05-04,19.97512489575887,20.42223769483253,19.86032385704339,20.349733352661133,1609400,0.0,0.0
2005-05-05,20.25910473031533,20.349736902493166,19.932833981193262,20.059717178344727,1433600,0.0,0.0
2005-05-06,20.089926238960697,20.114095124447473,19.78178101605556,19.914705276489258,1164500,0.0,0.0
2005-05-09,19.920753479003906,19.999298918567337,19.836164664168003,19.920753479003906,1297100,0.0,0.0
2005-05-10,19.878455586843984,19.926791056188744,19.65489683839968,19.69719123840332,1356400,0.0,0.0
2005-05-11,19.72740349972472,19.811992299731997,19.588433551287693,19.69719123840332,1532300,0.0,0.0
2005-05-12,19.636773712575078,19.830120223201423,19.419258311902382,19.503847122192383,1512300,0.0,0.0
2005-05-13,19.552186072422828,19.552186072422828,19.262165136690346,19.37092399597168,1553100,0.0,0.0
2005-05-16,19.44342738416057,19.787826003495756,19.413217423755636,19.75761604309082,1161800,0.0,0.0
2005-05-17,19.666985446128052,19.896585312527627,19.582396628210425,19.848247528076172,1237800,0.0,0.0
2005-05-18,19.969082972390108,20.204723830207076,19.969082972390108,20.180557250976562,1272100,0.0,0.0
2005-05-19,20.162428552001334,20.174512993522907,19.884493311619767,20.05367088317871,732300,0.0,0.0
2005-05-20,20.114097615348633,20.174517531676106,19.920751117254248,20.13222312927246,1435100,0.0,0.0
2005-05-23,20.132214114637957,20.21076181458989,20.0717942253648,20.144298553466797,1352200,0.0,0.0
2005-05-24,20.04159962204305,20.07785297044984,19.86033748975524,19.96909523010254,1284800,0.0,0.0
2005-05-25,19.975129046671775,19.999295629169833,19.799908070547087,19.950960159301758,1095200,0.0,0.0
2005-05-26,20.069951148914445,20.112665970490365,19.892988415080946,20.0882568359375,1369600,0.325,0.0
2005-05-27,20.130972121728057,20.130972121728057,19.95400940427639,20.015029907226562,537400,0.0,0.0
2005-05-31,20.02723526666264,20.11876835249655,19.874681675461503,19.99062156677246,1392300,0.0,0.0
2005-06-01,19.935701379710796,20.47879409790039,19.850271744516448,20.47879409790039,1644400,0.0,0.0
2005-06-02,20.124875222557993,20.271327736184112,19.990627279049363,20.14928436279297,1004400,0.0,0.0
2005-06-03,20.051642555942088,20.240807501854427,19.954008359663277,19.996723175048828,1069500,0.0,0.0
2005-06-06,20.094364166259766,20.100465287185294,19.923504846941288,20.094364166259766,784400,0.0,0.0
2005-06-07,20.1187729946797,20.307938001635666,19.941810229386252,20.04554557800293,1629700,0.0,0.0
2005-06-08,20.069954716895186,20.19809920440412,19.990626179387156,20.04554557800293,1003500,0.0,0.0
2005-06-09,19.960109478525702,20.112663055697773,19.899088978770017,19.996723175048828,791600,0.0,0.0
2005-06-10,20.100465916445337,20.100465916445337,19.83807348054406,19.954015731811523,835000,0.0,0.0
2005-06-13,19.960110523458216,20.094358423288167,19.850271755921526,20.015029907226562,725500,0.0,0.0
2005-06-14,19.984519909830627,20.130972377669174,19.97841879057123,20.0577449798584,630800,0.0,0.0
2005-06-15,20.15538621064179,20.289634158990598,20.08216111508054,20.198101043701172,1082200,0.0,0.0
2005-06-16,20.27132822609566,20.27132822609566,20.069956305966016,20.155385971069336,796600,0.0,0.0
2005-06-17,20.265221383786898,20.41777499672317,20.118771218926774,20.39336585998535,1930100,0.0,0.0
2005-06-20,20.28963406991857,20.45439228004595,20.161489571302987,20.429983139038086,724200,0.0,0.0
2005-06-21,20.411679130715317,20.454393967110267,20.271330050019905,20.307941436767578,836900,0.0,0.0
2005-06-22,20.423872563724036,20.503198743604795,20.23470530015194,20.283523559570312,958300,0.0,0.0
2005-06-23,20.277421154022637,20.393361034417975,20.05164251208104,20.069948196411133,945100,0.0,0.0
2005-06-24,20.008935615189863,20.118774420204083,19.96011733394631,20.039445877075195,1276400,0.0,0.0
2005-06-27,19.98452512612802,20.069954784756167,19.935706848178445,19.972320556640625,947100,0.0,0.0
2005-06-28,20.051648170291863,20.350651961710117,20.021137911871318,20.301836013793945,1018100,0.0,0.0
2005-06-29,20.350654594654426,20.515412804781807,20.21030552553491,20.429983139038086,913000,0.0,0.0
2005-06-30,20.49710066095459,20.515406347056423,20.155379777760892,20.228607177734375,1007800,0.0,0.0
2005-07-01,20.253017735222862,20.43608394128719,20.106567563711604,20.22250747680664,992900,0.0,0.0
2005-07-05,20.222507179700578,20.558124672915163,20.13707752627688,20.491003036499023,764400,0.0,0.0
2005-07-06,20.405570241013187,20.44218394578377,20.240812061220627,20.27742576599121,852400,0.0,0.0
2005-07-07,20.07605296464522,20.240808790027597,19.93570161626571,20.210298538208008,1100900,0.0,0.0
2005-07-08,20.1736946973911,20.42998370168047,20.106570721662777,20.36285972595215,643500,0.0,0.0
2005-07-11,20.43608052373808,20.625245490954473,20.338446316463553,20.613040924072266,1382800,0.0,0.0
2005-07-12,20.491002359144165,20.710677605921983,20.4726943427418,20.625247955322266,1280000,0.0,0.0
2005-07-13,20.625251762044282,20.826623685152956,20.59474149945371,20.704580307006836,1371400,0.0,0.0
2005-07-14,20.771699540798345,20.99137710576914,20.698472133952553,20.87543487548828,1775500,0.0,0.0
2005-07-15,20.887635650915083,21.021883544641558,20.753387757188605,20.95475959777832,1245100,0.0,0.0
2005-07-18,20.875439008700596,20.918153840592947,20.7411933918034,20.765600204467773,1304000,0.0,0.0
2005-07-19,20.991382609546942,21.046302015189084,20.808316372217202,20.91205406188965,1983700,0.0,0.0
2005-07-20,20.771700844611498,21.357506169448342,20.771700844611498,21.25377082824707,1893600,0.0,0.0
2005-07-21,21.15613130765627,21.26597008160602,21.009681160912013,21.076805114746094,1541100,0.0,0.0
2005-07-22,21.0340894846021,21.076804303072805,20.899841582103857,21.02188491821289,1085100,0.0,0.0
2005-07-25,21.06459861809481,21.168333935219888,20.99137355143105,20.997474670410156,1235500,0.0,0.0
2005-07-26,21.058500048569247,21.19885142320652,20.973070396378514,21.09511375427246,1026200,0.0,0.0
2005-07-27,21.101216090172432,21.198850305784458,20.87543507524567,21.070703506469727,1342000,0.0,0.0
2005-07-28,21.174442296409758,21.25377082824707,21.046297818061092,21.25377082824707,1119100,0.0,0.0
2005-07-29,21.156127789567524,21.22325173223945,20.820510403990617,20.89373779296875,1364300,0.0,0.0
2005-08-01,21.009687431087016,21.076811404953716,20.899848624356743,20.93035888671875,1105800,0.0,0.0
2005-08-02,21.003579913005265,21.040193617416932,20.86933431906253,20.966968536376953,881200,0.0,0.0
2005-08-03,20.97306665265607,21.076804303072805,20.753389113216407,21.02188491821289,764700,0.0,0.0
2005-08-04,20.899841031870594,20.94865929614217,20.637448680868268,20.77779769897461,894200,0.0,0.0
2005-08-05,20.692373763210416,20.735088592320743,20.564229275879438,20.698474884033203,1228000,0.0,0.0
2005-08-08,20.74118640231333,20.765593206752953,20.515405420928808,20.552019119262695,660300,0.0,0.0
2005-08-09,20.655761303520695,20.704579584188377,20.527616808443646,20.576435089111328,751600,0.0,0.0
2005-08-10,20.63135882487749,20.7595033468731,20.460497134432455,20.503211975097656,1008300,0.0,0.0
2005-08-11,20.509305597248197,20.625245490954473,20.43608052373808,20.613040924072266,1070200,0.0,0.0
2005-08-12,20.521514271198825,20.680169016853593,20.399470905734766,20.582534790039062,903300,0.0,0.0
2005-08-15,20.58253551717287,20.765599407944393,20.49710585666507,20.71068000793457,661500,0.0,0.0
2005-08-16,20.61304319960383,20.747291122344976,20.48489872486912,20.509307861328125,904100,0.0,0.0
2005-08-17,20.454384897018848,20.613039600735814,20.39946551346625,20.47269058227539,776700,0.0,0.0
2005-08-18,20.405566076318664,20.497099155671897,20.356750141037733,20.460485458374023,667700,0.0,0.0
2005-08-19,20.588639659278247,20.649660182329107,20.50931111708514,20.576435089111328,780200,0.0,0.0
2005-08-22,20.60694202667712,20.74729106928238,20.527613497279933,20.661861419677734,1474800,0.0,0.0
2005-08-23,20.637443757020264,20.643547202489483,20.405561712620482,20.44827651977539,998900,0.0,0.0
2005-08-24,20.46659692482599,20.594741423906623,20.326247855197128,20.35675811767578,1327700,0.0,0.0
2005-08-25,20.350642342309545,20.490993654712703,20.3323366614667,20.44827651977539,899100,0.0,0.0
2005-08-26,20.36510252847002,20.45136885191721,19.99538904210177,20.08781623840332,1607100,0.325,0.0
2005-08-29,20.08781638231554,20.297321319580078,20.001550058250324,20.297321319580078,986800,0.0,0.0
2005-08-30,20.204889558907535,20.24185948911015,19.99538466896418,20.093975067138672,1487600,0.0,0.0
2005-08-31,20.161758793255814,20.408233642578125,20.02619609825103,20.408233642578125,1277100,0.0,0.0
2005-09-01,20.395905960559748,20.642383117115667,20.223373361318828,20.543792724609375,1546800,0.0,0.0
2005-09-02,20.580762972801054,20.673190134455524,20.476009368896484,20.476009368896484,860700,0.0,0.0
2005-09-06,20.482179937735115,20.74713977665958,20.482179937735115,20.586931228637695,936600,0.0,0.0
2005-09-07,20.46985546554182,20.6362272338429,20.340453634253684,20.630064010620117,1152200,0.0,0.0
2005-09-08,20.623898153077104,20.623898153077104,20.451363203255813,20.543792724609375,906600,0.0,0.0
2005-09-09,20.549955474627165,20.69784225219795,20.506822320873308,20.61773681640625,697700,0.0,0.0
2005-09-12,20.519144538837708,20.691679488659,20.426717368064516,20.543792724609375,1037600,0.0,0.0
2005-09-13,20.48834090475471,20.525313193198013,20.334293228779114,20.3404541015625,960900,0.0,0.0
2005-09-14,20.346613409127812,20.383585690455625,20.217213950351265,20.371261596679688,1204600,0.0,0.0
2005-09-15,20.371263402148795,20.426720653765326,20.161758490550866,20.303482055664062,1284900,0.0,0.0
2005-09-16,20.43287325459183,20.54994858257601,20.377416025424626,20.531463623046875,2404800,0.0,0.0
2005-09-19,20.44520720087429,20.44520720087429,20.223378177264223,20.272674560546875,1463800,0.0,0.0
2005-09-20,20.315806803532155,20.568444879998818,20.112462757541977,20.14943504333496,1690800,0.0,0.0
2005-09-21,20.143270483299336,20.143270483299336,19.79204201861346,19.853662490844727,1489300,0.0,0.0
2005-09-22,19.829018020538157,19.902960250501582,19.656484191805912,19.785884857177734,1790600,0.0,0.0
2005-09-23,19.742745873015338,19.798203116782588,19.681126582686147,19.718097686767578,2184400,0.0,0.0
2005-09-26,19.77972269641826,19.835179959516232,19.539408673187463,19.58870506286621,2040800,0.0,0.0
2005-09-27,19.64415598034918,19.70577527593885,19.502432423196154,19.668804168701172,1952800,0.0,0.0
2005-09-28,19.718103790826998,19.767400178583014,19.55789405649166,19.674970626831055,1470500,0.0,0.0
2005-09-29,19.60101828391409,19.995380979128825,19.545561048263426,19.98921775817871,2143600,0.0,0.0
2005-09-30,19.93376855198348,20.03852219511024,19.79204497058459,19.872150421142578,1907900,0.0,0.0
2005-10-03,19.872150137096195,20.09397916588232,19.84134107211612,19.983064651489258,1293100,0.0,0.0
2005-10-04,20.02619785395683,20.16792143362281,19.55789277849098,19.594863891601562,1208000,0.0,0.0
2005-10-05,19.5147581479857,19.570215401121267,19.373034578990538,19.39151954650879,1317600,0.0,0.0
2005-10-06,19.410008163234775,19.779721664206804,19.348388854642586,19.483951568603516,1263600,0.0,0.0
2005-10-07,19.53324173318741,19.619508037751626,19.459298346925042,19.545564651489258,935900,0.0,0.0
2005-10-10,19.508592424548674,19.601020770595685,19.212821247082168,19.22514533996582,1261600,0.0,0.0
2005-10-11,19.20049678960922,19.36686851450879,19.10190639899247,19.182010650634766,1157700,0.0,0.0
2005-10-12,19.101903792073433,19.354541780461524,18.910885083233897,19.034122467041016,1367700,0.0,0.0
2005-10-13,19.040287472581614,19.33605865004812,18.99715432277902,19.22514533996582,1577700,0.0,0.0
2005-10-14,19.175854600106568,19.47778789418288,19.13272026498956,19.373035430908203,1797900,0.0,0.0
2005-10-17,19.336058511265897,19.63183086189972,19.151201820498663,19.31757354736328,1395700,0.0,0.0
2005-10-18,19.317570441863253,19.342217448201207,18.972504126101995,18.984827041625977,1962800,0.0,0.0
2005-10-19,18.769164085166615,19.36686968665725,18.547336280498246,19.35454559326172,1396600,0.0,0.0
2005-10-20,19.36686695581197,19.53323866732151,19.021800616425207,19.13887596130371,1420800,0.0,0.0
2005-10-21,19.336057081749313,19.422324549647744,19.089581120518268,19.255952835083008,1773600,0.0,0.0
2005-10-24,19.30525569121522,19.490112441701232,19.2744466245644,19.483951568603516,1105200,0.0,0.0
2005-10-25,19.397684863725573,19.520923485975203,19.212828105641734,19.311418533325195,1151000,0.0,0.0
2005-10-26,19.188173858292764,19.539402293033735,19.188173858292764,19.35454559326172,1240300,0.0,0.0
2005-10-27,19.28060621552806,19.557891305915494,19.20050077198095,19.39151954650879,1280500,0.0,0.0
2005-10-28,19.379197064798046,19.82285274933377,19.379197064798046,19.792043685913086,1684000,0.0,0.0
2005-10-31,19.80436540034764,19.964576271802652,19.767395468920007,19.865985870361328,1748000,0.0,0.0
2005-11-01,19.8105286226393,19.970737143513727,19.742747280914532,19.865985870361328,1281400,0.0,0.0
2005-11-02,19.804362883572256,20.100134050309073,19.767392956842833,20.020030975341797,1122700,0.0,0.0
2005-11-03,20.026193881046122,20.217213807351243,19.785879930566455,19.915279388427734,1148400,0.0,0.0
2005-11-04,19.909121516459603,20.044681866299058,19.761234720493707,19.859825134277344,1192200,0.0,0.0
2005-11-07,19.85366546064124,20.08781623840332,19.822854044626368,20.08781623840332,1098000,0.0,0.0
2005-11-08,19.890636154200244,20.161761581707527,19.835178894081125,20.001550674438477,1479000,0.0,0.0
2005-11-09,20.057009581791245,20.334295905159685,20.02003963906299,20.25419044494629,1385300,0.0,0.0
2005-11-10,20.303483935537137,20.642388348758775,20.254187551500042,20.59309196472168,1476800,0.0,0.0
2005-11-11,20.586934324906956,20.648552464048652,20.488343891931443,20.599258422851562,824100,0.0,0.0
2005-11-14,20.469859167126117,20.562286376953125,20.19873371023828,20.562286376953125,882000,0.0,0.0
2005-11-15,20.519143497208535,20.593085700189576,20.155591002563057,20.27882957458496,1366000,0.0,0.0
2005-11-16,20.309644780950755,20.35277794163475,20.03235849756725,20.161760330200195,1016000,0.0,0.0
2005-11-17,20.272671878301512,20.512985838556546,20.167918252976133,20.432880401611328,1166900,0.0,0.0
2005-11-18,20.888860761768797,20.91966981941309,20.371260601371223,20.56844139099121,1416000,0.0,0.0
2005-11-21,20.371258828283107,20.728648096894975,20.167914834484804,20.636220932006836,1308100,0.0,0.0
2005-11-22,20.617739770279712,20.7717874416367,20.408234843210973,20.734817504882812,2148600,0.0,0.0
2005-11-23,20.69784575493483,20.938159752398153,20.69784575493483,20.802597045898438,1239100,0.0,0.0
2005-11-25,20.768376929097524,20.843037892810088,20.675048944384883,20.824373245239258,669700,0.325,0.0
2005-11-28,20.861713358901827,21.017258498466393,20.76838769922137,20.90526580810547,1208100,0.0,0.0
2005-11-29,21.029688842208525,21.147904591090917,20.849256026967254,20.892810821533203,1228600,0.0,0.0
2005-11-30,20.97369314389166,20.992360163086083,20.53194578896418,20.631494522094727,1436800,0.0,0.0
2005-12-01,20.74970557941616,20.8305896577316,20.643936100674132,20.774593353271484,1247800,0.0,0.0
2005-12-02,20.66882286490143,20.849253282967048,20.62527044949642,20.76837158203125,593600,0.0,0.0
2005-12-05,20.65638640193705,20.73727050536907,20.41995722375163,20.706159591674805,682600,0.0,0.0
2005-12-06,20.79326386069193,21.042136922570435,20.768378453247614,20.88037109375,1400300,0.0,0.0
2005-12-07,20.824370207329338,20.855478739885612,20.407508276102764,20.625272750854492,1335200,0.0,0.0
2005-12-08,20.531949648769437,20.749711801733085,20.419957006265427,20.54439353942871,1465200,0.0,0.0
2005-12-09,20.544390912562346,20.818149351774437,20.457286062514367,20.612831115722656,1198500,0.0,0.0
2005-12-12,20.724826074314798,20.724826074314798,20.38884815198278,20.51328468322754,1013100,0.0,0.0
2005-12-13,20.432400085280293,20.81815118667661,20.407512304950373,20.74349021911621,1339500,0.0,0.0
2005-12-14,20.69993240513425,20.836812787909807,20.63149221374647,20.774593353271484,1628700,0.0,0.0
2005-12-15,20.930139584340843,20.948804229092193,20.68748970885775,20.843034744262695,2647100,0.0,0.0
2005-12-16,20.992353061738577,21.18522733187918,20.967465293517787,21.179006576538086,2729100,0.0,0.0
2005-12-19,21.123018139077093,21.147905916552084,20.942585312527058,20.97369384765625,1741600,0.0,0.0
2005-12-20,20.967477833499878,21.05458270093909,20.89903761667489,20.923925399780273,840400,0.0,0.0
2005-12-21,21.079463125243652,21.14168018785762,20.874142546445714,20.955026626586914,1152600,0.0,0.0
2005-12-22,20.923914944424595,21.017240524291992,20.836810120510314,21.017240524291992,870500,0.0,0.0
2005-12-23,21.054577565853762,21.08568610043349,20.961249588685526,21.02968978881836,570100,0.0,0.0
2005-12-27,21.004804410696725,21.091911640268968,20.79948616027832,20.79948616027832,876700,0.0,0.0
2005-12-28,20.867922932107238,20.95502777390744,20.656381584837206,20.699934005737305,1003300,0.0,0.0
2005-12-29,20.681270075374506,20.718599366905327,20.544389677284126,20.631494522094727,858100,0.0,0.0
2005-12-30,20.550612766147054,20.612832214805426,20.33285062941597,20.48839569091797,1239500,0.0,0.0
2006-01-03,20.643937905959312,20.95502798606909,20.4697282205951,20.94880485534668,1847100,0.0,0.0
2006-01-04,20.867922614687927,21.123016378977866,20.818147063885554,21.079463958740234,1815500,0.0,0.0
2006-01-05,21.060790864203437,21.21011510009997,20.986129932969273,21.179006576538086,2057000,0.0,0.0
2006-01-06,21.179015219293188,21.20390299767021,20.961250718638013,21.18523597717285,1290000,0.0,0.0
2006-01-09,21.15412484701766,21.247452817773116,21.029688343820016,21.210121154785156,997500,0.0,0.0
2006-01-10,21.0794703440166,21.154131319407156,20.94881067029611,21.098134994506836,1088000,0.0,0.0
2006-01-11,21.060797330304098,21.09812899409688,20.861699870267152,20.979915618896484,1584000,0.0,0.0
2006-01-12,20.899036306195697,20.93636797851288,20.737270473013535,20.749711990356445,1241600,0.0,0.0
2006-01-13,20.780816067213248,20.967469620532075,20.731040520499587,20.961246490478516,878600,0.0,0.0
2006-01-17,20.780820353227995,20.830593536778604,20.54439120443233,20.68749237060547,1549900,0.0,0.0
2006-01-18,20.687493900088572,20.84303896700653,20.563057371868332,20.74349021911621,986600,0.0,0.0
2006-01-19,20.712379854838797,20.818149351774437,20.50705924535786,20.612831115722656,2085900,0.0,0.0
2006-01-20,21.340787069997454,21.608324829673997,21.035920005622692,21.259902954101562,4942200,0.0,0.0
2006-01-23,21.44655244226036,21.8198596161744,21.409220775497303,21.738975524902344,3011700,0.0,0.0
2006-01-24,21.714087304564018,22.14961149317439,21.658090998395707,21.969181060791016,3450200,0.0,0.0
2006-01-25,21.913183773217266,22.261603108501234,21.894516756377975,22.19316291809082,2743900,0.0,0.0
2006-01-26,22.348722954720465,22.65981321215319,22.242953406439888,22.39849853515625,2204200,0.0,0.0
2006-01-27,22.274055200649133,22.491819738851227,22.025184494256216,22.19939422607422,1754100,0.0,0.0
2006-01-30,22.130951304012946,22.137174435633742,21.975406241503197,22.074954986572266,1991400,0.0,0.0
2006-01-31,22.074955363807753,22.174504110577992,21.63320794835414,22.018959045410156,1945200,0.0,0.0
2006-02-01,22.07495775459296,22.112289428710938,21.838528565371632,22.112289428710938,1895500,0.0,0.0
2006-02-02,22.112283527171634,22.354933410603753,21.888298289102305,22.050064086914062,2063900,0.0,0.0
2006-02-03,21.90074343393019,22.28027373427939,21.732754495738135,21.98784828186035,2016400,0.0,0.0
2006-02-06,21.962958899970637,22.087395405107735,21.900741834116552,22.06250762939453,1213400,0.0,0.0
2006-02-07,22.0002993746459,22.155844475005747,21.91319449819316,22.087404251098633,1595200,0.0,0.0
2006-02-08,22.224279781200483,22.224279781200483,21.894522627472817,22.168283462524414,1569700,0.0,0.0
2006-02-09,22.11229040437562,22.298944036342064,22.050070944767004,22.162063598632812,1010200,0.0,0.0
2006-02-10,22.130953530043943,22.39849125434521,21.981631584135517,22.38604736328125,1522600,0.0,0.0
2006-02-13,22.386040789211545,22.429593208430667,22.19316409450626,22.305156707763672,1017900,0.0,0.0
2006-02-14,22.261603949256887,22.84023165112508,22.2429393051414,22.771791458129883,2082900,0.0,0.0
2006-02-15,22.69090202391574,22.914887170738275,22.54780092976312,22.759342193603516,1857100,0.0,0.0
2006-02-16,22.703357189731335,22.977115631103516,22.690913300564986,22.977115631103516,973900,0.0,0.0
2006-02-17,22.983337488653287,23.020669157938542,22.759354593229624,22.852680206298828,1360700,0.0,0.0
2006-02-21,22.927343117592894,23.064223543161763,22.778021174635484,22.80912971496582,1581500,0.0,0.0
2006-02-22,22.933554689747176,23.431298204426653,22.908666920656128,23.38152503967285,2156700,0.0,0.0
2006-02-23,23.313091255617227,23.425083873815577,23.064218243303348,23.356643676757812,1441800,0.0,0.0
2006-02-24,23.328386687296447,23.397459303123917,23.16511804330239,23.25931167602539,1721900,0.345,0.0
2006-02-27,23.359784800865704,23.610963840177735,23.340944636220627,23.49793243408203,1481900,0.0,0.0
2006-02-28,23.340945278409325,23.541891869008847,23.234194722739474,23.40374183654785,1848600,0.0,0.0
2006-03-01,23.152558533305264,23.315827175894093,23.02068936498291,23.177677154541016,2399400,0.0,0.0
2006-03-02,22.983010130418528,23.058365989854504,22.769506652903452,22.96417236328125,1937000,0.0,0.0
2006-03-03,22.857424700748684,22.951615943740293,22.700436900318937,22.794628143310547,1416200,0.0,0.0
2006-03-06,22.851139275476132,22.869977041216853,22.54344458964252,22.706710815429688,1520000,0.0,0.0
2006-03-07,22.556002968226945,23.03324715849792,22.556002968226945,22.995569229125977,1643600,0.0,0.0
2006-03-08,22.98929150902491,23.146279293276166,22.888819422921845,23.08348274230957,1562900,0.0,0.0
2006-03-09,23.045813621123944,23.140004880623266,22.863707165803447,22.876266479492188,1049100,0.0,0.0
2006-03-10,22.819742206696528,23.045804977416992,22.819742206696528,23.045804977416992,1290200,0.0,0.0
2006-03-13,23.07720957720695,23.359788132751355,23.033253179171602,23.265594482421875,1270100,0.0,0.0
2006-03-14,23.17767956705139,23.548170884789833,23.171401108810723,23.529333114624023,1518500,0.0,0.0
2006-03-15,23.573296591230235,23.573296591230235,23.347233699544713,23.39746856689453,1810000,0.0,0.0
2006-03-16,23.397470170933335,23.598416840442333,23.27816025678413,23.35979461669922,1869300,0.0,0.0
2006-03-17,23.403741406695868,23.504213502428396,23.23419429600153,23.466535568237305,1775300,0.0,0.0
2006-03-20,23.403741961777406,23.648642551218675,23.366064026692683,23.592126846313477,1249400,0.0,0.0
2006-03-21,23.516771483695738,23.654919110361888,23.435137161954206,23.479093551635742,1487100,0.0,0.0
2006-03-22,23.441431387367206,23.529344216880837,23.297000429800583,23.485387802124023,1529600,0.0,0.0
2006-03-23,23.384907658307657,23.50421754392896,23.24675760462943,23.435142517089844,1766000,0.0,0.0
2006-03-24,23.359782794946234,23.57328627752181,23.296986243927837,23.428857803344727,1003700,0.0,0.0
2006-03-27,23.42257562478227,23.460253553260703,23.303265777765592,23.441415786743164,733500,0.0,0.0
2006-03-28,23.366059725578673,23.441415581876967,23.070924339128673,23.133718490600586,1084600,0.0,0.0
2006-03-29,23.221633543981802,23.290708554658337,22.957895207337096,23.177677154541016,990700,0.0,0.0
2006-03-30,23.171398484321408,23.491652518085964,22.983011222225564,23.209074020385742,2063700,0.0,0.0
2006-03-31,23.114885284804743,23.35350502383226,23.077207349221755,23.108604431152344,1095700,0.0,0.0
2006-04-03,23.083486358740924,23.416302142396564,23.02069219338001,23.234195709228516,1498600,0.0,0.0
2006-04-04,23.22792145226442,23.75540068121401,23.19024350896649,23.698884963989258,1740900,0.0,0.0
2006-04-05,23.636085259856973,23.767954450759582,23.27187477134825,23.372346878051758,1488600,0.0,0.0
2006-04-06,23.378625949634156,23.453979432776343,23.05837184969683,23.271875381469727,1772500,0.0,0.0
2006-04-07,23.30954072707634,23.49164709415297,23.039521602222845,23.13999366760254,937700,0.0,0.0
2006-04-10,23.190239314387107,23.35350558159179,23.02069219338001,23.234195709228516,1472100,0.0,0.0
2006-04-11,23.334667883637778,23.416302215215914,23.089767284347236,23.127445220947266,1214000,0.0,0.0
2006-04-12,23.108593170494107,23.29697796572283,23.014401970601064,23.18394660949707,1024900,0.0,0.0
2006-04-13,23.19024139276333,23.26559487703859,23.008134943274378,23.19651985168457,878600,0.0,0.0
2006-04-17,23.25302700447451,23.391177004330498,23.058363708797284,23.146276473999023,1403300,0.0,0.0
2006-04-18,23.07720577725303,23.422578445851084,22.687876717857606,23.37862205505371,3462200,0.0,0.0
2006-04-19,23.014416798950105,23.089770286503843,22.643925424931634,22.73183822631836,3010600,0.0,0.0
2006-04-20,22.650204062134957,22.989298351958006,22.650204062134957,22.813472747802734,1883900,0.0,0.0
2006-04-21,22.920225548303776,23.00813835891657,22.763237702082517,22.851150512695312,1610300,0.0,0.0
2006-04-24,22.85742986054585,22.869986779424323,22.650204767386953,22.782073974609375,1429000,0.0,0.0
2006-04-25,23.0395327665575,23.0395327665575,22.662762937671918,22.876266479492188,1771300,0.0,0.0
2006-04-26,22.957910157265523,23.070941630987647,22.87627578281174,22.907672882080078,1416000,0.0,0.0
2006-04-27,22.857421070265872,23.55444478129176,22.656476909267596,23.441415786743164,2738900,0.0,0.0
2006-04-28,23.447699775550877,24.056813254715884,23.347227671348353,24.00029754638672,3388300,0.0,0.0
2006-05-01,23.862144749268438,23.924938908852216,23.284430815678046,23.37862205505371,2349500,0.0,0.0
2006-05-02,23.378621534756753,23.497931393488113,23.121161653483277,23.25931167602539,2022400,0.0,0.0
2006-05-03,23.234193374518355,23.303268386740605,22.989292800598466,23.296987533569336,2250300,0.0,0.0
2006-05-04,23.35978163950333,23.422575791972257,23.27186886786948,23.290706634521484,1178700,0.0,0.0
2006-05-05,23.378619239279107,23.479091319778245,23.32210354428313,23.441415786743164,1525600,0.0,0.0
2006-05-08,23.422575205910906,23.62351936331565,23.422575205910906,23.504209518432617,1324700,0.0,0.0
2006-05-09,23.441419386453404,23.604685644044736,23.41630076361052,23.472816467285156,1401900,0.0,0.0
2006-05-10,23.340947462012288,23.56701030157219,23.340947462012288,23.55445098876953,1618200,0.0,0.0
2006-05-11,23.45398207141767,23.52305710350417,23.108609306429493,23.240478515625,1638700,0.0,0.0
2006-05-12,23.27815507343479,23.284435928038384,22.907663701480214,22.95162010192871,1832600,0.0,0.0
2006-05-15,22.794626039320985,23.202795240940986,22.794626039320985,23.171398162841797,1387800,0.0,0.0
2006-05-16,23.114881845671977,23.20907307744956,22.983010288473842,23.039525985717773,1224100,0.0,0.0
2006-05-17,22.913938556840264,22.976732713770673,22.48065072951241,22.574844360351562,2294400,0.0,0.0
2006-05-18,22.62508231399404,22.687878874992073,22.135281115428718,22.25459098815918,1787000,0.0,0.0
2006-05-19,22.493214013451283,22.618804744941453,22.29854825986932,22.53717041015625,1809300,0.0,0.0
2006-05-22,22.51833841651957,22.599972772250247,22.210641165192897,22.424144744873047,2269900,0.0,0.0
2006-05-23,22.44297810284233,22.574847286756675,22.285990294722247,22.292268753051758,1709800,0.0,0.0
2006-05-24,22.229472022463185,22.669035918113977,22.103881311372856,22.612520217895508,2134700,0.0,0.0
2006-05-25,22.69177983102445,22.80590464773531,22.603016622164017,22.748842239379883,1397100,0.345,0.0
2006-05-26,22.84393939811507,22.862961808945183,22.66007382993753,22.7932186126709,682900,0.0,0.0
2006-05-30,22.799561828293932,22.799561828293932,22.501571416998416,22.514249801635742,1016800,0.0,0.0
2006-05-31,22.641058290603887,22.72982150603218,22.35574622771564,22.64739990234375,1327500,0.0,0.0
2006-06-01,22.74250311438422,23.072196796634636,22.65373989581994,23.034156799316406,1164100,0.0,0.0
2006-06-02,23.07853266989407,23.294101469353873,23.008789467331237,23.192657470703125,1592600,0.0,0.0
2006-06-05,23.135599905744,23.17363990155375,22.72982140771576,22.742502212524414,893900,0.0,0.0
2006-06-06,22.869306417326136,22.9073488293822,22.52693196466975,22.786882400512695,1371600,0.0,0.0
2006-06-07,22.862962897670428,23.11023248269742,22.73615730009834,22.901002883911133,1205800,0.0,0.0
2006-06-08,22.850291818103873,23.065860700109255,22.564979706829597,23.002456665039062,1685500,0.0,0.0
2006-06-09,23.0024496999951,23.154616919471337,22.869304894588332,22.970748901367188,1062500,0.0,0.0
2006-06-12,23.053173343465268,23.097554946096842,22.805903723484803,22.837604522705078,975600,0.0,0.0
2006-06-13,22.761518899921246,22.95172608694304,22.387443717378286,22.42548370361328,2037000,0.0,0.0
2006-06-14,22.3937834882911,22.44450669607097,21.709037113572528,22.057750701904297,2382400,0.0,0.0
2006-06-15,22.083115636669493,22.545954093701884,21.911928412515152,22.507911682128906,1861200,0.0,0.0
2006-06-16,22.488892815307317,22.56497522365899,22.266982364575387,22.298683166503906,1339400,0.0,0.0
2006-06-19,22.40013273578909,22.450853542246307,22.089459028753847,22.152860641479492,1178200,0.0,0.0
2006-06-20,22.15286219583504,22.330391077432846,22.045078962915536,22.19090461730957,1147300,0.0,0.0
2006-06-21,22.152848719104515,22.40012068033556,22.114808739388348,22.2669734954834,1145100,0.0,0.0
2006-06-22,22.171869044174436,22.241612225254173,22.064083468338037,22.228931427001953,1163000,0.0,0.0
2006-06-23,22.11481700972615,22.121156202511134,21.797804160922915,22.07677459716797,1920600,0.0,0.0
2006-06-26,22.08311600284041,22.362086436486543,22.07677439149841,22.311363220214844,1034400,0.0,0.0
2006-06-27,22.222593371488518,22.343059764837154,22.083109405643487,22.127490997314453,1123200,0.0,0.0
2006-06-28,22.222598603250606,22.425486618258667,22.140174591336105,22.241621017456055,1195800,0.0,0.0
2006-06-29,22.32404020269849,22.660075406433485,22.1782146088049,22.628372192382812,1193300,0.0,0.0
2006-06-30,22.70445616550778,22.805900158323865,22.48888737844665,22.622032165527344,1037900,0.0,0.0
2006-07-03,22.666413442050793,22.79955822725665,22.60935104573178,22.77419662475586,356300,0.0,0.0
2006-07-05,22.641055914441917,22.647397525516233,22.400127903169256,22.444509506225586,970900,0.0,0.0
2006-07-06,22.43816954031,22.62837677001391,22.41280793138517,22.50157356262207,939700,0.0,0.0
2006-07-07,22.476207322082416,22.74249690507105,22.381102517520393,22.45084571838379,894200,0.0,0.0
2006-07-10,22.533260018756806,22.634703971256066,22.431816066257543,22.526918411254883,550300,0.0,0.0
2006-07-11,22.45084313717835,22.45084313717835,22.24795516814695,22.324037551879883,1235800,0.0,0.0
2006-07-12,22.387445135034838,22.457185920420446,22.127494731967047,22.222597122192383,1053500,0.0,0.0
2006-07-13,22.222595711496385,22.285999719570796,21.918263728586027,21.94996452331543,1091400,0.0,0.0
2006-07-14,21.949972578417636,22.209923060379168,21.861209353155136,22.152860641479492,1119700,0.0,0.0
2006-07-17,22.159197005541557,22.305022615165107,21.886565781883988,22.241621017456055,1438200,0.0,0.0
2006-07-18,22.25429896048872,22.583992582988326,22.17187736882572,22.53327178955078,1989200,0.0,0.0
2006-07-19,22.43816884152628,23.18631935119629,22.42548803745878,23.18631935119629,2043300,0.0,0.0
2006-07-20,23.122919569556878,23.376528415021063,23.002453130741348,23.167301177978516,1747200,0.0,0.0
2006-07-21,23.294095266502655,23.294095266502655,22.824915386043358,23.0087833404541,1935200,0.0,0.0
2006-07-24,23.040485172729674,23.256053924560547,22.99610358428936,23.256053924560547,1299300,0.0,0.0
2006-07-25,23.129251487993574,23.382862672306306,23.04048829906877,23.287757873535156,1162200,0.0,0.0
2006-07-26,23.148277488852973,23.528694364066105,23.135599103100386,23.294105529785156,1607400,0.0,0.0
2006-07-27,23.35751261921013,23.45261746500561,23.084881307787565,23.129262924194336,1119100,0.0,0.0
2006-07-28,23.249712961365027,23.66817209590864,23.198992181145197,23.6364688873291,1207600,0.0,0.0
2006-07-31,23.522341475742422,23.579403858737344,23.376515923336505,23.395538330078125,747400,0.0,0.0
2006-08-01,23.300435069248422,23.57306620368394,23.20533028519319,23.528684616088867,1298500,0.0,0.0
2006-08-02,23.528697858743378,23.693543502788685,23.395553021020266,23.62380027770996,1115600,0.0,0.0
2006-08-03,23.45893916087968,24.010540566639545,23.45893916087968,23.959819793701172,1970900,0.0,0.0
2006-08-04,24.029571375172488,24.18807777627886,23.82034176477652,23.947147369384766,2221400,0.0,0.0
2006-08-07,23.820347318444295,23.98519536845374,23.794985707886486,23.864728927612305,778900,0.0,0.0
2006-08-08,23.928128976819004,24.01689218040135,23.61111615338726,23.66817855834961,1192400,0.0,0.0
2006-08-09,23.731578254330515,23.84570305511209,23.332141451595007,23.351163864135742,1098100,0.0,0.0
2006-08-10,23.357501651888303,23.604771232513123,23.192656071010273,23.55405044555664,1644300,0.0,0.0
2006-08-11,23.465279603931357,23.617446768104383,23.256052474135345,23.43992042541504,954400,0.0,0.0
2006-08-14,23.661836570237366,23.693537368351986,23.26874135266121,23.325803756713867,1020100,0.0,0.0
2006-08-15,23.484306685703494,23.820339449429444,23.420902680254397,23.763277053833008,1365200,0.0,0.0
2006-08-16,23.83936376303027,23.902767779972383,23.687198959601094,23.807662963867188,696000,0.0,0.0
2006-08-17,23.807661646029835,23.807661646029835,23.566731232218046,23.598434448242188,954500,0.0,0.0
2006-08-18,23.60476939419267,23.611111003703076,23.230694247385962,23.414562225341797,1928800,0.0,0.0
2006-08-21,23.287759853359475,23.427246258451554,23.24337825512394,23.351163864135742,850900,0.0,0.0
2006-08-22,23.338481659106566,23.636472026687873,23.275077652141505,23.55405044555664,2478500,0.0,0.0
2006-08-23,23.496991703166152,23.630136510577913,23.357505284763768,23.471630096435547,1518100,0.0,0.0
2006-08-24,23.522340914374205,23.744251251220703,23.47162014104195,23.744251251220703,1752300,0.0,0.0
2006-08-25,23.74106034510053,23.74106034510053,23.523487178741423,23.542686462402344,1183800,0.345,0.0
2006-08-28,23.555481073001964,23.824246586454656,23.478688833926626,23.709060668945312,1223200,0.0,0.0
2006-08-29,23.677058701055316,23.677058701055316,23.485083037645737,23.613067626953125,836900,0.0,0.0
2006-08-30,23.60027208436365,23.753851659216856,23.60027208436365,23.651464462280273,616000,0.0,0.0
2006-08-31,23.68346737632594,23.69626608506519,23.50429033618459,23.542686462402344,866600,0.0,0.0
2006-09-01,23.61307631188072,23.61307631188072,23.38910258793915,23.47869110107422,1287800,0.0,0.0
2006-09-05,23.47868800352444,23.56827894594365,23.433893752866624,23.5170841217041,1068400,0.0,0.0
2006-09-06,23.517081889081453,23.581072972202243,23.369900445020967,23.46588706970215,1552100,0.0,0.0
2006-09-07,23.465885572176532,23.497883552798253,23.24831492700925,23.25471305847168,1256500,0.0,0.0
2006-09-08,23.39550143178262,23.459492524687374,23.17152772440855,23.433895111083984,1257500,0.0,0.0
2006-09-11,23.331501883985815,23.574672368332397,23.331501883985815,23.52347755432129,1338400,0.0,0.0
2006-09-12,23.613076260665512,23.984229020149204,23.427498660371715,23.97783088684082,1767300,0.0,0.0
2006-09-13,23.977832213970753,23.977832213970753,23.68346680231066,23.817852020263672,1156600,0.0,0.0
2006-09-14,23.715457822181147,23.8370418548584,23.60027192128551,23.8370418548584,817100,0.0,0.0
2006-09-15,23.990623472079648,23.990623472079648,23.81784462360022,23.84984016418457,1624900,0.0,0.0
2006-09-18,23.93943462339946,23.965032038690794,23.70906276798521,23.8818416595459,824900,0.0,0.0
2006-09-19,23.997025042581598,23.997025042581598,23.696261547561416,23.862642288208008,681900,0.0,0.0
2006-09-20,23.86264809156317,24.073820693920823,23.837050672760967,24.01622772216797,961700,0.0,0.0
2006-09-21,23.96503086772667,23.990628281767282,23.645070515530332,23.77945327758789,1034400,0.0,0.0
2006-09-22,23.779452255608103,23.824246507702146,23.632270792855717,23.773054122924805,628700,0.0,0.0
2006-09-25,23.92023986979637,24.07381949273819,23.71546541180455,24.054622650146484,1405500,0.0,0.0
2006-09-26,24.054616374833532,24.086611917840813,23.798647148568374,23.971426010131836,1071000,0.0,0.0
2006-09-27,23.997023420979044,24.10580875542449,23.881837513270067,23.971426010131836,945700,0.0,0.0
2006-09-28,23.95863567297551,24.125016460492347,23.913841408898897,24.086620330810547,907800,0.0,0.0
2006-09-29,24.08021610081645,24.125010353553975,23.958629608154297,23.958629608154297,923400,0.0,0.0
2006-10-02,24.035422362889815,24.035422362889815,23.670667759298116,23.824247360229492,843400,0.0,0.0
2006-10-03,23.82424962782822,24.093017616695157,23.798652211535373,23.952234268188477,1020100,0.0,0.0
2006-10-04,23.945828327383694,24.284987914499446,23.86264040473004,24.278587341308594,1332400,0.0,0.0
2006-10-05,24.169810724568965,24.253001118327383,24.04182606673393,24.086620330810547,895700,0.0,0.0
2006-10-06,24.086608973124875,24.09940767698377,23.837040350634336,23.965024948120117,976200,0.0,0.0
2006-10-09,23.96503200570812,24.035423677110472,23.86264478578758,24.022624969482422,1026700,0.0,0.0
2006-10-10,24.061011395143808,24.099407506448788,23.85623701705687,23.869035720825195,1422700,0.0,0.0
2006-10-11,23.869043176232434,23.96503226392515,23.747459114111713,23.913837432861328,1866700,0.0,0.0
2006-10-12,23.99701895395073,23.99701895395073,23.747450347406122,23.81144142150879,1754700,0.0,0.0
2006-10-13,23.702669544647467,23.76666065502748,23.613081013673693,23.689870834350586,1969900,0.0,0.0
2006-10-16,23.561881464297116,23.600277587515354,23.152332581051503,23.261117935180664,3280300,0.0,0.0
2006-10-17,23.67707170048851,24.06102323810875,23.42110238133879,23.920242309570312,4154000,0.0,0.0
2006-10-18,23.984219973476645,24.195394909558125,23.945823864797383,24.18259620666504,3136100,0.0,0.0
2006-10-19,24.182608188136037,24.182608188136037,23.99703056589478,24.04822540283203,1587600,0.0,0.0
2006-10-20,24.125010124437974,24.125010124437974,23.888240156344867,23.926633834838867,1751700,0.0,0.0
2006-10-23,23.87543748648265,24.272187558716567,23.862638782074683,24.25299072265625,2094000,0.0,0.0
2006-10-24,24.189002885592434,24.233797140996373,23.990629023404654,24.035423278808594,1805600,0.0,0.0
2006-10-25,24.137813926368036,24.157010769667412,23.971433147426154,24.04822540283203,2054500,0.0,0.0
2006-10-26,24.04821649389044,24.118605706946383,23.952227430745452,24.067413330078125,1590100,0.0,0.0
2006-10-27,23.958630121320383,23.971428828248623,23.824247360229492,23.824247360229492,1757600,0.0,0.0
2006-10-30,23.86904987633045,23.97143712609453,23.837054318486285,23.84345245361328,1834600,0.0,0.0
2006-10-31,23.837044724501613,23.92663322684934,23.74105564849842,23.766653060913086,2071500,0.0,0.0
2006-11-01,23.773061168653726,23.939439519869957,23.760262458390265,23.83065414428711,2659300,0.0,0.0
2006-11-02,23.67067226308722,23.747462078163608,23.58748187277701,23.64507484436035,1474400,0.0,0.0
2006-11-03,23.670664632011004,23.728257585027222,23.478686494554662,23.504283905029297,1071400,0.0,0.0
2006-11-06,23.587474657122765,23.696259991777065,23.504284292261357,23.63226890563965,1457600,0.0,0.0
2006-11-07,23.107529056950842,23.69625473022461,23.107529056950842,23.69625473022461,1660700,0.0,0.0
2006-11-08,23.529889821630082,23.72826616286702,23.529889821630082,23.71546745300293,1433900,0.0,0.0
2006-11-09,23.709074106310222,23.747470247609307,23.491500854492188,23.491500854492188,1072300,0.0,0.0
2006-11-10,23.561881893557956,23.715463948125034,23.54268505215105,23.6834659576416,2003800,0.0,0.0
2006-11-13,23.606673231039267,23.79225081203205,23.568279552974307,23.677064895629883,1520600,0.0,0.0
2006-11-14,23.753848381321255,23.79224449028778,23.43388812990921,23.593868255615234,2153300,0.0,0.0
2006-11-15,23.5810748133031,23.657867048367642,23.504285019342095,23.529882431030273,1134100,0.0,0.0
2006-11-16,23.60666705505665,23.862636233673324,23.574671518005317,23.81144142150879,1050400,0.0,0.0
2006-11-17,23.689860740570435,23.747453691814986,23.574674838081332,23.606670379638672,1045500,0.0,0.0
2006-11-20,23.638671700289525,23.715463948125034,23.54908318558537,23.6834659576416,895400,0.0,0.0
2006-11-21,23.72185914744143,23.72825972118802,23.619471937428802,23.677064895629883,1309900,0.0,0.0
2006-11-22,23.6130767254483,23.734660789531944,23.57468060153054,23.6834659576416,1072400,0.0,0.0
2006-11-24,23.62209991729409,23.738369680200528,23.512290954589844,23.512290954589844,452000,0.345,0.0
2006-11-27,23.434776056992426,23.47999180196096,23.286209685799633,23.312047958374023,1847200,0.0,0.0
2006-11-28,23.3443446207808,23.3443446207808,23.163481640490424,23.30558967590332,964700,0.0,0.0
2006-11-29,23.357272690895538,23.52521659910495,23.28621864601201,23.486461639404297,970700,0.0,0.0
2006-11-30,23.460612356631273,23.460612356631273,23.189317909634756,23.318504333496094,1021800,0.0,0.0
2006-12-01,23.299131304660097,23.447697691682965,23.137645779973475,23.337888717651367,1459800,0.0,0.0
2006-12-04,23.402484134810276,23.479996503982502,23.331430103038322,23.454160690307617,1385900,0.0,0.0
2006-12-05,23.4347718297883,23.49290670055756,23.344340356163418,23.447690963745117,1145500,0.0,0.0
2006-12-06,23.37664661521217,23.479997265484933,23.24099934874302,23.402484893798828,1648400,0.0,0.0
2006-12-07,23.39602039258389,23.454155272051487,23.253912361869034,23.331424713134766,1134600,0.0,0.0
2006-12-08,23.247451862069717,23.273287667371328,23.079505575207786,23.208694458007812,1317900,0.0,0.0
2006-12-11,23.486448158240115,23.576879631066525,23.195773806960347,23.53166389465332,1946700,0.0,0.0
2006-12-12,23.52521063242181,23.84818168974165,23.47999488152292,23.777130126953125,2336200,0.0,0.0
2006-12-13,23.712524800717688,23.861091131021396,23.68668653525462,23.822336196899414,2627000,0.0,0.0
2006-12-14,23.744819426519168,24.151763449477613,23.731902758934062,24.08070945739746,2117600,0.0,0.0
2006-12-15,24.151774469694733,24.48120631709698,24.100100383558686,24.455368041992188,3262900,0.0,0.0
2006-12-18,24.4876671537751,24.4876671537751,24.22283096709778,24.274507522583008,1529300,0.0,0.0
2006-12-19,24.274509279336137,24.39077660944462,24.23575185991733,24.319725036621094,1874500,0.0,0.0
2006-12-20,24.30034398325468,24.507045282551488,24.287424844039396,24.468290328979492,1763000,0.0,0.0
2006-12-21,24.46828679828748,24.474745134926277,24.280963002806867,24.37785530090332,1677200,0.0,0.0
2006-12-22,24.46829388412637,24.481213025218754,24.255131752213376,24.35202407836914,1483100,0.0,0.0
2006-12-26,24.287426044064762,24.713747802937927,24.248671088577915,24.687911987304688,1222400,0.0,0.0
2006-12-27,24.804176517843906,24.95274289851992,24.758960769989184,24.93336296081543,1377300,0.0,0.0
2006-12-28,24.86876580813426,24.920442348412728,24.758956856152114,24.76541519165039,626100,0.0,0.0
2006-12-29,24.71374622756429,24.7460453071764,24.53288320929081,24.5651798248291,857000,0.0,0.0
2007-01-03,24.41015508461578,24.733126168146317,24.41015508461578,24.5651798248291,1951900,0.0,0.0
2007-01-04,24.519955075271923,24.558712478144255,24.364930391928414,24.384307861328125,1610500,0.0,0.0
2007-01-05,24.39077532936649,24.39077532936649,24.029049290070965,24.1065616607666,1561100,0.0,0.0
2007-01-08,24.100098290628424,24.332635354156665,23.98382852682764,24.300338745117188,1587500,0.0,0.0
2007-01-09,24.429525428488013,24.519956911221666,24.20990505724638,24.423067092895508,1874100,0.0,0.0
2007-01-10,24.28742027282715,24.416609176591063,24.242204526120787,24.28742027282715,1261100,0.0,0.0
2007-01-11,24.37139783344736,24.403694449205528,24.190534813942556,24.313262939453125,1030200,0.0,0.0
2007-01-12,24.31325860035075,24.384312620782254,24.23574624354974,24.280961990356445,900300,0.0,0.0
2007-01-16,24.255123802996042,24.306800350429437,24.125934898485966,24.242204666137695,1061600,0.0,0.0
2007-01-17,24.28095902631252,24.31325563236429,24.14531180245124,24.216365814208984,1113600,0.0,0.0
2007-01-18,23.919233775567026,24.4553668699663,23.89985630220387,24.196989059448242,1820900,0.0,0.0
2007-01-19,24.38431715611709,24.662072489061018,24.184074194390995,24.468290328979492,1999800,0.0,0.0
2007-01-22,24.397231703452164,24.532878943571248,24.164692169491794,24.28742027282715,1299400,0.0,0.0
2007-01-23,24.268044993104123,24.44890799627649,24.151775215615142,24.4036922454834,1885700,0.0,0.0
2007-01-24,24.41660916269918,24.558717203165973,24.358474279242163,24.52642059326172,1507100,0.0,0.0
2007-01-25,24.52643224640361,24.578106353987444,24.4037016207522,24.448917388916016,1795800,0.0,0.0
2007-01-26,24.429540872707886,24.610403952515828,24.35202847622943,24.54581069946289,1101600,0.0,0.0
2007-01-29,24.55225167896241,24.610386551234452,24.384307861328125,24.384307861328125,1662600,0.0,0.0
2007-01-30,24.390772643494813,24.571638107299805,24.300341143629097,24.571638107299805,1604200,0.0,0.0
2007-01-31,24.481206929721584,24.739582295014547,24.416611240343144,24.655609130859375,1141200,0.0,0.0
2007-02-01,24.6556138387625,24.8170993969333,24.6103980796006,24.791263580322266,1627700,0.0,0.0
2007-02-02,24.804165529056327,25.114217290160486,24.804165529056327,25.043163299560547,1949900,0.0,0.0
2007-02-05,25.036702501830174,25.17235214937204,24.89459698470266,25.043163299560547,1497100,0.0,0.0
2007-02-06,25.05609572954095,25.35968685404656,25.02379911596465,25.256336212158203,1427000,0.0,0.0
2007-02-07,25.198200195523256,25.514712908197055,25.172364384261495,25.43720054626465,1405800,0.0,0.0
2007-02-08,25.340312195547074,25.430743709242556,25.165907505959815,25.39198875427246,2294300,0.0,0.0
2007-02-09,25.301551441556175,25.44365949524606,25.081933488142518,25.22403907775879,1314300,0.0,0.0
2007-02-12,25.29509214472235,25.353227031382726,25.107768347252957,25.12068748474121,1817200,0.0,0.0
2007-02-13,25.120690539709777,25.25633780372244,24.901070103848113,25.172367095947266,2162500,0.0,0.0
2007-02-14,25.19175002172837,25.508262836963315,25.14653425727686,25.430747985839844,1500200,0.0,0.0
2007-02-15,25.391974155447,25.592214545197084,25.314459361925167,25.37905502319336,1591200,0.0,0.0
2007-02-16,25.32738948449908,25.57930651257814,25.320931147606057,25.514713287353516,1725100,0.0,0.0
2007-02-20,25.437197288593282,25.74078836064579,25.38552074454071,25.67619514465332,1472700,0.0,0.0
2007-02-21,25.55992467117215,25.727870970582003,25.55346633538247,25.695571899414062,1398500,0.0,0.0
2007-02-22,25.67619191311042,25.773084188977744,25.54700303331163,25.702030181884766,1646900,0.0,0.0
2007-02-23,25.926944845146952,25.933462972578475,25.32717515913302,25.47711944580078,1918700,0.365,0.0
2007-02-26,25.490157493310413,25.522755593417667,25.314140684537826,25.3402156829834,1657000,0.0,0.0
2007-02-27,25.34021270633159,25.346733320341432,24.3949251126371,24.65569496154785,2483800,0.0,0.0
2007-02-28,24.662228915651927,24.799132041284096,24.401458925687574,24.590517044067383,2783900,0.0,0.0
2007-03-01,24.277586628718932,24.707855230982553,23.971182363495128,24.557910919189453,2460400,0.0,0.0
2007-03-02,24.551386195047222,24.707848593331136,24.39492379676331,24.512269973754883,1719400,0.0,0.0
2007-03-05,24.47315792375383,24.544869757616084,24.1015625,24.1015625,2286500,0.0,0.0
2007-03-06,24.225431689104155,24.473162850439277,24.10156735187966,24.41448974609375,2522100,0.0,0.0
2007-03-07,24.323220017686605,24.407968119541238,24.166757583618164,24.166757583618164,1606600,0.0,0.0
2007-03-08,24.290616861366413,24.53834796089152,24.16675255504661,24.531829833984375,1857700,0.0,0.0
2007-03-09,24.610070044540667,24.773050640862127,24.55139693038948,24.73393440246582,2250200,0.0,0.0
2007-03-12,24.733930231963587,24.733930231963587,24.453603454606945,24.557910919189453,1174500,0.0,0.0
2007-03-13,24.42752850411392,24.42752850411392,23.899470564700103,23.905988693237305,2397500,0.0,0.0
2007-03-14,23.91902743719783,24.029855517419257,23.4300857296656,23.905988693237305,3112500,0.0,0.0
2007-03-15,23.899468877287404,24.2775849647876,23.892950749210414,24.02985382080078,1932200,0.0,0.0
2007-03-16,24.101562925217305,24.251504722808477,23.97769612385693,24.049407958984375,2074400,0.0,0.0
2007-03-19,24.1797909520226,24.45359704216955,24.095040382121436,24.421001434326172,1482800,0.0,0.0
2007-03-20,24.460125165318185,24.831720679963457,24.38189518509977,24.792604446411133,2320800,0.0,0.0
2007-03-21,24.72741247368771,25.405412247068895,24.577470646535627,25.3076229095459,2069400,0.0,0.0
2007-03-22,25.28154056622417,25.320656791098724,25.014252580128908,25.059886932373047,1365800,0.0,0.0
2007-03-23,25.066402496120116,25.19678739921233,24.98817254901886,25.131593704223633,1205600,0.0,0.0
2007-03-26,25.06641110738386,25.09900672263345,24.733929365934355,25.020776748657227,1353500,0.0,0.0
2007-03-27,24.903428055229064,25.00121489120434,24.805638732368003,24.870832443237305,1420900,0.0,0.0
2007-03-28,24.8708256034876,24.8708256034876,24.388402223269612,24.394920349121094,2044700,0.0,0.0
2007-03-29,24.55791893015664,24.68830392513882,24.512284554945918,24.590517044067383,1938900,0.0,0.0
2007-03-30,24.590518550078325,24.64267105913304,24.26455728610332,24.42753791809082,1545900,0.0,0.0
2007-04-02,24.421007516407116,24.421007516407116,24.15371948650625,24.23847007751465,1757500,0.0,0.0
2007-04-03,24.303666741163333,24.62962794739948,24.297148611268735,24.623109817504883,1809600,0.0,0.0
2007-04-04,24.57747107268926,24.675257925021647,24.42752924293731,24.473163604736328,976100,0.0,0.0
2007-04-05,24.453607006336764,24.54487822712838,24.329742651306443,24.518800735473633,907100,0.0,0.0
2007-04-09,24.525316095269694,24.525316095269694,24.166759329611878,24.473163604736328,1640300,0.0,0.0
2007-04-10,24.42753002403868,24.675258714044457,24.407970663437805,24.597028732299805,1692200,0.0,0.0
2007-04-11,24.597027187663773,24.642661548056278,24.29062292198313,24.41448974609375,2347700,0.0,0.0
2007-04-12,24.414486466133614,24.414486466133614,24.14067785367723,24.349292755126953,2112300,0.0,0.0
2007-04-13,24.323211585330487,24.51226708206043,24.2384610259711,24.479671478271484,2011200,0.0,0.0
2007-04-16,24.70785761949316,25.39889370657251,24.642663893522986,25.151165008544922,3869100,0.0,0.0
2007-04-17,24.5513901226457,24.5513901226457,23.501794975471125,23.70389175415039,7516600,0.0,0.0
2007-04-18,23.7169263145354,24.010291752214663,23.690848834100485,23.82123374938965,3225400,0.0,0.0
2007-04-19,23.697371203682746,23.788642401546678,23.560468137215633,23.625661849975586,2784400,0.0,0.0
2007-04-20,23.81471835776567,24.049410759370815,23.66477654271482,23.951623916625977,3424800,0.0,0.0
2007-04-23,23.977698915893026,24.10156573167683,23.85383458699518,23.951623916625977,2024700,0.0,0.0
2007-04-24,23.945095770169946,23.964652635190482,23.593057278489244,23.710403442382812,3216100,0.0,0.0
2007-04-25,23.71041373036343,23.814721200540735,23.606106260186127,23.769086837768555,3352200,0.0,0.0
2007-04-26,23.61914151526338,23.762565198149716,23.397487863023535,23.52135467529297,5715500,0.0,0.0
2007-04-27,23.27361645963498,23.684328025885016,23.149749685036088,23.53438377380371,3204700,0.0,0.0
2007-04-30,23.50179439090717,23.5539493596765,23.18887203894854,23.260583877563477,3624800,0.0,0.0
2007-05-01,23.156271812582276,23.33880919312931,22.973734432035243,23.280136108398438,2804600,0.0,0.0
2007-05-02,23.221462210999945,23.5409051026632,23.20842347186214,23.52786636352539,2486400,0.0,0.0
2007-05-03,23.61914051809782,23.762564194929016,23.358373135633382,23.632179260253906,2608400,0.0,0.0
2007-05-04,23.74300751386078,23.782123744737067,23.6387000517434,23.690855026245117,1895300,0.0,0.0
2007-05-07,23.69085570738843,23.85383627706312,23.638700731387186,23.8277587890625,1560000,0.0,0.0
2007-05-08,23.73648318141888,23.886424963591523,23.710405700983966,23.82123374938965,1403300,0.0,0.0
2007-05-09,23.749522219375155,24.101560749003646,23.684331004356,24.010292053222656,2310000,0.0,0.0
2007-05-10,24.010290144478066,24.075481354314718,23.782115936279297,23.782115936279297,2694400,0.0,0.0
2007-05-11,23.89946566694766,23.98421624187997,23.67781203881474,23.88642692565918,2359800,0.0,0.0
2007-05-14,23.827756142316794,23.88642924035782,23.573506879767624,23.625661849975586,2050600,0.0,0.0
2007-05-15,23.716933130454617,23.827758723824633,23.49527945682846,23.54743194580078,2701000,0.0,0.0
2007-05-16,23.580031511607256,23.834283331171772,23.580031511607256,23.81472396850586,1489200,0.0,0.0
2007-05-17,23.925551648925428,24.121127863958602,23.912512903005016,23.932069778442383,1931900,0.0,0.0
2007-05-18,24.05592640111315,24.082001394989547,23.964655218446715,24.010292053222656,1816600,0.0,0.0
2007-05-21,23.892946559785514,23.990733385109994,23.79515724757552,23.853830337524414,2284600,0.0,0.0
2007-05-22,23.827760555725998,23.834281171652677,23.547433756150348,23.77560806274414,2628700,0.0,0.0
2007-05-23,23.78863944014083,23.827753176041742,23.671293258666992,23.671293258666992,2239200,0.0,0.0
2007-05-24,23.648249662446794,23.747031994632962,23.450687510213516,23.47702980041504,2357500,0.365,0.0
2007-05-25,23.490193675324107,23.582391672354273,23.345316132839518,23.523122787475586,1602300,0.0,0.0
2007-05-29,23.556050141209436,23.588976742275914,23.45068351051353,23.516536712646484,2096900,0.0,0.0
2007-05-30,23.43093475290285,23.5955703174551,23.338736726556537,23.529714584350586,1878100,0.0,0.0
2007-05-31,23.582394428683134,23.621905348461294,23.384829781236956,23.450685501098633,2319700,0.0,0.0
2007-06-01,23.450684776855667,24.03678684875994,23.450684776855667,23.858980178833008,3244400,0.0,0.0
2007-06-04,23.839222788292815,23.839222788292815,23.687758417767427,23.766782760620117,2339500,0.0,0.0
2007-06-05,23.773370673967534,23.86556868541176,23.562637386372902,23.621906280517578,2460500,0.0,0.0
2007-06-06,23.621907975795086,23.621907975795086,23.36507692011578,23.38483238220215,2794700,0.0,0.0
2007-06-07,23.384835311946322,23.384835311946322,23.12141990661621,23.12141990661621,3019900,0.0,0.0
2007-06-08,23.1280003790107,23.351904817993393,23.062147166661273,23.338733673095703,2118700,0.0,0.0
2007-06-11,23.33873587949048,23.457273682636984,23.20702944234037,23.417762756347656,2190300,0.0,0.0
2007-06-12,23.417758595796766,23.496782946474706,23.12141414058098,23.154340744018555,2605400,0.0,0.0
2007-06-13,23.226786738057854,23.569229028372895,23.174102149329634,23.54288673400879,2061500,0.0,0.0
2007-06-14,23.516533118519494,23.687755437318383,23.41775333041698,23.569217681884766,1743600,0.0,0.0
2007-06-15,23.648249832630295,23.905080883595733,23.648249832630295,23.747032165527344,2335600,0.0,0.0
2007-06-18,23.74702431608668,23.885317526719273,23.73385317524478,23.819461822509766,1226400,0.0,0.0
2007-06-19,23.753620140141376,23.944598006678984,23.68776691616125,23.845815658569336,1666800,0.0,0.0
2007-06-20,23.937998509822766,23.937998509822766,23.43092342679588,23.463850021362305,2264300,0.0,0.0
2007-06-21,23.424347073349455,23.496787121065573,23.187271467056448,23.417762756347656,1526100,0.0,0.0
2007-06-22,23.411168942077612,23.411168942077612,23.00287358202792,23.042387008666992,2501900,0.0,0.0
2007-06-25,23.08190263986182,23.325562540247407,22.85141388438073,22.93702507019043,1669800,0.0,0.0
2007-06-26,23.05555159741762,23.16091820451397,22.88433180293783,22.98969841003418,1887800,0.0,0.0
2007-06-27,22.877749422819875,23.101653795842623,22.732869383764484,23.08189582824707,1907900,0.0,0.0
2007-06-28,22.98971070691031,23.14776195816328,22.778977379999287,23.00946617126465,2429100,0.0,0.0
2007-06-29,23.01604725119023,23.042389538508417,22.48921406552042,22.607751846313477,3044100,0.0,0.0
2007-07-02,22.746048142803286,23.108245849609375,22.7394613140193,23.108245849609375,2843000,0.0,0.0
2007-07-03,23.108247706258204,23.299225562111914,23.02263651016183,23.14117431640625,743600,0.0,0.0
2007-07-05,23.220191148196534,23.220191148196534,22.923849240888288,23.042387008666992,1727400,0.0,0.0
2007-07-06,23.08190637385601,23.09507752089122,22.864588728123614,23.00288200378418,1472700,0.0,0.0
2007-07-09,22.904095634797105,22.95019338525519,22.719704632964767,22.76580238342285,2945100,0.0,0.0
2007-07-10,22.667021790108876,22.68677976477485,22.30482407499561,22.311410903930664,2834100,0.0,0.0
2007-07-11,22.311409063658424,22.48921574815141,22.192871273996435,22.462873458862305,2713200,0.0,0.0
2007-07-12,22.59457529205481,23.121408351566785,22.46286639914227,23.09506607055664,2294100,0.0,0.0
2007-07-13,23.042389953237684,23.444098537445665,22.963363089860756,23.239952087402344,2736900,0.0,0.0
2007-07-16,23.121414937939168,23.345319366030502,23.068730360911132,23.11482810974121,2152500,0.0,0.0
2007-07-17,23.970940472020196,24.4121626025394,23.523131511772338,24.175086975097656,6370500,0.0,0.0
2007-07-18,24.03679455457154,24.42533462182965,23.78654777087829,24.10264778137207,5409000,0.0,0.0
2007-07-19,24.267275801639133,24.405571554266622,24.082884814320874,24.22117805480957,4808100,0.0,0.0
2007-07-20,24.188252296410077,24.28044779328902,23.687761379579154,23.83922576904297,4037500,0.0,0.0
2007-07-23,24.01044663083089,24.12898442099768,23.826055629299887,23.852397918701172,3096700,0.0,0.0
2007-07-24,23.826056353098462,24.201425195983408,23.332149716445738,23.47702980041504,7276000,0.0,0.0
2007-07-25,23.661415344379417,24.02361295853604,23.397997527462703,23.80629539489746,4592800,0.0,0.0
2007-07-26,23.226782645399158,23.575809191735527,22.857998125701418,23.18726921081543,5465500,0.0,0.0
2007-07-27,23.16092226430718,23.358486885364027,22.86458035699894,23.042387008666992,6775700,0.0,0.0
2007-07-30,23.075319352058965,23.457272522758725,22.792146004337475,23.318979263305664,3754100,0.0,0.0
2007-07-31,23.582392775182647,23.700930550483434,22.80531292027246,22.844823837280273,3758000,0.0,0.0
2007-08-01,22.719697209902602,23.042383869818824,22.456279425802087,22.97652816772461,4466400,0.0,0.0
2007-08-02,22.97652910268874,23.35848465396326,22.792138153598017,23.055553436279297,3446900,0.0,0.0
2007-08-03,23.42434397488208,23.42434397488208,21.922868683153798,21.955795288085938,4582900,0.0,0.0
2007-08-06,22.06116640657852,23.50337309714584,21.89653083638017,23.490201950073242,5552600,0.0,0.0
2007-08-07,23.483605821958065,24.240930068843905,23.174090301765702,23.918243408203125,5607000,0.0,0.0
2007-08-08,23.94459414686624,24.372645058015163,22.238969794473277,23.47702980041504,6308200,0.0,0.0
2007-08-09,22.258720125172164,23.10165563234136,21.59359377980671,22.021644592285156,7151200,0.0,0.0
2007-08-10,21.96237200663791,22.449694132323632,21.626516733092256,21.922861099243164,5699400,0.0,0.0
2007-08-13,22.166521510870332,22.317985855005315,21.718712792498156,21.79773712158203,4629400,0.0,0.0
2007-08-14,21.837250866104398,21.955788617557545,21.152366638183594,21.152366638183594,4017500,0.0,0.0
2007-08-15,21.19847006151255,21.69237665438027,20.790174648140773,20.87578582763672,4158300,0.0,0.0
2007-08-16,20.711153123641584,22.60116857359344,20.665054113583352,22.311410903930664,5432600,0.0,0.0
2007-08-17,22.706533478280065,23.648248972320314,22.38384922521505,22.673606872558594,5389800,0.0,0.0
2007-08-20,22.69336187345556,22.910681988661292,21.86359987025854,22.19945526123047,2810100,0.0,0.0
2007-08-21,22.03481384342982,22.904089047992912,22.021642702495438,22.71311378479004,2143400,0.0,0.0
2007-08-22,22.89750830098358,22.976532646763452,22.2850639688776,22.601163864135742,2641200,0.0,0.0
2007-08-23,22.69994716557119,22.77238719907085,22.357504969479283,22.739458084106445,2395500,0.0,0.0
2007-08-24,22.69620111988513,22.92249766502377,22.4299715331782,22.889219284057617,1698800,0.365,0.0
2007-08-27,22.79603739335154,22.882563209699875,22.616331100463867,22.616331100463867,1465200,0.0,0.0
2007-08-28,22.376711340842306,22.44327060382282,21.857561784475646,21.91080665588379,2044800,0.0,0.0
2007-08-29,22.063895885372926,22.416651159807895,21.644581335305205,22.396684646606445,1986100,0.0,0.0
2007-08-30,22.203663604077764,22.376712619765037,21.91746510434479,22.110483169555664,1789000,0.0,0.0
2007-08-31,22.350101744576154,22.489872460725763,21.937441717404564,22.163738250732422,2134000,0.0,0.0
2007-09-04,22.010658126542726,22.350104233829274,21.977379743607035,22.210330963134766,1830500,0.0,0.0
2007-09-05,21.970721387982152,22.050592549600072,21.65124435844368,21.850919723510742,1746600,0.0,0.0
2007-09-06,21.884193398255086,21.96406200371863,21.578025755853314,21.83094596862793,1919300,0.0,0.0
2007-09-07,21.817630037482346,21.817630037482346,21.438251058645804,21.504810333251953,2018500,0.0,0.0
2007-09-10,21.631274033417505,21.791013789583516,21.21861532405115,21.53809356689453,2253000,0.0,0.0
2007-09-11,21.7044879704627,22.197014018660795,21.564717270755995,21.744421005249023,2403900,0.0,0.0
2007-09-12,21.70448588063733,21.817632853607225,21.504813108999425,21.6778621673584,1844000,0.0,0.0
2007-09-13,21.864225287842643,21.90416086178942,21.697830871530364,21.804323196411133,1857900,0.0,0.0
2007-09-14,21.737766544630915,22.037277003154653,21.54474841147369,21.864225387573242,1905700,0.0,0.0
2007-09-17,21.830947110989108,22.0572436207917,21.604650601186517,21.92412757873535,2349000,0.0,0.0
2007-09-18,21.990680874084983,23.255276581418986,21.771039083724837,23.22199821472168,4519700,0.0,0.0
2007-09-19,23.295218477417624,23.6879094047389,23.082233825885133,23.321842193603516,2819500,0.0,0.0
2007-09-20,23.36843631619798,23.36843631619798,22.66292295373081,22.749448776245117,2172600,0.0,0.0
2007-09-21,22.822656864501372,22.829311523453857,22.28353808617481,22.42996597290039,3167800,0.0,0.0
2007-09-24,22.336784469995393,22.343439128636934,21.85091314189988,21.884191513061523,2464800,0.0,0.0
2007-09-25,21.604647396171362,21.95740523613621,21.604647396171362,21.764387130737305,1819400,0.0,0.0
2007-09-26,21.857563634223673,21.96405592502839,21.637921856264676,21.70448112487793,1825500,0.0,0.0
2007-09-27,21.777703765950157,21.857572381271705,21.511471662908335,21.791015625,1900700,0.0,0.0
2007-09-28,21.704488377846438,21.764390470127548,21.41163257603776,21.51812744140625,2555400,0.0,0.0
2007-10-01,22.003997020273577,22.003997020273577,21.41828800405167,21.837602615356445,2093300,0.0,0.0
2007-10-02,21.850913248923852,22.143766471148446,21.751075595972956,21.944093704223633,3030400,0.0,0.0
2007-10-03,21.96405948873466,22.476554514815696,21.89084555086924,22.243600845336914,2443400,0.0,0.0
2007-10-04,22.263572301868773,22.416654852576773,22.17704649878089,22.283538818359375,1285400,0.0,0.0
2007-10-05,22.31016237113387,22.66291770112007,22.31016237113387,22.4765567779541,1800300,0.0,0.0
2007-10-08,22.390030953591193,22.509835129502733,22.15042260176811,22.216981887817383,1167000,0.0,0.0
2007-10-09,22.316816434702364,22.376718521118164,22.05058691428098,22.376718521118164,1486400,0.0,0.0
2007-10-10,22.296852880530913,22.336788456438363,22.090522880141886,22.203672409057617,1742200,0.0,0.0
2007-10-11,22.310163670840577,22.58970507187457,22.003998553809836,22.117145538330078,2421500,0.0,0.0
2007-10-12,22.05058659482532,22.210323796968556,21.91747056705459,21.990684509277344,1803300,0.0,0.0
2007-10-15,21.6978313400714,21.944096909595068,21.35173318096827,21.531436920166016,3873100,0.0,0.0
2007-10-16,20.81260879562422,21.052215833131374,20.20693337026414,20.26017951965332,6797400,0.0,0.0
2007-10-17,20.419917321212214,20.419917321212214,19.501419686473152,19.60125732421875,5050100,0.0,0.0
2007-10-18,19.201916283683882,19.927396054999193,19.00889814751344,19.661165237426758,4621200,0.0,0.0
2007-10-19,19.62123037726864,19.887461204537054,19.055489075892808,19.09542465209961,4680000,0.0,0.0
2007-10-22,18.99558527562348,19.474800689655744,18.882437033068687,19.16197967529297,3743100,0.0,0.0
2007-10-23,19.18859777979626,19.348336215017095,18.86912090935459,19.22187614440918,2842200,0.0,0.0
2007-10-24,19.228540347177717,19.228540347177717,18.476438065622702,18.9090633392334,3886500,0.0,0.0
2007-10-25,18.88909791326254,19.301756718932083,18.569620865350664,18.73601531982422,2958700,0.0,0.0
2007-10-26,19.34168782516767,19.434869567473257,18.68276604705834,19.002243041992188,3925800,0.0,0.0
2007-10-29,19.108736151826403,19.128703940881216,18.77594728451221,18.9090633392334,2476100,0.0,0.0
2007-10-30,18.909062771085605,19.06214534077326,18.789258579333964,18.862472534179688,1727300,0.0,0.0
2007-10-31,18.975616595332625,19.155322843173952,18.569613873058916,18.93568229675293,3852400,0.0,0.0
2007-11-01,18.682762573005185,18.78925488484759,18.003873132893467,18.050464630126953,4264700,0.0,0.0
2007-11-02,18.070439665492565,18.123685846519674,17.371583380825587,17.484731674194336,5175100,0.0,0.0
2007-11-05,17.105347195420993,17.697710935176307,17.105347195420993,17.511348724365234,4359100,0.0,0.0
2007-11-06,17.524661836853046,18.2102073658121,17.518005907116883,18.136993408203125,4470300,0.0,0.0
2007-11-07,17.75095862592553,17.897385273766407,17.058757157247623,17.112003326416016,4614100,0.0,0.0
2007-11-08,17.131966154644875,17.584559096253653,16.938949323363744,17.531312942504883,5997800,0.0,0.0
2007-11-09,17.305017147424085,18.070431113508604,17.058752883289653,17.637805938720703,4991700,0.0,0.0
2007-11-12,17.644460761275525,18.48308861513283,17.564590897794083,17.80419921875,3544200,0.0,0.0
2007-11-13,17.94397066947292,18.616204167197875,17.910692298783836,18.58292579650879,3685500,0.0,0.0
2007-11-14,18.656139727610594,18.982272584283447,18.03715238494006,18.070430755615234,2744800,0.0,0.0
2007-11-15,18.037154706322458,18.057121223501866,17.078722527563368,17.225149154663086,4388000,0.0,0.0
2007-11-16,17.37823175102034,17.37823175102034,16.852424831348745,16.97222900390625,3868900,0.0,0.0
2007-11-19,16.83245625206458,16.93894855472985,16.260059173122457,16.65275001525879,4103900,0.0,0.0
2007-11-20,16.639440366749046,17.005507547022102,15.860714506805648,16.4197998046875,5024000,0.0,0.0
2007-11-21,16.253409087282154,16.72596869151952,15.893996484491337,16.359901428222656,4088500,0.0,0.0
2007-11-23,16.90376854348524,17.086183617872496,16.55245090880406,16.924036026000977,1524500,0.365,0.0
2007-11-26,16.957818603526135,16.964574861087673,15.822793105675075,15.856573104858398,3444200,0.0,0.0
2007-11-27,16.079515716548514,16.620004430294074,16.032223227928306,16.49163818359375,4937300,0.0,0.0
2007-11-28,16.647037338528712,17.586136529474093,16.538939793885618,17.54559898376465,4620100,0.0,0.0
2007-11-29,17.525326459674034,17.525326459674034,16.890252601059476,17.18076515197754,3255000,0.0,0.0
2007-11-30,17.69422532193993,18.22120026925883,17.599639050694588,17.79556655883789,5057300,0.0,0.0
2007-12-03,17.87663222829272,17.87663222829272,17.302365008253787,17.3429012298584,4296900,0.0,0.0
2007-12-04,17.234813299454387,17.349667064626132,16.842959504507956,16.85647201538086,3679200,0.0,0.0
2007-12-05,16.978080098934395,17.255081406753746,16.761885087720778,17.018617630004883,4112200,0.0,0.0
2007-12-06,17.011857210249527,17.45775963387473,16.80917347038669,17.41046714782715,5024200,0.0,0.0
2007-12-07,17.410472700964917,17.565862715718822,16.991593869210906,17.079423904418945,4173100,0.0,0.0
2007-12-10,17.092940261115945,17.70774553773646,17.079429034323006,17.49155044555664,2960000,0.0,0.0
2007-12-11,17.48479246471968,17.48479246471968,16.24842577561406,16.288963317871094,5881000,0.0,0.0
2007-12-12,16.734864850531483,17.106449942578536,15.343106920097968,15.680912017822266,7980400,0.0,0.0
2007-12-13,15.593083259408587,15.75522955168135,15.113400639179694,15.680912017822266,5473600,0.0,0.0
2007-12-14,15.579567604108261,15.69442136571553,15.248518829739998,15.316080093383789,4138700,0.0,0.0
2007-12-17,15.221495854535243,15.471470867239292,15.045837075774134,15.187714576721191,5407700,0.0,0.0
2007-12-18,15.329593366292235,15.437690878049226,14.762080785256035,15.187714576721191,4437400,0.0,0.0
2007-12-19,15.275542584557043,15.383640081978044,14.958005058337013,15.072858810424805,4525200,0.0,0.0
2007-12-20,15.214742583898424,15.214742583898424,14.566156097488623,14.802619934082031,5488000,0.0,0.0
2007-12-21,14.214837284123249,15.849812507629393,14.214837284123249,15.849812507629395,10594900,0.0,0.0
2007-12-24,15.74847173722138,16.066009322390236,15.74847173722138,16.038984298706055,2550000,0.0,0.0
2007-12-26,15.957910525945877,16.383544305866636,15.782251751949133,16.160593032836914,3756700,0.0,0.0
2007-12-27,16.147080112271833,16.174105133104195,15.94439761052479,15.984933853149414,3829000,0.0,0.0
2007-12-28,16.160594983030016,16.23491251254957,15.91061865831595,15.978179931640625,2927900,0.0,0.0
2007-12-31,15.897108303684822,16.045742082226003,15.539034437524128,15.843059539794922,3107800,0.0,0.0
2008-01-02,15.897106032978016,15.917373511151656,15.356617182657052,15.403909683227539,5610200,0.0,0.0
2008-01-03,15.43769011021783,15.56605638227864,15.275543850647084,15.316080093383789,4097300,0.0,0.0
2008-01-04,15.207984155263683,15.207984155263683,14.667495279001598,14.755325317382812,5323600,0.0,0.0
2008-01-07,14.816128724671842,15.268787513443868,14.708031218871708,15.018811225891113,4522000,0.0,0.0
2008-01-08,15.120152502386944,15.153933778397269,14.505347453862152,14.53237247467041,8084800,0.0,0.0
2008-01-09,14.525619539352748,15.180960980246738,14.390496981676526,15.140424728393555,6411500,0.0,0.0
2008-01-10,14.985027434513327,15.903857289187286,14.674246217763892,15.572807312011719,7125100,0.0,0.0
2008-01-11,15.417422676749345,16.093032794318546,15.201227645307045,15.694422721862793,5370800,0.0,0.0
2008-01-14,15.856565998667719,15.951152273515625,15.539029767326907,15.944396018981934,4815400,0.0,0.0
2008-01-15,15.768741507986222,15.768741507986222,14.755326250602142,14.856667518615723,6632500,0.0,0.0
2008-01-16,14.809366363154142,15.417414904719989,14.7215376591398,15.194463729858398,7271400,0.0,0.0
2008-01-17,15.268792134936955,15.302572132489914,14.37698679784605,14.43779182434082,5680400,0.0,0.0
2008-01-18,14.56616081628856,14.80938098856298,13.991891680987658,14.255380630493164,8092400,0.0,0.0
2008-01-22,13.174397157367906,16.54569145479794,12.836592102050782,16.045740127563477,13231100,0.0,0.0
2008-01-23,15.457957854301656,17.815838135595087,15.25527534849298,17.21454429626465,11991900,0.0,0.0
2008-01-24,17.275354492697073,17.423989577633808,16.653792989334857,16.971330642700195,6579800,0.0,0.0
2008-01-25,17.16724794115389,18.227955307955718,16.55919927169171,16.9105167388916,6415300,0.0,0.0
2008-01-28,16.89701444118327,17.36994089714031,16.491647987059782,17.28211212158203,4763700,0.0,0.0
2008-01-29,17.46451758127385,17.484785055189345,17.005102606041312,17.363176345825195,4579700,0.0,0.0
2008-01-30,17.322639453415487,17.842859446641775,17.106444466262683,17.302371978759766,7135900,0.0,0.0
2008-01-31,16.99835046788884,17.836106859677393,16.674057920478567,17.66044807434082,8012700,0.0,0.0
2008-02-01,17.640183911281813,17.896915237415833,17.0794274594141,17.84962272644043,5567400,0.0,0.0
2008-02-04,17.8293445870032,18.396856997765113,17.518564656103088,17.59288215637207,5566900,0.0,0.0
2008-02-05,17.295620211745703,17.646937801331536,17.00510763915065,17.160497665405273,5763600,0.0,0.0
2008-02-06,17.25508163887866,17.42398415473946,16.822690322010743,16.883495330810547,4388600,0.0,0.0
2008-02-07,16.822693227575435,17.28886461268165,16.640278169669852,17.099693298339844,3607600,0.0,0.0
2008-02-08,17.03888513842952,17.03888513842952,16.349763861067565,16.65378761291504,3451800,0.0,0.0
2008-02-11,16.505152383600162,16.56595738623848,16.066006144586353,16.261932373046875,3508600,0.0,0.0
2008-02-12,16.32949958076106,16.96457356828099,16.32949958076106,16.924036026000977,5631900,0.0,0.0
2008-02-13,17.03213081901224,17.24832714382125,16.498399484508656,16.755130767822266,2972400,0.0,0.0
2008-02-14,16.72810971666148,16.788914741422758,16.275450803785414,16.288963317871094,3904300,0.0,0.0
2008-02-15,16.309232433844734,16.464623784144887,15.971427279615146,16.444355010986328,3423500,0.0,0.0
2008-02-19,16.599733619258632,16.714587343995454,15.917367523895575,16.005197525024414,5080900,0.0,0.0
2008-02-20,15.268787254851945,15.978177285729092,14.883689735882987,15.822787284851074,6427100,0.0,0.0
2008-02-21,15.768734351624774,16.00519806209101,15.505246916643754,15.559295654296875,3796400,0.0,0.0
2008-02-22,15.667394901959131,16.214638593681237,15.403906148547696,16.180858612060547,4413100,0.0,0.0
2008-02-25,16.16059321966752,16.437593250312144,15.755226912575102,16.390300750732422,4652100,0.0,0.0
2008-02-26,16.295717025563718,16.6470333164605,16.126814491789162,16.370033264160156,3768900,0.0,0.0
2008-02-27,16.23491281235111,16.815936680974918,16.15383902513953,16.538936614990234,4040900,0.0,0.0
2008-02-28,16.390297196394744,16.424077177733725,15.809272239273682,15.883589744567871,5490600,0.0,0.0
2008-02-29,15.65359369100353,15.928219198521623,15.02195738083257,15.138672828674316,6147300,0.375,0.0
2008-03-03,15.035691633198429,15.076884942960085,14.671814996199007,14.84345531463623,3249000,0.0,0.0
2008-03-04,14.678669929504396,14.795385322669075,14.225539887691136,14.678669929504395,5140300,0.0,0.0
2008-03-05,14.81598565130504,15.070013785894181,14.452107866491168,14.582554817199707,4891900,0.0,0.0
2008-03-06,14.438379831250886,14.534497962391558,14.074501991271973,14.074501991271973,3501300,0.0,0.0
2008-03-07,13.992116473261428,14.685543432166355,13.868536559075448,14.376591682434082,4702800,0.0,0.0
2008-03-10,14.37659233645114,14.651216562987937,14.012714417845128,14.335397720336914,6696900,0.0,0.0
2008-03-11,14.699274586171997,15.660459964965916,14.699274586171997,15.639863967895508,6609500,0.0,0.0
2008-03-12,15.488818389501224,16.237170109697384,15.00136062636117,15.00822639465332,4998700,0.0,0.0
2008-03-13,14.822859894272797,15.468227940516536,14.404057044862984,15.372108459472656,4818200,0.0,0.0
2008-03-14,15.488815086309293,15.742843220898433,14.355989749922312,14.582554817199707,7899900,0.0,0.0
2008-03-17,14.19808698753199,14.829723395607298,13.861672129140269,14.630620002746582,7482900,0.0,0.0
2008-03-18,14.93956865258979,15.83896326428313,14.664944493619833,15.344639778137207,5499100,0.0,0.0
2008-03-19,15.633004351951852,15.866435347042522,15.02882954953646,15.111217498779297,5534500,0.0,0.0
2008-03-20,15.124946675983217,16.16851890957537,14.843456633496357,16.11359405517578,7523000,0.0,0.0
2008-03-24,16.16851021566995,16.978652364579407,16.141048457992422,16.525522232055664,6363200,0.0,0.0
2008-03-25,16.546123645352843,16.5735854098566,16.099859168697336,16.484333038330078,3960000,0.0,0.0
2008-03-26,16.33329445830128,16.33329445830128,15.50942034913789,15.62613582611084,4151500,0.0,0.0
2008-03-27,15.639861536774816,15.722248131272982,14.857181031974385,15.186731338500977,7824300,0.0,0.0
2008-03-28,15.30344673083994,15.3995648606666,14.939568895835544,15.021955490112305,5175400,0.0,0.0
2008-03-31,15.042553788046273,15.495684015063215,14.932704115406494,15.070016860961914,4400500,0.0,0.0
2008-04-01,15.660461304276472,16.17538222725783,15.454493458888578,16.127323150634766,4812300,0.0,0.0
2008-04-02,16.141059148597552,17.095379103782726,16.141059148597552,16.710905075073242,7777900,0.0,0.0
2008-04-03,16.63537259385302,16.93059403121213,16.347016923584953,16.765819549560547,4549700,0.0,0.0
2008-04-04,16.83448430690722,16.89627493203261,16.223443826168555,16.285234451293945,2985500,0.0,0.0
2008-04-07,16.491198959081448,16.772688922778794,16.34015466962627,16.50493049621582,2476200,0.0,0.0
2008-04-08,16.42254492883451,16.48433554525434,16.07239853895935,16.319561004638672,4134300,0.0,0.0
2008-04-09,16.484333656434938,16.57358603130811,16.08612823486328,16.08612823486328,3042000,0.0,0.0
2008-04-10,16.05179864060893,16.70403223780761,15.93508319614742,16.463735580444336,4018200,0.0,0.0
2008-04-11,16.23030134434503,16.580447605518863,16.038065105708448,16.209705352783203,4473500,0.0,0.0
2008-04-14,16.0243363212352,16.127320225248567,15.227925542915129,15.255387306213379,6054100,0.0,0.0
2008-04-15,15.29658843191726,15.811509480856655,15.269125347408092,15.60554027557373,4284900,0.0,0.0
2008-04-16,15.941956821307157,16.710906241930857,15.941956821307157,16.614788055419922,6059600,0.0,0.0
2008-04-17,16.813884318182453,16.813884318182453,15.454493400895572,16.278366088867188,7286300,0.0,0.0
2008-04-18,16.73836295889539,17.321940292365344,16.73836295889539,16.944332122802734,5131500,0.0,0.0
2008-04-21,16.83448219582912,16.95806343058257,15.646731545386183,15.907624244689941,6579400,0.0,0.0
2008-04-22,15.804647946897918,16.031213216792096,15.58494844997172,15.87330436706543,4436800,0.0,0.0
2008-04-23,15.887029886605683,16.031208457101847,15.598674055125258,15.756584167480469,3567400,0.0,0.0
2008-04-24,15.797771128339196,16.477466462787827,15.797771128339196,16.30582618713379,5474300,0.0,0.0
2008-04-25,16.463742544718297,16.78642725035103,16.065536973319766,16.710905075073242,3726100,0.0,0.0
2008-04-28,16.820748337746785,16.820748337746785,16.463736222009814,16.621644973754883,2912500,0.0,0.0
2008-04-29,16.669703732990303,16.752090330445984,16.450003084248657,16.5804500579834,1757500,0.0,0.0
2008-04-30,16.649108881628894,17.012986784280407,16.511796119625274,16.566720962524414,3263900,0.0,0.0
2008-05-01,16.546121201953266,17.692678182544718,16.546121201953266,17.582828521728516,3835400,0.0,0.0
2008-05-02,17.78879752449752,17.932976032619965,17.376860613519412,17.493576049804688,3409200,0.0,0.0
2008-05-05,17.4592475664196,17.624022059913536,17.184623410596366,17.376859664916992,2338100,0.0,0.0
2008-05-06,17.191492131661448,17.596562012646757,16.910000850382545,17.431787490844727,3011800,0.0,0.0
2008-05-07,17.40432773517596,17.548504967335713,16.65597587712634,16.724632263183594,3383900,0.0,0.0
2008-05-08,16.82074768226912,16.827613450709375,16.29896106641246,16.463735580444336,3531400,0.0,0.0
2008-05-09,16.25090267432098,16.84821145841006,16.134187224993756,16.47060203552246,2702500,0.0,0.0
2008-05-12,16.54612612099489,16.88940674047814,16.518663042870642,16.875675201416016,2293400,0.0,0.0
2008-05-13,16.978664795503928,16.978664795503928,16.573593424476314,16.614788055419922,2364100,0.0,0.0
2008-05-14,16.752096239261892,17.061049362473337,16.614784758566,16.923736572265625,2810900,0.0,0.0
2008-05-15,16.964924674675583,17.273877702990813,16.78641993555058,17.225818634033203,2851900,0.0,0.0
2008-05-16,16.978661559191917,16.999258870737656,16.16851897155841,16.285234451293945,4678200,0.0,0.0
2008-05-19,16.30582892831423,16.566721614982157,16.195979238189675,16.250904083251953,2855900,0.0,0.0
2008-05-20,16.195981462126976,16.195981462126976,15.715388019706062,15.804641723632812,3981000,0.0,0.0
2008-05-21,15.818365572511196,15.976274283276592,15.468219316350224,15.488815307617188,4723900,0.0,0.0
2008-05-22,15.666846430630732,16.015929453308313,15.49928673954302,15.750625610351562,3222400,0.375,0.0
2008-05-23,15.645907130744092,15.659870776744691,15.247952541253005,15.268898010253906,3461100,0.0,0.0
2008-05-27,15.30381114598805,15.49231643798457,15.066434407543625,15.324756622314453,3417800,0.0,0.0
2008-05-28,14.277501301031009,14.3333545515045,13.411773921222071,13.72594928741455,14199700,0.0,0.0
2008-05-29,13.467629924049106,14.047107958208471,13.467629924049106,13.963327407836914,8016300,0.0,0.0
2008-05-30,14.068057197472823,14.068057197472823,13.502542605287882,13.593303680419922,4917600,0.0,0.0
2008-06-02,13.56537307194795,13.579336719241445,13.188362584903823,13.418757438659668,6182700,0.0,0.0
2008-06-03,13.537443125156848,13.621223660857147,12.937021057282719,13.083635330200195,5679400,0.0,0.0
2008-06-04,13.06967490928943,13.083638557291366,12.587941038043544,12.762482643127441,8037400,0.0,0.0
2008-06-05,12.832293047013438,12.888146284859396,12.573972321343218,12.811348915100098,5160200,0.0,0.0
2008-06-06,12.441329329166143,12.539072232775977,12.036392730664733,12.078282356262207,6745200,0.0,0.0
2008-06-09,12.231875082966544,12.231875082966544,11.55465285397351,11.624469757080078,8669800,0.0,0.0
2008-06-10,11.5197454130869,12.043370204590849,11.477855802627662,11.771085739135742,6236700,0.0,0.0
2008-06-11,11.771086778938281,11.840902358655288,10.940268330167001,10.968194961547852,7619100,0.0,0.0
2008-06-12,9.788292771238815,10.088503855868874,8.126656740205078,8.364032745361328,39924100,0.0,0.0
2008-06-13,8.147602611064393,8.30818057666998,8.000987628378526,8.189492225646973,98914200,0.0,0.0
2008-06-16,8.182509062673248,8.419885706570373,8.147600615190155,8.238362312316895,25066400,0.0,0.0
2008-06-17,8.371015202223028,8.46875874055855,7.924189120285504,7.959096908569336,29334100,0.0,0.0
2008-06-18,7.770592689514159,8.266290896994077,7.53321598933738,7.77059268951416,23316700,0.0,0.0
2008-06-19,7.7356833732530665,7.973060047024552,7.6937937636600635,7.924188613891602,15204300,0.0,0.0
2008-06-20,7.644924367341113,8.19647597133827,6.981666210507605,8.049860954284668,25999200,0.0,0.0
2008-06-23,8.098727145795898,8.098727145795898,7.6798272132873535,7.6798272132873535,12574800,0.0,0.0
2008-06-24,7.73568688344927,8.07778840226084,7.5681270373975185,7.945137023925781,19030800,0.0,0.0
2008-06-25,7.980044223071304,8.280255399734164,7.819465563430835,7.910227298736572,16913600,0.0,0.0
2008-06-26,7.805501248961379,8.091749391509966,7.728702512105518,7.826446056365967,11510600,0.0,0.0
2008-06-27,7.8683377053309504,7.966080600765819,7.6868142340611385,7.777575969696045,10165900,0.0,0.0
2008-06-30,7.763607491268088,7.931167207107233,7.616992573453055,7.665863990783691,14424100,0.0,0.0
2008-07-01,7.589068182800985,7.959096163733003,7.540196751118451,7.9381513595581055,13912500,0.0,0.0
2008-07-02,7.93815342736287,8.210438615857223,7.742666983887268,7.763611793518066,11511600,0.0,0.0
2008-07-03,7.973058698907472,8.021930123777045,7.7077554416580885,7.749645709991455,5480800,0.0,0.0
2008-07-07,7.770593152653709,7.910226318190814,7.260931266163961,7.386601448059082,20377100,0.0,0.0
2008-07-08,7.4703811625563725,8.091749566102505,7.330748000473937,8.035896301269531,14579900,0.0,0.0
2008-07-09,8.028910687447047,8.10570872389152,7.323762719447626,7.351689338684082,11570900,0.0,0.0
2008-07-10,7.274894915095895,7.358674814412014,6.911848018902594,7.142242908477783,18860500,0.0,0.0
2008-07-11,6.918831282882517,7.058464477455726,6.597674602452342,6.869959831237793,18024100,0.0,0.0
2008-07-14,7.1282788680481035,7.14922367331614,5.948377961990631,6.12291955947876,19238600,0.0,0.0
2008-07-15,6.0461199691560665,6.304441416740471,5.536458563778159,5.84365177154541,22110100,0.0,0.0
2008-07-16,6.19273353898202,6.904863316441647,5.94837579116943,6.800137996673584,15737000,0.0,0.0
2008-07-17,7.191112544177183,7.9870216470361735,6.709377456403687,7.519250869750977,21726700,0.0,0.0
2008-07-18,7.414526124024822,8.33610543913267,7.414526124024822,7.931169033050537,18809600,0.0,0.0
2008-07-21,8.371015864087024,8.447814602359754,7.959097537864538,8.028914451599121,15351100,0.0,0.0
2008-07-22,7.337730361590035,8.440833421438523,6.862976909970969,8.371016502380371,24327000,0.0,0.0
2008-07-23,8.377994929224528,8.936528057670806,7.791535177647096,8.454792976379395,27519300,0.0,0.0
2008-07-24,8.40592205928043,8.727078577567857,7.700773950415366,7.812480449676514,12236500,0.0,0.0
2008-07-25,7.749647671736999,8.447814104656606,7.491325505632156,7.791537284851074,10202400,0.0,0.0
2008-07-28,7.69379039942237,8.070800050022365,7.330743723973386,7.407541751861572,7791300,0.0,0.0
2008-07-29,7.414528909510395,7.994007110595703,7.31678534980288,7.994007110595703,9864500,0.0,0.0
2008-07-30,8.37101166015385,8.4617733360988,7.491322184831805,7.833424091339111,18418800,0.0,0.0
2008-07-31,7.470381563448099,7.589069924043338,7.26791330110742,7.365656852722168,22343300,0.0,0.0
2008-08-01,7.372642874006771,7.819469270973099,7.198101146235836,7.658891201019287,11032300,0.0,0.0
2008-08-04,7.616996207048736,7.616996207048736,7.065444713266588,7.323766231536865,10853000,0.0,0.0
2008-08-05,7.589069205587788,7.672849099401803,7.365656155417083,7.6239776611328125,12415500,0.0,0.0
2008-08-06,7.610014300838489,8.231382702441293,7.428491523610754,8.028914451599121,15484100,0.0,0.0
2008-08-07,7.910227409959652,8.084769057427117,7.414529104519108,7.547181129455566,13132300,0.0,0.0
2008-08-08,7.756627369719183,8.44083069139528,7.679829316253031,8.336105346679688,16541000,0.0,0.0
2008-08-11,8.41290637202441,9.159944306311935,8.175529657923173,8.76897144317627,13660600,0.0,0.0
2008-08-12,8.60839241950855,8.782934034933824,8.133639012488315,8.203455924987793,14078500,0.0,0.0
2008-08-13,8.168549513381343,8.245348269518704,7.4983095157497495,7.728704452514648,13843200,0.0,0.0
2008-08-14,7.728703017854778,8.189492805849317,7.5820880247816556,7.973061561584473,8725800,0.0,0.0
2008-08-15,8.112694155029965,8.412905944773268,8.049859067332676,8.189492225646973,7486800,0.0,0.0
2008-08-18,8.252325480497293,8.252325480497293,7.714737773929981,7.7845540046691895,7901400,0.0,0.0
2008-08-19,7.630958134643868,7.679829564262083,7.219039896938084,7.442452907562256,11483400,0.0,0.0
2008-08-20,7.400564122998825,7.700775222915151,7.191114069362374,7.616995334625244,11380600,0.0,0.0
2008-08-21,7.43546919639345,7.568121137133959,7.316780898182731,7.351689338684082,7322400,0.0,0.0
2008-08-22,7.610015409016244,8.140622166360927,7.610015409016244,8.007970809936523,10014900,0.0,0.0
2008-08-25,7.931171297473139,7.931171297473139,7.533216600661062,7.5960516929626465,8112900,0.0,0.0
2008-08-26,7.623975314730142,7.770590250237383,7.540195446700747,7.756626605987549,7428800,0.0,0.0
2008-08-27,7.75663133695071,7.980045120451279,7.5262363928904445,7.861356735229492,6880400,0.0,0.0
2008-08-28,7.987735695394306,8.314345359802246,7.938034445526385,8.314345359802246,7261600,0.188,0.0
2008-08-29,8.115539301525486,8.740357790013038,7.987735319728639,8.527351379394531,7363700,0.0,0.0
2008-09-02,8.910766883497908,9.223175937684777,8.790063216007088,8.946268081665039,9035400,0.0,0.0
2008-09-03,8.946269989906423,9.10957458832748,8.711962980006275,9.024372100830078,8803000,0.0,0.0
2008-09-04,8.981766452411527,9.024368015438807,8.399549379521563,8.463451385498047,7138600,0.0,0.0
2008-09-05,8.406651699061284,9.230276239811511,8.300148105401425,9.208975791931152,11896300,0.0,0.0
2008-09-08,10.08940070939958,10.17460316733325,9.187673511292584,9.755690574645996,17566800,0.0,0.0
2008-09-09,9.599484142799959,9.968694706761381,9.315475339547005,9.336775779724121,14573500,0.0,0.0
2008-09-10,9.478782422715845,9.514282937761264,8.491852801339595,8.917865753173828,14691200,0.0,0.0
2008-09-11,8.520256749983776,9.137975283102099,8.491855921235663,9.088274002075195,9004000,0.0,0.0
2008-09-12,8.683556750389272,9.54978258446625,8.612555054659927,9.49298095703125,11638200,0.0,0.0
2008-09-15,8.761660863997035,9.670487721989286,8.761660863997035,8.797162055969238,17588300,0.0,0.0
2008-09-16,8.378250818873516,9.137973333657401,7.845734885603534,8.967568397521973,19703300,0.0,0.0
2008-09-17,8.548654416259449,8.995967811410859,7.881234849018107,8.534454345703125,18105300,0.0,0.0
2008-09-18,8.818462207650857,9.691787844688657,6.170083125070207,9.365178108215332,36021700,0.0,0.0
2008-09-19,10.56511402130127,10.56511402130127,8.882364100009118,10.56511402130127,239900,0.0,0.0
2008-09-22,10.820720705069915,10.82782107812387,9.272875267136543,9.585284233093262,10204400,0.0,0.0
2008-09-23,9.478781616807302,10.11069993984188,9.173472338046592,9.315476417541504,8356200,0.0,0.0
2008-09-24,9.514281624624036,9.904793330386486,9.4077787399292,9.4077787399292,7335500,0.0,0.0
2008-09-25,9.620784942630962,10.650315284729004,8.960465178296545,9.94029426574707,7698300,0.0,0.0
2008-09-26,9.13087042910665,10.685816902668314,9.13087042910665,10.437309265136719,9195500,0.0,0.0
2008-09-29,9.237372426840214,10.103597470628193,6.8517016777094595,6.958205223083496,13548200,0.0,0.0
2008-09-30,7.859933323238935,8.704858807445113,7.270615867189395,8.477651596069336,6651500,0.0,0.0
2008-10-01,8.477650926475599,10.295305088272874,8.17234233947787,9.748588562011719,10644900,0.0,0.0
2008-10-02,9.613688149136523,10.01130036573536,8.882366416907821,9.37938117980957,5167900,0.0,0.0
2008-10-03,9.954498002730015,10.792322596468843,7.845734753020266,8.9107666015625,9565500,0.0,0.0
2008-10-06,7.987737681484263,8.917865656109374,7.391319826259479,8.371149063110352,8260200,0.0,0.0
2008-10-07,8.264642859922454,8.591252474931297,7.419717677188678,7.533320903778076,6882500,0.0,0.0
2008-10-08,7.810231791602241,7.859933049958474,6.2765863845009635,6.3901896476745605,13417900,0.0,0.0
2008-10-09,6.51799361166966,7.1783127435247875,4.508633707687605,4.558335304260254,25303200,0.0,0.0
2008-10-10,4.778441318539843,5.531063533974093,4.082620728638082,4.821042537689209,26480900,0.0,0.0
2008-10-13,5.7795718080503065,6.035179151893523,4.892045123619179,5.509763717651367,10528400,0.0,0.0
2008-10-14,6.567694522268534,8.903663682022675,6.525092962565786,8.49895191192627,39305300,0.0,0.0
2008-10-15,7.462319727510798,8.4421486384237,7.228012887632571,7.391317367553711,12927400,0.0,0.0
2008-10-16,7.405520206462915,8.030338848697085,6.922705647207222,7.49072265625,9035100,0.0,0.0
2008-10-17,6.993710268329321,7.661130010760947,6.993710268329321,7.157014846801758,9801800,0.0,0.0
2008-10-20,7.703729421464548,7.703729421464548,6.4043908262687985,6.915605545043945,10449400,0.0,0.0
2008-10-21,6.695499815310656,8.300147136631406,6.695499815310656,7.774731636047363,15047500,0.0,0.0
2008-10-22,7.256417043567379,8.25754685343608,7.135713382237068,7.632728099822998,12694000,0.0,0.0
2008-10-23,7.867032791245429,7.867032791245429,6.873003641196047,7.149911403656006,11095300,0.0,0.0
2008-10-24,5.8789728840878395,7.625624331615298,5.8789728840878395,7.18541145324707,10389500,0.0,0.0
2008-10-27,7.185414404634277,8.023239630539848,7.043410301208496,7.043410301208496,9612900,0.0,0.0
2008-10-28,7.455221371054022,8.435050546790873,7.192513651615202,8.420849800109863,10987600,0.0,0.0
2008-10-29,8.300146913276157,8.846863521671349,8.122641626466644,8.62675666809082,10354600,0.0,0.0
2008-10-30,9.038568784382004,9.40778010208967,8.229145118394914,8.733260154724121,8277000,0.0,0.0
2008-10-31,8.775856324844323,9.230269853716655,8.513148725647815,8.811357498168945,10484900,0.0,0.0
2008-11-03,8.804262653266276,9.081171166420289,8.520254442694712,9.059870719909668,6004200,0.0,0.0
2008-11-04,9.230274520657611,9.833792740936785,9.095370806369331,9.649187088012695,9980900,0.0,0.0
2008-11-05,9.47878197928685,9.571084126641637,8.839762581429609,8.903664588928223,9744600,0.0,0.0
2008-11-06,8.981762619906329,9.443276534404234,8.151038250938683,8.236241340637207,11931100,0.0,0.0
2008-11-07,8.307246809549756,8.548654094069157,7.717929345401291,7.980637073516846,9022800,0.0,0.0
2008-11-10,8.293044577937232,8.37114663551834,7.526222037059882,7.739227771759033,5218300,0.0,0.0
2008-11-11,7.3487196119562705,7.945136844764833,7.3487196119562705,7.810233116149902,5437000,0.0,0.0
2008-11-12,7.632724935904847,7.753428547201081,6.780699962206329,6.823300838470459,11841300,0.0,0.0
2008-11-13,6.816203956423827,7.604327263801676,6.184284829307462,7.5901265144348145,13262000,0.0,0.0
2008-11-14,7.249315255673925,7.590125049136163,6.787801824411594,6.816202640533447,8280200,0.0,0.0
2008-11-17,6.816199473926516,7.036305527333826,6.4256879258246276,6.6386942863464355,6572800,0.0,0.0
2008-11-18,6.461193628977128,7.007909637942192,6.276587941948289,6.738101482391357,9625600,0.0,0.0
2008-11-19,6.567694359140132,6.745199612089865,5.275455995782889,5.467161655426025,12765600,0.0,0.0
2008-11-20,5.346459049192766,5.55946517674033,4.806842848943379,4.906245708465576,19204500,0.0,0.0
2008-11-21,5.665968405551091,5.665968405551091,3.543005135248776,4.451832294464111,22961000,0.0,0.0
2008-11-24,4.970147993562051,5.8363739763218225,4.558335785408652,5.758271217346191,15566800,0.0,0.0
2008-11-25,6.113281006645631,6.27658620051741,5.5026631464219635,6.162982940673828,9950000,0.0,0.0
2008-11-26,5.8647744084361175,6.397290229797362,5.822172844790509,6.397290229797363,4335000,0.0,0.0
2008-11-28,6.49238527704276,6.749792379508663,6.249278228209994,6.7068915367126465,2654500,0.063,0.0
2008-12-01,6.342230954391512,6.435183689512056,5.148146815230325,5.183897972106934,7030700,0.0,0.0
2008-12-02,5.934671902664624,5.934671902664624,5.255402038099057,5.684414386749268,8782100,0.0,0.0
2008-12-03,5.3912558474975985,5.95612215192876,5.319753848382596,5.848869323730469,8078000,0.0,0.0
2008-12-04,5.534258606397849,6.149176683928742,5.534258606397849,5.727314472198486,8337700,0.0,0.0
2008-12-05,5.598613802619653,6.199231490270313,5.505661000302566,5.999025821685791,9674500,0.0,0.0
2008-12-08,6.406583805999232,6.520986978658677,5.813116836405834,6.313631057739258,10275300,0.0,0.0
2008-12-09,6.1491788669612975,6.47093807562739,5.984723736018309,6.020474910736084,6441100,0.0,0.0
2008-12-10,6.142028973865773,6.256432196352703,5.848870545768765,6.1777801513671875,5277300,0.0,0.0
2008-12-11,6.049075047523505,6.206379789808585,5.591461902686645,5.698714733123779,7313700,0.0,0.0
2008-12-12,5.3841061429305626,5.89892090857029,5.376955772113405,5.720165729522705,6878800,0.0,0.0
2008-12-15,5.727314769270418,5.798816415133816,5.262551343571396,5.51995849609375,5357300,0.0,0.0
2008-12-16,5.698713949859216,6.206378936767578,5.627211959079301,6.206378936767578,6271100,0.0,0.0
2008-12-17,6.192078184238496,6.256430146275095,5.913220591275596,5.956121444702148,6463300,0.0,0.0
2008-12-18,5.891771429479801,6.192080230283591,5.748767400977281,5.863170623779297,5767700,0.0,0.0
2008-12-19,5.920371318998901,6.15632809998784,5.648663706891047,5.770216941833496,9476900,0.0,0.0
2008-12-22,5.648663771912307,5.805968180732835,5.262552609313473,5.341204643249512,6787200,0.0,0.0
2008-12-23,5.3984062796398975,5.455607879586274,5.212500738865746,5.376955509185791,4141200,0.0,0.0
2008-12-24,5.57716193661785,5.662964344024658,5.391256379621308,5.662964344024658,1638900,0.0,0.0
2008-12-26,5.577160478141553,5.627211698899129,5.391254969760928,5.505658149719238,1955000,0.0,0.0
2008-12-29,5.405556462698884,5.534260066233939,5.212500886922083,5.4627580642700195,3866000,0.0,0.0
2008-12-30,5.4913582972241555,5.841718582041171,5.4198563026538675,5.820268154144287,3242400,0.0,0.0
2008-12-31,5.755918076962366,6.127728570711702,5.755918076962366,6.091978073120117,4678200,0.0,0.0
2009-01-02,6.070527530047296,6.385137121006154,5.848871423682603,6.342235565185547,4548500,0.0,0.0
2009-01-05,6.177778391135015,6.342232806127791,5.956121699300403,6.0633745193481445,5005500,0.0,0.0
2009-01-06,6.1491792403431935,6.406586486526603,6.013324904545879,6.213530540466309,6803900,0.0,0.0
2009-01-07,6.0276246748075595,6.091976646437043,5.6057623558114935,5.684414386749268,7882600,0.0,0.0
2009-01-08,5.648663813659589,5.805968223642697,5.605762610936923,5.741616249084473,4277200,0.0,0.0
2009-01-09,5.76306681969955,5.906070815321794,5.376955349622653,5.419856548309326,6845000,0.0,0.0
2009-01-12,5.419857312982776,5.527110495305739,4.797789332837448,4.983694553375244,10309300,0.0,0.0
2009-01-13,4.955092606297479,5.384105236548736,4.876440586240019,5.291152477264404,9130400,0.0,0.0
2009-01-14,5.040896127871446,5.205350904352387,4.862140950868181,4.9550933837890625,7281900,0.0,0.0
2009-01-15,4.9479428785547475,4.9479428785547475,4.082767877717656,4.447428226470947,16782200,0.0,0.0
2009-01-16,4.790640245350263,4.790640245350263,4.089919698265291,4.511782169342041,12963300,0.0,0.0
2009-01-20,4.640486182443725,4.704838182325226,4.15427201930735,4.168572425842285,16647600,0.0,0.0
2009-01-21,4.447427927936247,4.804938223591677,4.125668798225716,4.783487796783447,17947600,0.0,0.0
2009-01-22,4.6547845397876415,5.6987143626977925,4.490329778605856,5.033745288848877,22567700,0.0,0.0
2009-01-23,4.862140529505951,5.49850880902314,4.6476341993121775,5.44845724105835,13347700,0.0,0.0
2009-01-26,5.455607934127632,5.720165506998698,5.155299190458451,5.362655162811279,10631900,0.0,0.0
2009-01-27,5.5199593569948675,5.713014921970051,5.291152963512232,5.6272125244140625,9633500,0.0,0.0
2009-01-28,6.120576922362508,6.349383306859375,5.898920225958558,6.242129802703857,15606300,0.0,0.0
2009-01-29,6.070524694407976,6.127726287517607,5.541409617195503,5.591461181640625,10453500,0.0,0.0
2009-01-30,5.469910959903344,5.827421134753023,5.133850884121751,5.205353260040283,9303400,0.0,0.0
2009-02-02,5.033746022911771,5.198200808075726,4.87644160886073,5.09094762802124,8550400,0.0,0.0
2009-02-03,5.169598265225578,5.176748292983044,4.640482914187645,4.8120880126953125,11389800,0.0,0.0
2009-02-04,4.876441351390504,5.083797329438416,4.711986574909563,4.9550933837890625,12575400,0.0,0.0
2009-02-05,4.990843802243626,5.398405667034509,4.468878750542345,5.19819974899292,14976100,0.0,0.0
2009-02-06,5.28400351757506,6.2492815113075375,5.27685348700218,6.0562262535095215,19724500,0.0,0.0
2009-02-09,6.120576302440827,6.656841723212403,6.034773235048239,6.456635475158691,12958800,0.0,0.0
2009-02-10,6.227828328934411,6.456634661419872,4.697684616644572,4.740585803985596,23249800,0.0,0.0
2009-02-11,4.91219311497999,5.248253102490425,4.597583902800469,5.112399101257324,19228200,0.0,0.0
2009-02-12,4.862141888369074,5.334055537546901,4.862141888369074,5.305454730987549,13171300,0.0,0.0
2009-02-13,5.191050800242996,5.51281000084219,4.933643235194564,5.040896415710449,9931600,0.0,0.0
2009-02-17,4.704836513248321,4.797789293223978,4.340176105499268,4.340176105499268,12573000,0.0,0.0
2009-02-18,4.568982391879151,4.568982391879151,4.111369217876702,4.418828010559082,10173600,0.0,0.0
2009-02-19,4.5046323912987045,4.561834016174479,3.8182122108922627,3.832512617111206,12743600,0.0,0.0
2009-02-20,3.625155350514454,4.497480521578602,3.4535501920248968,4.340176105499268,25181800,0.0,0.0
2009-02-23,4.440278410872427,4.511780410051447,4.0398668745214925,4.3902268409729,17573000,0.0,0.0
2009-02-24,4.454579894924029,5.19820154927536,4.218623069728694,5.1481499671936035,17231000,0.0,0.0
2009-02-25,4.955092068031849,5.827416950156476,4.840688894231466,5.541409015655518,29416400,0.0,0.0
2009-02-26,5.6844147257992805,5.999024232109176,5.5414107147024705,5.755917072296143,20717800,0.0,0.0
2009-02-27,5.368921624249305,5.707632317089286,5.044624474084684,5.051831245422363,12848100,0.063,0.0
2009-03-02,4.886078684773628,5.1671362033181145,4.5906076253234325,4.792392730712891,13241100,0.0,0.0
2009-03-03,5.008591039787927,5.044624207295136,4.482508787281638,4.655467510223389,10737700,0.0,0.0
2009-03-04,4.864458739110258,4.9365247257769385,4.331170094139096,4.67708683013916,11308500,0.0,0.0
2009-03-05,4.489714045130417,4.554573587329556,3.913185621141184,4.035697937011719,11406400,0.0,0.0
2009-03-06,4.114973156027551,4.302344783538937,3.6537503446693744,3.8627419471740723,13741400,0.0,0.0
2009-03-09,3.7978817984654696,4.489716083968361,3.7906753703028317,4.367203712463379,13885400,0.0,0.0
2009-03-10,4.525748560593263,4.979764461517334,4.453682228208665,4.979764461517334,14617300,0.0,0.0
2009-03-11,5.030211905114278,5.49864144796644,4.77798071854398,5.066245079040527,12399500,0.0,0.0
2009-03-12,5.037416920800118,5.765284218307551,4.943731313417286,5.736457824707031,14938300,0.0,0.0
2009-03-13,5.837352230902518,5.902211119768677,4.979765571012015,5.5490875244140625,15166800,0.0,0.0
2009-03-16,5.786905145232143,6.190475433822047,5.606740316464293,5.6860127449035645,18669700,0.0,0.0
2009-03-17,5.722047082490676,5.9814850798240755,5.419369476208022,5.967071533203125,8485200,0.0,0.0
2009-03-18,5.772491284848331,6.630077053943209,5.477020219818877,6.478738307952881,16273200,0.0,0.0
2009-03-19,6.558009864519241,6.738174963134877,5.815729163384602,5.90220832824707,14464600,0.0,0.0
2009-03-20,5.959864664929467,5.959864664929467,5.368922389271212,5.383335590362549,11715400,0.0,0.0
2009-03-23,6.2048898718787,6.608460263340067,5.851766208897356,6.586840629577637,14552800,0.0,0.0
2009-03-24,6.168856454387695,6.586839643348646,6.0247237514833705,6.197682857513428,11798300,0.0,0.0
2009-03-25,6.615663156681129,6.615663156681129,5.657184468691979,6.168853759765625,13639100,0.0,0.0
2009-03-26,6.26975026046571,6.363436268424986,5.967072600066771,6.276957035064697,10194800,0.0,0.0
2009-03-27,6.089581821341585,6.449912114761506,5.895003820278083,5.995895862579346,8747600,0.0,0.0
2009-03-30,5.844559451444967,5.916625813887509,5.188758164865753,5.246411323547363,10219300,0.0,0.0
2009-03-31,5.477021481525197,5.808525788590389,5.253616696369846,5.671599864959717,9482800,0.0,0.0
2009-04-01,5.433779039872657,6.053546696688673,5.41215942169688,6.017514228820801,12532400,0.0,0.0
2009-04-02,6.255331476896735,6.449909395940075,6.017513638468652,6.096786022186279,14787500,0.0,0.0
2009-04-03,6.176061460242738,6.176061460242738,5.772491887019526,6.154441833496094,8853100,0.0,0.0
2009-04-06,6.039136642088195,6.039136642088195,5.5851203266130325,5.7220458984375,10002000,0.0,0.0
2009-04-07,5.556293199016327,5.585119595242689,5.354508081794046,5.368921279907227,8766900,0.0,0.0
2009-04-08,5.505846877959428,5.505846877959428,4.669880693414807,4.734740257263184,29760900,0.0,0.0
2009-04-09,5.404955257068981,12.467429576485301,5.231996853788918,5.945450782775879,22025300,0.0,0.0
2009-04-13,5.916623263400093,6.680523764347417,5.786904141832036,6.651696681976318,17944100,0.0,0.0
2009-04-14,6.493153101280358,7.076887886043169,5.830145199303029,5.909417629241943,20579000,0.0,0.0
2009-04-15,5.822935603412996,6.07516700213972,5.5779109731699545,6.017514228820801,12110600,0.0,0.0
2009-04-16,6.067962181372357,6.442705328231734,5.700425118034427,6.204887390136719,13755600,0.0,0.0
2009-04-17,6.161649440224376,7.026442187368442,6.089583091597522,6.521979808807373,17450600,0.0,0.0
2009-04-20,6.168855147694958,6.168855147694958,5.231996213641508,5.332888603210449,19757900,0.0,0.0
2009-04-21,4.943732851792141,5.39054243527469,4.129386120077355,5.080658435821533,39941500,0.0,0.0
2009-04-22,4.677086988867204,4.806806112907285,4.323963470397523,4.43206262588501,35407900,0.0,0.0
2009-04-23,4.561781255688018,4.619434045074638,4.1510049594894785,4.424855709075928,25579100,0.0,0.0
2009-04-24,4.446475229749662,5.11668935442484,4.151004542038728,5.044623374938965,33591600,0.0,0.0
2009-04-27,4.799600902726567,4.972559676470167,4.3816176863331595,4.439270496368408,17551200,0.0,0.0
2009-04-28,4.41765023059503,4.705914583049962,4.237485053265424,4.374410629272461,14370400,0.0,0.0
2009-04-29,4.45368270890411,4.857252633082411,4.432063081765471,4.511335849761963,16473800,0.0,0.0
2009-04-30,4.7275333530647625,4.770772946532209,4.403236230240045,4.43206262588501,14723800,0.0,0.0
2009-05-01,4.460891712107983,4.511338106732185,4.187040444670232,4.237486839294434,11362700,0.0,0.0
2009-05-04,4.323963437865503,5.059037208557129,4.323963437865503,5.059037208557129,19441600,0.0,0.0
2009-05-05,4.914906557986555,5.051832145046059,4.7059149629056884,4.749154567718506,12984000,0.0,0.0
2009-05-06,5.044623400650049,5.786903508594302,4.994177042933977,5.541879177093506,31818500,0.0,0.0
2009-05-07,5.837353762654029,5.959866174786271,4.633849620264676,4.886081218719482,30502900,0.0,0.0
2009-05-08,5.246410629741984,5.556294641440711,4.158212686966507,5.023005485534668,45272100,0.0,0.0
2009-05-11,4.900493777791619,4.9077002073945435,4.504130184132789,4.525750160217285,31790300,0.0,0.0
2009-05-12,4.619436418718578,4.641056397666603,4.194246706694571,4.323965549468994,36702200,0.0,0.0
2009-05-13,4.2807245720773075,4.388823745119028,3.9996669970790726,4.071732997894287,27301900,0.0,0.0
2009-05-14,4.021286445275149,4.396029976356473,3.9996668178184516,4.273517608642578,25536900,0.0,0.0
2009-05-15,4.35278938264664,4.38161577509031,4.129384669389344,4.179831027984619,16259300,0.0,0.0
2009-05-18,4.345584072567425,4.381616900558604,4.179832101622185,4.359997272491455,21304700,0.0,0.0
2009-05-19,4.287929846283934,4.359996171340972,4.042905509458201,4.107764720916748,18169800,0.0,0.0
2009-05-20,4.1942452215656365,4.259104448168067,3.992460082839291,4.064526081085205,16528700,0.0,0.0
2009-05-21,4.057320741083371,4.093353578049937,3.819502711280105,3.9203951358795166,15723300,0.0,0.0
2009-05-22,3.985255027902923,3.992461458391506,3.7618498409124723,3.7906765937805176,11529500,0.0,0.0
2009-05-26,3.8411203230214697,3.855533518949521,3.689781593958083,3.747434377670288,12014000,0.0,0.0
2009-05-27,3.6177166596462946,3.711402632067759,3.401518314617961,3.430345058441162,28013400,0.0,0.0
2009-05-28,3.5528573564952435,3.6465433360122623,3.401518572240928,3.6249237060546875,20706800,0.0,0.0
2009-05-29,3.6682479383776805,3.6826898458389223,3.5527126786877488,3.610480308532715,22999200,0.01,0.0
2009-06-01,3.6826898964290486,3.7621205607181545,3.3577468019261647,3.4227352142333984,42752600,0.0,0.0
2009-06-02,3.321641986113685,3.5743755518671363,3.1772229040609274,3.4805033206939697,93025600,0.0,0.0
2009-06-03,3.6032611091513527,3.6249241540866404,3.263875930196248,3.321643590927124,58231000,0.0,0.0
2009-06-04,3.473283433343402,4.036518742898558,3.458841519986725,3.971529960632324,89970600,0.0,0.0
2009-06-05,4.144832652363153,4.166495693155778,3.8271105791018982,3.920982837677002,45789800,0.0,0.0
2009-06-08,3.8776556046937327,4.014853891932865,3.827109102878729,3.9426443576812744,19775300,0.0,0.0
2009-06-09,3.9787509905454486,4.0870651658662505,3.8920991682374946,4.072623252868652,22067500,0.0,0.0
2009-06-10,4.152052366768503,4.152052366768503,3.9354234099038607,4.043737888336182,21319900,0.0,0.0
2009-06-11,4.036517306632929,4.412007264622811,4.007633490196957,4.310913562774658,41977600,0.0,0.0
2009-06-12,4.310912196944679,4.4553315776902735,4.274807609999888,4.41922664642334,24963600,0.0,0.0
2009-06-15,4.318135588438622,4.412008183568713,4.137611525952597,4.296472549438477,18831400,0.0,0.0
2009-06-16,4.296471094170234,4.347017938501512,4.159273156155149,4.274808406829834,15932500,0.0,0.0
2009-06-17,4.238703620273906,4.253145527124225,3.7043527224899147,3.9426443576812744,38123300,0.0,0.0
2009-06-18,3.9643075922567803,4.26758802224146,3.9426449011563127,4.238704204559326,21246100,0.0,0.0
2009-06-19,4.303694135967557,4.491439001918195,4.238705356361926,4.383124828338623,70575800,0.0,0.0
2009-06-22,4.245926658731563,4.318136225514949,3.9426461339189696,3.971529960632324,37193500,0.0,0.0
2009-06-23,4.065401330249653,4.0870640215194785,3.6826902264859496,3.8054466247558594,39143200,0.0,0.0
2009-06-24,3.8632158383866217,3.9931934163801044,3.6899128601585254,3.726017475128174,30433900,0.0,0.0
2009-06-25,3.661027274524236,3.8126674799042024,3.5960385166978943,3.697131872177124,35624900,0.0,0.0
2009-06-26,3.689910854040305,3.834329924046448,3.653805914377658,3.754899263381958,30335400,0.0,0.0
2009-06-29,3.7765639522110686,3.942646127712602,3.653807516711365,3.841552734375,22464700,0.0,0.0
2009-06-30,3.9354241418010423,3.9354241418010423,3.6899116685933824,3.7837839126586914,18927100,0.0,0.0
2009-07-01,3.7332386047155497,3.8776577532389633,3.697133645423491,3.726017475128174,19516100,0.0,0.0
2009-07-02,3.661027274524236,3.8487720775570904,3.5888173905739698,3.697131872177124,30271900,0.0,0.0
2009-07-06,3.6465866711903385,3.769342760313695,3.610481716298407,3.6682493686676025,18956300,0.0,0.0
2009-07-07,3.8126692371481217,3.9137626392208933,3.7549012344984196,3.819890022277832,39660200,0.0,0.0
2009-07-08,3.8848784093744544,3.899320322466753,3.5743767614064756,3.6682493686676025,53602500,0.0,0.0
2009-07-09,3.726017475128174,3.8632158383866217,3.6754709453061842,3.726017475128174,26143300,0.0,0.0
2009-07-10,3.711573780102728,3.733236814152257,3.646585366598632,3.697131872177124,11073400,0.0,0.0
2009-07-13,3.7693432109516283,3.8993207886439527,3.72601746649499,3.8848788738250732,20225100,0.0,0.0
2009-07-14,3.892097552048906,3.9137605847109387,3.7260154493807294,3.754899263381958,17879600,0.0,0.0
2009-07-15,3.805447725506232,3.8776572911631835,3.740458944253791,3.827110767364502,34090200,0.0,0.0
2009-07-16,3.7837841333655593,3.8487729051665687,3.7043537948557916,3.7621214389801025,14475700,0.0,0.0
2009-07-17,3.7765620874713814,3.8271089313430333,3.6610268378472672,3.689910650253296,20265500,0.0,0.0
2009-07-20,3.718796236651833,3.733238149744132,3.624923629390706,3.6682493686676025,13709800,0.0,0.0
2009-07-21,3.6538062191572784,3.6682481273625545,3.3433050205827244,3.4805033206939697,28919500,0.0,0.0
2009-07-22,3.2494339406784984,3.8054481789772563,3.177224366416792,3.726017475128174,53586500,0.0,0.0
2009-07-23,3.689911998539251,3.993192483942796,3.689911998539251,3.899319887161255,42274400,0.0,0.0
2009-07-24,3.8487735972995853,3.899320467159466,3.668249504785928,3.798227071762085,30043900,0.0,0.0
2009-07-27,3.7982262864305203,4.079843716113575,3.7187956057375477,4.007634162902832,40322000,0.0,0.0
2009-07-28,3.9643085598098486,4.029297337617338,3.754900658343883,3.7910056114196777,36088600,0.0,0.0
2009-07-29,3.7765643492725736,3.8054481789772563,3.6754709453061842,3.726017475128174,37162400,0.0,0.0
2009-07-30,3.7837847426731472,4.050960656255235,3.7837847426731472,3.971529960632324,54186700,0.0,0.0
2009-07-31,3.964309671124712,4.282032176562854,3.8632162562242636,4.173717975616455,64108300,0.0,0.0
2009-08-03,4.332577092816466,4.729730130720226,4.195378776891937,4.643078327178955,50263900,0.0,0.0
2009-08-04,4.5997533257946435,4.78027739990893,4.440892292075904,4.6936259269714355,35724800,0.0,0.0
2009-08-05,4.635857487175373,4.794718493782357,4.527542992327649,4.628636360168457,47649000,0.0,0.0
2009-08-06,4.758614006291715,5.018568386998644,4.527543101341038,4.744172096252441,44603500,0.0,0.0
2009-08-07,4.960800936950173,5.054673527964002,4.8019399204302635,4.895812511444092,30433800,0.0,0.0
2009-08-10,4.924697077570935,4.924697077570935,4.700847257361668,4.72973108291626,24567100,0.0,0.0
2009-08-11,4.744171083127943,4.744171083127943,4.404785753197786,4.433669567108154,29886000,0.0,0.0
2009-08-12,4.448112407935935,4.765834771977401,4.440891625103465,4.635857582092285,42343800,0.0,0.0
2009-08-13,4.79471788453077,4.895811583848167,4.6069730823969115,4.801939010620117,24372200,0.0,0.0
2009-08-14,4.787497102763666,4.838043608100121,4.664740713822714,4.801939010620117,16194200,0.0,0.0
2009-08-17,4.5997530454144,4.66474181831727,4.455333932655049,4.513101577758789,18354700,0.0,0.0
2009-08-18,4.556426493661961,4.736950524366423,4.54920571148136,4.650299072265625,18188900,0.0,0.0
2009-08-19,4.556427533820461,4.664742045834037,4.513101797879498,4.570869445800781,13625200,0.0,0.0
2009-08-20,4.606973346215225,4.693624798316024,4.563647620164826,4.650299072265625,11740200,0.0,0.0
2009-08-21,4.7080657427087145,4.946357359340926,4.657518900508291,4.859705924987793,27379800,0.0,0.0
2009-08-24,4.8885910789385365,5.033010175853978,4.585310631093825,4.628636360168457,25805400,0.0,0.0
2009-08-25,4.736951607908721,4.7947192558565055,4.635858224000099,4.6791839599609375,13677300,0.0,0.0
2009-08-26,4.700846776225445,4.751393293611316,4.527543496313293,4.621416091918945,14279900,0.0,0.0
2009-08-27,4.650299938559546,4.765835229550087,4.5564273424685675,4.7513933181762695,20640200,0.0,0.0
2009-08-28,4.8815673702037445,4.896031259729013,4.700768578714717,4.830943584442139,14538300,0.01,0.0
2009-08-31,4.729698218968889,4.830945485488014,4.664610518069076,4.816481590270996,17872100,0.0,0.0
2009-09-01,4.780320755972367,4.874335877508488,4.411491008554755,4.447650909423828,29230600,0.0,0.0
2009-09-02,4.389795597878717,4.440419048208555,4.194532880550961,4.208996772766113,22192700,0.0,0.0
2009-09-03,4.3174753079827175,4.360867324610474,4.23069196441991,4.303011417388916,14678900,0.0,0.0
2009-09-04,4.32470808939938,4.570594612075627,4.23792473251826,4.498274803161621,25463500,0.0,0.0
2009-09-08,4.585057570386928,4.6067532327621095,4.411490547153795,4.462114334106445,12973300,0.0,0.0
2009-09-09,4.462114831030474,4.498274387298137,4.3391715810584,4.491042613983154,16547900,0.0,0.0
2009-09-10,4.462115226166688,4.505506904438195,4.3536358580647185,4.46934700012207,17817700,0.0,0.0
2009-09-11,4.476578437955861,4.476578437955861,4.281315743013841,4.288547515869141,21601500,0.0,0.0
2009-09-14,4.230692124802108,4.375331381069632,4.165604787085769,4.3464035987854,18352100,0.0,0.0
2009-09-15,4.346403877415647,4.7224654160648,4.324707866888447,4.671841621398926,31591100,0.0,0.0
2009-09-16,4.664608114862887,5.112989325277361,4.657376343403419,5.076829433441162,44378500,0.0,0.0
2009-09-17,5.0551350494719545,5.062367168095504,4.6863056208308365,4.736929416656494,31170600,0.0,0.0
2009-09-18,4.751392400159598,4.859871399990637,4.700768614017804,4.794784069061279,25661200,0.0,0.0
2009-09-21,4.751392400159598,4.852639627596855,4.628449165848335,4.794784069061279,17187800,0.0,0.0
2009-09-22,4.9032630711828835,4.9683503975650565,4.744159951479112,4.95388650894165,16718500,0.0,0.0
2009-09-23,4.9611194355211685,5.011742881543621,4.83817618973002,4.845407962799072,17656600,0.0,0.0
2009-09-24,4.888800242476887,4.888800242476887,4.527202603649179,4.621217727661133,21821400,0.0,0.0
2009-09-25,4.585058513734927,4.6284501922592005,4.469347026157122,4.5127387046813965,15225800,0.0,0.0
2009-09-28,4.5995225775562485,4.693537712097168,4.519970991548006,4.693537712097168,10635900,0.0,0.0
2009-09-29,4.715233405632242,4.830944544837863,4.700769513231539,4.736929416656494,12002900,0.0,0.0
2009-09-30,4.773087432556622,4.86710287519827,4.6935358776408975,4.700767993927002,25675300,0.0,0.0
2009-10-01,4.664610708181007,4.700770620120525,4.418724479470307,4.440420150756836,22532000,0.0,0.0
2009-10-02,4.339171097825963,4.664608792224375,4.288547310873312,4.462114334106445,22630500,0.0,0.0
2009-10-05,4.541665936033456,4.570593715989068,4.440418361342476,4.5055060386657715,12953900,0.0,0.0
2009-10-06,4.570593715989068,4.686304835811515,4.397026691409058,4.5055060386657715,14516600,0.0,0.0
2009-10-07,4.505507078842264,4.592290438744582,4.397027706541157,4.5416669845581055,10182000,0.0,0.0
2009-10-08,4.5850585048891475,4.592290278872705,4.469347017534581,4.498274803161621,14366100,0.0,0.0
2009-10-09,4.469347070385053,4.4982748563541675,4.411491498446825,4.476579189300537,14602600,0.0,0.0
2009-10-12,4.491041724843865,4.570593284637252,4.476577836231096,4.563361167907715,10052100,0.0,0.0
2009-10-13,4.5416665144740875,4.6718415408538325,4.527202622654116,4.650145530700684,17666700,0.0,0.0
2009-10-14,4.758624136815793,4.874335253017946,4.657376910138909,4.830943584442139,20267000,0.0,0.0
2009-10-15,4.758625127949761,4.867104494406697,4.729697342874098,4.809248924255371,16536700,0.0,0.0
2009-10-16,4.729696634478158,4.773088305592613,4.563361722782905,4.664608955383301,21379100,0.0,0.0
2009-10-19,4.679071331415217,4.71523121806428,4.51996858882106,4.592288017272949,10298600,0.0,0.0
2009-10-20,4.548898861352536,4.751393717203131,4.469347273891971,4.7296977043151855,25427700,0.0,0.0
2009-10-21,4.613986451143371,4.953888116517327,4.527203091241052,4.5416669845581055,43371700,0.0,0.0
2009-10-22,4.556129717678865,4.932191193006436,4.49827381429696,4.794784069061279,34309400,0.0,0.0
2009-10-23,4.859872228100762,4.859872228100762,4.5995221703276705,4.686305522918701,14958800,0.0,0.0
2009-10-26,4.671840872614931,4.679072645067326,4.382562732746146,4.418722629547119,26761600,0.0,0.0
2009-10-27,4.418722818281352,4.433186708650261,4.187300227532444,4.216228008270264,28159300,0.0,0.0
2009-10-28,4.216228501457573,4.252388404032775,3.9486463259095217,3.977574110031128,29669000,0.0,0.0
2009-10-29,4.143909359128434,4.2668526235022695,4.0426621069338005,4.09328556060791,32441200,0.0,0.0
2009-10-30,4.057125317801907,4.07158920854012,3.825702721144139,3.898022174835205,21510300,0.0,0.0
2009-11-02,3.8907910756789725,4.0788216878380394,3.8763271824359675,4.013734340667725,21605100,0.0,0.0
2009-11-03,3.9197178605332375,4.057124983652433,3.869094074695746,4.006501197814941,18908300,0.0,0.0
2009-11-04,4.122213961221489,4.129446081307724,3.840167829941232,3.847399950027466,15672000,0.0,0.0
2009-11-05,3.8835581845350298,4.028197433055433,3.840166513432813,3.992037534713745,17351600,0.0,0.0
2009-11-06,3.9052532416215016,4.172835320688274,3.8980211257755686,4.14390754699707,21975700,0.0,0.0
2009-11-09,4.2234601974487305,4.252387978676761,4.143908626648469,4.2234601974487305,15132600,0.0,0.0
2009-11-10,4.136676839701703,4.208996643401083,4.057125607386595,4.114981174468994,13271100,0.0,0.0
2009-11-11,4.14390810889902,4.194531892146198,4.107748214458705,4.165604114532471,11472100,0.0,0.0
2009-11-12,4.151140201416638,4.23792388580528,4.100516759106795,4.13667631149292,12679000,0.0,0.0
2009-11-13,4.151141660683194,4.208997585562714,3.9920388155922755,4.042662620544434,15097400,0.0,0.0
2009-11-16,4.11498209558576,4.194533690554449,4.00650271060054,4.042662620544434,13250700,0.0,0.0
2009-11-17,4.0498944463584925,4.187301623081547,4.013734880808086,4.158373832702637,9612800,0.0,0.0
2009-11-18,4.165605150256645,4.3464039777189,4.100517462019385,4.295780181884766,18455200,0.0,0.0
2009-11-19,4.252388449411571,4.281316233841876,4.100517408729273,4.208996772766113,15841700,0.0,0.0
2009-11-20,4.172835320688274,4.266850757607821,4.1149797733058655,4.14390754699707,10922900,0.0,0.0
2009-11-23,4.237924082139988,4.331939198576518,4.216228073826109,4.303011417388916,7998200,0.0,0.0
2009-11-24,4.266852397078517,4.3102440742878905,4.172836924035009,4.295780181884766,8860000,0.0,0.0
2009-11-25,4.303012893015116,4.339172804323064,4.223461639891986,4.252389430999756,8147700,0.0,0.0
2009-11-27,4.0712820465666475,4.187190669489348,4.035060882568359,4.035060882568359,7316900,0.01,0.0
2009-11-30,4.04230364914494,4.25963194346977,4.04230364914494,4.245143413543701,20808000,0.0,0.0
2009-12-01,4.295853779625955,4.317586750692647,4.136479925061022,4.310342311859131,19314800,0.0,0.0
2009-12-02,4.310343259493234,4.440740423693644,4.266877653237741,4.4262518882751465,14987700,0.0,0.0
2009-12-03,4.476959892360798,4.556646979671076,4.237898975863766,4.245143413543701,17143700,0.0,0.0
2009-12-04,4.35380768042143,4.49144854578685,4.245143530271111,4.4624714851379395,19158600,0.0,0.0
2009-12-07,4.295854722037855,4.433495981165285,4.223412044979716,4.2668776512146,18287900,0.0,0.0
2009-12-08,4.230655044339427,4.274120635768882,4.165456484478336,4.223410606384277,14013800,0.0,0.0
2009-12-09,4.245144089526768,4.346563815158999,4.1799455217605495,4.310342311859131,12494100,0.0,0.0
2009-12-10,4.230655996793398,4.361052800438193,4.223411557207297,4.2596330642700195,7515800,0.0,0.0
2009-12-11,4.2813654096421745,4.433495176572657,4.201678652056775,4.397274017333984,13290700,0.0,0.0
2009-12-14,4.397273722656205,4.4334948794675615,4.368296659033581,4.41900634765625,9659300,0.0,0.0
2009-12-15,4.361051800437374,4.411761829610462,4.201677965860803,4.2161664962768555,12410500,0.0,0.0
2009-12-16,4.223410746936866,4.332074901843689,4.136479561184937,4.158212184906006,12209500,0.0,0.0
2009-12-17,4.136480877396543,4.158213508032848,3.9843510812066643,3.9988396167755127,21514100,0.0,0.0
2009-12-18,4.04230387267672,4.064036841484516,3.8901741273236112,4.027815341949463,15781400,0.0,0.0
2009-12-21,4.085768896174253,4.1944330342209994,4.020570689693223,4.143723011016846,18031600,0.0,0.0
2009-12-22,4.114746883887334,4.187189889252787,4.114746883887334,4.13647985458374,12499500,0.0,0.0
2009-12-23,4.14372394631507,4.1654569170033735,4.0423042224486405,4.1002583503723145,8307000,0.0,0.0
2009-12-24,4.078525728132656,4.172701358795166,4.078525728132656,4.172701358795166,3062700,0.0,0.0
2009-12-28,4.187191184543786,4.201679721012078,4.064038451846328,4.085771083831787,6163500,0.0,0.0
2009-12-29,4.085768257787088,4.150966799514844,4.056791204893356,4.1292338371276855,5236400,0.0,0.0
2009-12-30,4.093013763427734,4.114746386060949,4.0567922651273,4.093013763427734,3547300,0.0,0.0
2009-12-31,4.085770416253891,4.12923601855688,4.020572185516357,4.020572185516357,5793100,0.0,0.0
2010-01-04,4.100258860200934,4.324831306545568,4.0930147660266645,4.303098678588867,14901600,0.0,0.0
2010-01-05,4.259631748229654,4.4842041245073485,4.259631748229654,4.469715595245361,16660800,0.0,0.0
2010-01-06,4.4697152574755785,4.491447877009365,4.390028179839591,4.440738201141357,11785800,0.0,0.0
2010-01-07,4.397273343322712,4.69428839254934,4.375540374763629,4.629089832305908,25554700,0.0,0.0
2010-01-08,4.600113729935016,4.7522435052539125,4.592869635861391,4.708777904510498,16513200,0.0,0.0
2010-01-11,4.708777264697117,4.781219922759536,4.629090168111537,4.730510234832764,14836600,0.0,0.0
2010-01-12,4.679800029777126,4.744998592358184,4.607357374372524,4.64357852935791,20207300,0.0,0.0
2010-01-13,4.665310737975242,4.802951933517264,4.556646599870089,4.701531887054443,16226500,0.0,0.0
2010-01-14,4.6653114686772055,4.9913035886172334,4.6653114686772055,4.962326526641846,24101200,0.0,0.0
2010-01-15,4.9188617149583385,5.027525887342457,4.716022248912939,4.984060287475586,29510700,0.0,0.0
2010-01-19,4.940595139517655,4.976816303336204,4.846419491808385,4.897129535675049,17897800,0.0,0.0
2010-01-20,4.839173864889499,5.063746269046147,4.839173864889499,5.042013645172119,20676700,0.0,0.0
2010-01-21,5.331784080918014,5.614310581185228,5.2883184920641195,5.317295551300049,57005100,0.0,0.0
2010-01-22,5.18689951398972,5.425960474934605,4.882639983538458,5.252098083496094,27104500,0.0,0.0
2010-01-25,5.38249466943977,5.418716172309111,4.984059865046276,5.114456653594971,29787100,0.0,0.0
2010-01-26,5.143433187585826,5.223120278424757,4.98405935134178,4.991303443908691,36998500,0.0,0.0
2010-01-27,4.97681528648428,5.259342171886818,4.955082661720295,5.179655075073242,23381300,0.0,0.0
2010-01-28,5.259340782003807,5.4187145880794905,5.21587485309487,5.266584873199463,27513800,0.0,0.0
2010-01-29,5.310052046164608,5.425960303460624,5.172410817908662,5.201387882232666,17818300,0.0,0.0
2010-02-01,5.237608465684345,5.3390281730100995,5.16516581759452,5.317295551300049,17914300,0.0,0.0
2010-02-02,5.2738309596408115,5.462181880288417,5.2738309596408115,5.447693347930908,29768900,0.0,0.0
2010-02-03,5.411471826328649,5.411471826328649,5.244853532054334,5.368006229400635,30732000,0.0,0.0
2010-02-04,5.2810764250754545,5.324542033439926,5.027526870232401,5.034770965576172,30016100,0.0,0.0
2010-02-05,5.0275249430447015,5.099967595882904,4.802952546529364,4.991303443908691,35451500,0.0,0.0
2010-02-08,5.005791450660267,5.063745566866394,4.824684664799229,4.940593242645264,25541600,0.0,0.0
2010-02-09,5.020281298454208,5.0927243081751925,4.955083073312742,5.013037204742432,12635000,0.0,0.0
2010-02-10,4.9188617149583385,5.070991487209328,4.882640209019004,4.984060287475586,24267300,0.0,0.0
2010-02-11,4.984061094740118,5.020282261112285,4.926106952197502,4.976816654205322,9413300,0.0,0.0
2010-02-12,4.911617771847339,4.9405948393150245,4.839174757744231,4.9188618659973145,9090700,0.0,0.0
2010-02-16,4.969571606170164,5.042014270457277,4.962327167024517,5.013037204742432,9443500,0.0,0.0
2010-02-17,5.042013450565951,5.049257543099751,4.911616676053213,4.947837829589844,12498800,0.0,0.0
2010-02-18,4.926105346282535,4.940593877194915,4.839173815374434,4.882639408111572,14011800,0.0,0.0
2010-02-19,4.853663291478074,4.947838933465,4.853663291478074,4.9188618659973145,10628800,0.0,0.0
2010-02-22,4.911617346287818,5.063746764595206,4.911617346287818,5.049258232116699,20247300,0.0,0.0
2010-02-23,5.020280624496088,5.034769155408468,4.860906784459916,4.882639408111572,11928800,0.0,0.0
2010-02-24,4.904372313237133,5.157921773614042,4.897128220592329,5.150677680969238,19088100,0.0,0.0
2010-02-25,5.034767966836008,5.085477985774985,4.911615655870623,5.063745021820068,15527600,0.0,0.0
2010-02-26,5.078255312215961,5.208838895710043,5.049236738106165,5.187075138092041,14077600,0.01,0.0
2010-03-01,5.194330759159837,5.2306041577957085,5.005709985668099,5.056492328643799,9943000,0.0,0.0
2010-03-02,5.05649232033426,5.179821460379031,5.05649232033426,5.107275009155273,7789700,0.0,0.0
2010-03-03,5.107275009155273,5.172566988221039,5.063747138421019,5.107275009155273,9324200,0.0,0.0
2010-03-04,5.129038376210202,5.201584816949152,5.078255694728578,5.150802135467529,6691200,0.0,0.0
2010-03-05,5.201585886168624,5.2668778692192255,5.158058012777819,5.259623050689697,10951200,0.0,0.0
2010-03-08,5.2306029603868,5.33216796901633,5.216093673439724,5.274130821228027,8176000,0.0,0.0
2010-03-09,5.237858724226417,5.324914813333421,5.13629369051848,5.2668776512146,12701800,0.0,0.0
2010-03-10,5.332169371493714,5.5788276603992255,5.295896317549761,5.4845170974731445,20269700,0.0,0.0
2010-03-11,5.5135348807384865,5.731174556606987,5.470007014750532,5.716665267944336,17572600,0.0,0.0
2010-03-12,5.847249921652878,5.94155979051559,5.419224989323554,5.477262496948242,31948000,0.0,0.0
2010-03-15,5.470007589751885,5.491771697998047,5.295896107497655,5.491771697998047,25890100,0.0,0.0
2010-03-16,5.52078846290005,5.600589359726875,5.419223119055389,5.586080074310303,17002300,0.0,0.0
2010-03-17,5.629609449908211,5.818230545567946,5.600590527097794,5.731174468994141,17953400,0.0,0.0
2010-03-18,5.6731382233253065,5.6731382233253065,5.440989225183133,5.4845170974731445,19632900,0.0,0.0
2010-03-19,5.5135345458984375,5.564317226098021,5.419224002354371,5.5135345458984375,15160600,0.0,0.0
2010-03-22,5.440987936706232,5.607844913935705,5.375695970768574,5.542552947998047,14027000,0.0,0.0
2010-03-23,5.542553509340301,5.593336193093759,5.5062804603124595,5.578826904296875,11010000,0.0,0.0
2010-03-24,5.564317478960039,5.803720911198376,5.557062661775253,5.731174468994141,20819900,0.0,0.0
2010-03-25,5.825484713301175,5.890776684724633,5.723919693475916,5.752938270568848,23956200,0.0,0.0
2010-03-26,5.78921373667647,5.818232670083089,5.593338098237107,5.702157974243164,17553600,0.0,0.0
2010-03-29,5.72391934718241,5.7529379225197355,5.506280032152468,5.600590229034424,17037000,0.0,0.0
2010-03-30,5.600590661302563,5.658628162385405,5.549808323507083,5.62960958480835,11073300,0.0,0.0
2010-03-31,5.571570881010039,5.694899982054267,5.564316411146137,5.622353553771973,6360200,0.0,0.0
2010-04-01,5.665883413009837,5.716666103717884,5.600591431517889,5.658628940582275,10153600,0.0,0.0
2010-04-05,5.716666846303651,5.927051762963281,5.651374856330379,5.919796943664551,16163200,0.0,0.0
2010-04-06,5.898031774171145,6.239000589642739,5.876268013311358,6.144690036773682,30550000,0.0,0.0
2010-04-07,6.507424709058866,6.507424709058866,6.173710603674881,6.180965423583984,51481600,0.0,0.0
2010-04-08,5.999599302901045,6.093909197839543,5.818232949490847,6.050381660461426,37575600,0.0,0.0
2010-04-09,6.108417655036122,6.122926600732613,5.98508850325677,6.057635307312012,13399100,0.0,0.0
2010-04-12,6.101164018021806,6.10841883820407,5.999599302901045,6.050381660461426,11614600,0.0,0.0
2010-04-13,5.869012443908164,5.977831926124618,5.723919224405062,5.905285835266113,31228500,0.0,0.0
2010-04-14,5.977834617275327,6.217238139414088,5.963325669314827,6.180965423583984,20911200,0.0,0.0
2010-04-15,6.195473404787855,6.217237169261388,6.006852267730303,6.057635307312012,17960900,0.0,0.0
2010-04-16,6.035870063639777,6.043124881470476,5.694901581958277,5.8037214279174805,36335700,0.0,0.0
2010-04-19,5.7601932925238035,5.956068867826873,5.723919896904119,5.898031711578369,30415000,0.0,0.0
2010-04-20,5.941558542957285,6.340564464729985,5.905285843406728,6.224490165710449,33602000,0.0,0.0
2010-04-21,6.391345958142288,7.138574597945176,6.369581513397619,6.485655784606934,75415100,0.0,0.0
2010-04-22,6.297036216221494,6.659768704402782,6.21723462603293,6.616240501403809,30510000,0.0,0.0
2010-04-23,6.6452579993485665,6.725059576646459,6.369581269839089,6.667021751403809,30169000,0.0,0.0
2010-04-26,6.696044320564452,6.71055395851235,6.347821312106277,6.384094715118408,24597600,0.0,0.0
2010-04-27,6.340564773146415,6.4203663764970855,6.137434739981619,6.253509044647217,28290200,0.0,0.0
2010-04-28,6.391348676168975,6.51467712288341,6.246255083596652,6.3188018798828125,28467800,0.0,0.0
2010-04-29,6.398601067279355,6.616240705265573,6.362328370829432,6.500166416168213,17909200,0.0,0.0
2010-04-30,6.514675232574578,6.601731639600552,6.398600945683044,6.543694496154785,23067400,0.0,0.0
2010-05-03,6.59447988770928,6.659771877386821,6.391349791268434,6.521933078765869,15413300,0.0,0.0
2010-05-04,6.500165849997047,6.500165849997047,6.202725337128102,6.268017292022705,21842800,0.0,0.0
2010-05-05,6.166452238839805,6.3768370522553415,6.057632770191438,6.195470809936523,18498000,0.0,0.0
2010-05-06,6.180964999414588,6.217237712755473,5.419225911746966,5.78195858001709,42021000,0.0,0.0
2010-05-07,5.774702422594942,5.948813886546759,5.65137329599804,5.716665267944336,33996000,0.0,0.0
2010-05-10,6.014107086507347,6.15194518398319,5.847250405780926,6.057635307312012,24683700,0.0,0.0
2010-05-11,5.912539968202402,6.355074098036125,5.8980310267536575,6.224490165710449,29700300,0.0,0.0
2010-05-12,6.318800708967028,6.369583041842522,6.209981226560283,6.333309650421143,13109900,0.0,0.0
2010-05-13,6.311546544424135,6.463894250648672,6.260764206301778,6.297037601470947,16611700,0.0,0.0
2010-05-14,6.195475936113666,6.209985579596053,5.963327175258521,6.11567497253418,23588900,0.0,0.0
2010-05-17,6.122927681166188,6.166455909651716,5.7674498006556485,5.992344379425049,19949000,0.0,0.0
2010-05-18,6.093907004542341,6.108416639684613,5.629609749709391,5.709410667419434,21731700,0.0,0.0
2010-05-19,5.665883631400534,5.789212780781796,5.535300009312087,5.651374340057373,16610200,0.0,0.0
2010-05-20,5.5352994030352205,5.615100323717678,5.303150421042948,5.419224739074707,22706800,0.0,0.0
2010-05-21,5.332168801938919,5.745684063417628,5.2741316450848,5.709410667419434,20656500,0.0,0.0
2010-05-24,5.7239198479031375,5.7311746653364635,5.419224434278173,5.440988540649414,11821500,0.0,0.0
2010-05-25,5.266877946499219,5.687647741379671,5.201585962490599,5.651374340057373,24621000,0.0,0.0
2010-05-26,5.774702385426848,5.803720962565377,5.549808239638887,5.59333610534668,10349700,0.0,0.0
2010-05-27,5.7240908947925,5.956541061401367,5.615129706005558,5.956541061401367,18403500,0.01,0.0
2010-05-28,5.949276162026342,5.978332429636437,5.767674662652268,5.825787544250488,10934300,0.0,0.0
2010-06-01,5.847578682063248,5.94927525684747,5.731353282928467,5.731353282928467,15975300,0.0,0.0
2010-06-02,5.774938083836859,5.985596179962158,5.73861792548512,5.985596179962158,13023900,0.0,0.0
2010-06-03,6.080030482889554,6.138143025471646,5.898428614131481,5.934749126434326,11643400,0.0,0.0
2010-06-04,5.760410130776327,5.847579275569228,5.607864560361268,5.6441850662231445,16323800,0.0,0.0
2010-06-07,5.67324032053745,5.738617080877659,5.44078988651067,5.477110385894775,12617000,0.0,0.0
2010-06-08,5.52069603727265,5.6877697490890995,5.42626299442465,5.67324161529541,16319600,0.0,0.0
2010-06-09,5.709562348409613,5.898428095184909,5.695034214042282,5.745882511138916,22418500,0.0,0.0
2010-06-10,5.833050714046828,5.978332042694092,5.753146156479837,5.978332042694092,16826700,0.0,0.0
2010-06-11,5.883899598026088,5.992860419459308,5.811258588566601,5.985596179962158,7502500,0.0,0.0
2010-06-14,6.029180541201421,6.101820853290616,5.883899224267066,5.8984270095825195,8943300,0.0,0.0
2010-06-15,5.985597102947924,6.065502364226041,5.862107783478213,6.0364460945129395,11333000,0.0,0.0
2010-06-16,5.9710689275161295,6.210783310303632,5.9710689275161295,6.094558238983154,14260000,0.0,0.0
2010-06-17,6.152671173365347,6.167198961843841,5.942013044756329,6.0364460945129395,8704800,0.0,0.0
2010-06-18,6.043707085297927,6.130875857556361,5.985594570458972,6.0800275802612305,7666100,0.0,0.0
2010-06-21,6.174462719185499,6.218047466721828,6.08002967682017,6.13087797164917,9056600,0.0,0.0
2010-06-22,6.123615236204199,6.1308787844598465,5.927484885422527,5.934749126434326,8858300,0.0,0.0
2010-06-23,5.971068382263184,6.0655014172768595,5.90569161242633,5.971068382263184,12692100,0.0,0.0
2010-06-24,5.927484524044523,6.021917573172207,5.8112594459661775,5.8475799560546875,8801400,0.0,0.0
2010-06-25,5.949275843736356,6.065501600714648,5.869371285272557,6.007389068603516,11397600,0.0,0.0
2010-06-28,6.007388886923214,6.080029203487268,5.956539903296768,5.971068382263184,5369000,0.0,0.0
2010-06-29,5.883900074870962,5.949276157375518,5.622392973828479,5.67324161529541,18671000,0.0,0.0
2010-06-30,5.6732417262194055,5.840315441302504,5.571544787675184,5.58607292175293,15115900,0.0,0.0
2010-07-01,5.535223299876931,5.644184459369212,5.208340167778064,5.353621482849121,24890700,0.0,0.0
2010-07-02,5.389943510589245,5.477112324307597,5.186549265535014,5.244661808013916,9705500,0.0,0.0
2010-07-06,5.346358348032058,5.4771115501278596,5.310037840927544,5.382678508758545,11233000,0.0,0.0
2010-07-07,5.418998852068228,5.8257872723822866,5.382678346061539,5.811258792877197,14346600,0.0,0.0
2010-07-08,5.862106879461395,5.956539914655144,5.789466216380822,5.905691623687744,12587900,0.0,0.0
2010-07-09,5.898427638067456,6.123614222876594,5.891163398257733,6.065501689910889,8916200,0.0,0.0
2010-07-12,6.043708813774366,6.109085584854641,5.949275776964639,5.978332042694092,10676000,0.0,0.0
2010-07-13,6.08002758026123,6.138140095100185,6.01465082787845,6.0800275802612305,12389600,0.0,0.0
2010-07-14,6.021916684691901,6.0509729499244935,5.883899598026088,5.985596179962158,11869500,0.0,0.0
2010-07-15,5.992860989830301,6.029181498016851,5.774938633467075,5.963804721832275,12039500,0.0,0.0
2010-07-16,5.942011157803673,5.942011157803673,5.549750948487335,5.629655838012695,15607200,0.0,0.0
2010-07-19,5.6296569331539965,5.731353864638032,5.5206957619463815,5.6441850662231445,14706900,0.0,0.0
2010-07-20,5.513431830345379,5.68050553267033,5.448055058798829,5.622392654418945,17312800,0.0,0.0
2010-07-21,5.731352842449656,5.753145211355711,5.469846493844726,5.477110385894775,16968200,0.0,0.0
2010-07-22,5.796730957372529,5.8984278944834765,5.600600976898114,5.774938583374023,24758800,0.0,0.0
2010-07-23,5.774937724161268,5.869370753474703,5.629656407046738,5.83305025100708,11070900,0.0,0.0
2010-07-26,5.825787965903921,6.065502364226041,5.774938974338907,6.0364460945129395,11077000,0.0,0.0
2010-07-27,6.15993374842164,6.27615950167526,6.058237166864229,6.116349697113037,14070300,0.0,0.0
2010-07-28,6.094557007273728,6.1962535777482435,6.050972267958986,6.145405292510986,10058900,0.0,0.0
2010-07-29,6.2107832266730965,6.239839494111962,6.036445622039902,6.13087797164917,9067300,0.0,0.0
2010-07-30,6.043708029280541,6.174461554468838,6.01465176732269,6.145405292510986,10527600,0.0,0.0
2010-08-02,6.225310028058752,6.472288608551025,6.1817259801812625,6.472288608551025,16960200,0.0,0.0
2010-08-03,6.414177565799806,6.450498075932117,6.130878418075113,6.181727409362793,14725200,0.0,0.0
2010-08-04,6.203518790039438,6.276159802712693,6.123614230303689,6.159934043884277,11573500,0.0,0.0
2010-08-05,6.116349030553135,6.167197315790393,6.050972267958986,6.145405292510986,7393200,0.0,0.0
2010-08-06,6.087294723901354,6.087294723901354,5.8839008248640345,5.934749126434326,9083300,0.0,0.0
2010-08-09,5.978330332915148,6.087291817805055,5.796728897232367,6.0800275802612305,12228400,0.0,0.0
2010-08-10,6.0073895288192025,6.1889913787677,5.971069020278287,6.167198657989502,15850700,0.0,0.0
2010-08-11,6.029181650868929,6.065502159976278,5.731354376771586,5.745882511138916,16213800,0.0,0.0
2010-08-12,5.665977478027344,5.782202543380761,5.593336465803441,5.665977478027344,12817300,0.0,0.0
2010-08-13,5.65871337907837,5.8257874342487925,5.651449485502018,5.680505752563477,10133500,0.0,0.0
2010-08-16,5.6441842561010676,5.6659766257658895,5.5715436011816,5.658712387084961,7878800,0.0,0.0
2010-08-17,5.709561449922909,5.731353474855573,5.615128418206718,5.702297210693359,13939500,0.0,0.0
2010-08-18,5.702298457377284,5.7749391336641285,5.62965778109044,5.651450157165527,11652200,0.0,0.0
2010-08-19,5.629655397310451,5.716824171944556,5.477109868511805,5.520694255828857,13589200,0.0,0.0
2010-08-20,5.484377221008064,5.578809940637435,5.389944155000576,5.549753665924072,10328100,0.0,0.0
2010-08-23,5.629658594574878,5.731355556071649,5.5279616330781085,5.549753665924072,9726200,0.0,0.0
2010-08-24,5.45532055250348,5.5497532653162445,5.31730308438871,5.339095115661621,16254000,0.0,0.0
2010-08-25,5.317301567440036,5.397206121149225,5.179284138699629,5.280981063842773,14801000,0.0,0.0
2010-08-26,5.324565785005642,5.477111355211037,5.310037651956462,5.331830024719238,13228100,0.0,0.0
2010-08-27,5.397294944430767,5.53550065032474,5.288185140109156,5.513678550720215,13767000,0.01,0.0
2010-08-30,5.462760875237483,5.462760875237483,5.280911317689239,5.288185119628906,8290200,0.0,0.0
2010-08-31,5.280911637171824,5.404569052431185,5.244541584721672,5.360925197601318,11098500,0.0,0.0
2010-09-01,5.448213768540258,5.717351436146774,5.419117860720728,5.710077285766602,12997800,0.0,0.0
2010-09-02,5.69552835134163,5.77554225749581,5.651884497125855,5.76826810836792,8315800,0.0,0.0
2010-09-03,5.862830634923079,5.921022443741579,5.724624568703331,5.841008186340332,7914800,0.0,0.0
2010-09-07,5.731898719767769,5.768268426863814,5.535501191527402,5.615514755249023,12040900,0.0,0.0
2010-09-08,5.622788812718235,5.906474049565059,5.6155146633078,5.804638385772705,20136600,0.0,0.0
2010-09-09,5.942844167208933,6.044680178953536,5.833734699676276,5.9064741134643555,15243300,0.0,0.0
2010-09-10,5.884652329648106,5.986487647188916,5.855556425536292,5.979214191436768,9951400,0.0,0.0
2010-09-13,6.102873370773218,6.1828869521867205,5.993763184808007,6.044681549072266,15439200,0.0,0.0
2010-09-14,6.0374062898570715,6.051953895761693,5.8264608014817565,5.8701043128967285,12255700,0.0,0.0
2010-09-15,5.833734669514821,6.015584243596439,5.7900904665067605,5.971940040588379,10027100,0.0,0.0
2010-09-16,5.891926731005959,5.950118541717529,5.855556675885951,5.950118541717529,8169300,0.0,0.0
2010-09-17,5.97921440943067,6.030132070057462,5.870104244757559,5.986487865447998,9031500,0.0,0.0
2010-09-20,6.001036350849494,6.117419975146517,5.928296238813295,6.081049919128418,9180200,0.0,0.0
2010-09-21,6.0955985559627415,6.175612128664579,5.9210231098671935,5.93557071685791,11143700,0.0,0.0
2010-09-22,5.928295968249966,5.986487777742644,5.717350832264282,5.731898784637451,12612000,0.0,0.0
2010-09-23,5.67370645928834,5.819185969792959,5.54277455298367,5.564596652984619,15417800,0.0,0.0
2010-09-24,5.695528131283567,5.819185886875758,5.622788377067721,5.746446132659912,13200600,0.0,0.0
2010-09-27,5.724624412366781,5.8410080268254045,5.695528508752125,5.702802658081055,11022200,0.0,0.0
2010-09-28,5.7246239056320105,5.775541905875742,5.65188415303418,5.753719806671143,12568200,0.0,0.0
2010-09-29,5.717351269639767,5.870104607818354,5.673707409181518,5.7828168869018555,11133500,0.0,0.0
2010-09-30,5.797366750813595,5.9646684444603215,5.7755449868187565,5.790092945098877,12230900,0.0,0.0
2010-10-01,5.928297304431721,6.001037429543044,5.870105481823161,5.899201393127441,17373200,0.0,0.0
2010-10-04,5.891926762305321,6.001036234543857,5.855556706992107,5.8701043128967285,12287400,0.0,0.0
2010-10-05,5.935569436045231,6.190159093606895,5.862830029385476,6.153789043426514,18295000,0.0,0.0
2010-10-06,6.146516142186353,6.211982107058228,6.015584906143752,6.059228420257568,14261000,0.0,0.0
2010-10-07,6.146516065176945,6.2119820292286,6.008310680613226,6.168337821960449,11069900,0.0,0.0
2010-10-08,6.161063441806294,6.204706948830077,6.073775734057691,6.110145092010498,8889100,0.0,0.0
2010-10-11,6.139241915015396,6.182886122283547,6.073776644664881,6.168337821960449,6761800,0.0,0.0
2010-10-12,6.146516066542544,6.219256180771909,6.095598402802673,6.182886123657227,13446100,0.0,0.0
2010-10-13,6.161062757112338,6.1901586564617075,6.00830911210291,6.030130863189697,10350700,0.0,0.0
2010-10-14,6.015584502193323,6.015584502193323,5.80463866808805,5.950118541717529,13226700,0.0,0.0
2010-10-15,5.964665953504914,5.986487708386582,5.768268425317206,5.841008186340332,9722200,0.0,0.0
2010-10-18,5.826461871122499,6.117420979641216,5.79736561342001,6.037407398223877,12405400,0.0,0.0
2010-10-19,5.935571363391709,6.153791041631364,5.935571363391709,6.037407398223877,15546000,0.0,0.0
2010-10-20,5.986487936003063,5.993762085807221,5.8046386999563016,5.877378463745117,18559200,0.0,0.0
2010-10-21,5.928298354991674,6.073778630995031,5.891928979692203,6.06650447845459,24579900,0.0,0.0
2010-10-22,6.335640657880871,6.35018826645619,5.950119665668262,6.037407398223877,32991900,0.0,0.0
2010-10-25,6.110145707869325,6.1246940074776415,5.841008408425433,5.877378463745117,13397400,0.0,0.0
2010-10-26,5.841007713322939,5.928295419481943,5.8191859602084435,5.855556011199951,9368000,0.0,0.0
2010-10-27,5.811912471001721,5.979214447073315,5.790090715410157,5.950118541717529,9978400,0.0,0.0
2010-10-28,6.0010359446933945,6.015584243596439,5.899199933475302,5.971940040588379,6368100,0.0,0.0
2010-10-29,5.9646687507629395,6.00831297469524,5.942846985647492,5.9646687507629395,9139700,0.0,0.0
2010-11-01,5.993762015166426,6.030132070057462,5.8555566390218035,5.986487865447998,11184200,0.0,0.0
2010-11-02,6.051954015745156,6.110145827919542,5.993762203570769,6.102872371673584,11050200,0.0,0.0
2010-11-03,6.117420159591026,6.197434423983556,6.05922834568799,6.182886123657227,12385800,0.0,0.0
2010-11-04,6.211982683387534,6.321092172496081,6.1246949533604536,6.262900352478027,21008800,0.0,0.0
2010-11-05,6.211981097901053,6.372008908957343,6.037405682403847,6.110145092010498,34332100,0.0,0.0
2010-11-08,6.102872628072536,6.146516142186353,6.015584906143752,6.059228420257568,12738100,0.0,0.0
2010-11-09,6.1028726665075475,6.131968574000384,5.964666585640709,5.993762493133545,14752300,0.0,0.0
2010-11-10,6.008309315532126,6.124692916870117,5.8991991690020225,6.124692916870117,18397400,0.0,0.0
2010-11-11,6.05922797978271,6.11014564044776,5.979214413923189,6.015584468841553,9895400,0.0,0.0
2010-11-12,5.96466670550169,6.008310914468559,5.811913014669399,5.833735466003418,13479100,0.0,0.0
2010-11-15,5.8773796330745425,5.979215669490145,5.8773796330745425,5.899201393127441,9071600,0.0,0.0
2010-11-16,5.848282241683713,5.8773781456243865,5.644610914099006,5.804638385772705,17368700,0.0,0.0
2010-11-17,5.753719263628453,5.753719263628453,5.513677929285741,5.5864176750183105,23453600,0.0,0.0
2010-11-18,5.702803482237009,5.753721147495895,5.630063365837605,5.710077285766602,13428900,0.0,0.0
2010-11-19,5.491856771482954,5.644610427426488,5.4409387705516075,5.57187032699585,22410300,0.0,0.0
2010-11-22,5.550049488257307,5.651885160038474,5.506405628922522,5.630063056945801,9131500,0.0,0.0
2010-11-23,5.550048249465136,5.62278799878732,5.4700343517854915,5.506404399871826,9628000,0.0,0.0
2010-11-24,5.542774805696992,5.593692810120384,5.4918571481241285,5.535501003265381,6019800,0.0,0.0
2010-11-26,5.469949954097258,5.557352530462199,5.440815414668644,5.448099136352539,2272000,0.01,0.0
2010-11-29,5.4335308571654,5.615619691930173,5.426247137067501,5.608335971832275,9670500,0.0,0.0
2010-11-30,5.535500316662727,5.564634501436725,5.477231947114732,5.48451566696167,9702600,0.0,0.0
2010-12-01,5.5864858393473265,5.659321308135986,5.535500837541809,5.659321308135986,11415600,0.0,0.0
2010-12-02,5.688455937855344,5.943380272086179,5.659321748075073,5.914246082305908,17611600,0.0,0.0
2010-12-03,5.89239624931541,5.994365577240208,5.7904262267766615,5.972515106201172,10930800,0.0,0.0
2010-12-06,5.943381715793888,6.001650109508413,5.863262848089927,5.957949161529541,10162200,0.0,0.0
2010-12-07,5.994366592967227,6.04535196018289,5.746725911156681,5.790427207946777,17431300,0.0,0.0
2010-12-08,5.768576534650314,6.008933832376239,5.761292811782487,5.957949161529541,14518900,0.0,0.0
2010-12-09,6.023496980343416,6.118182531610792,5.936093757519833,6.09633207321167,12590800,0.0,0.0
2010-12-10,6.096335377045118,6.147320039144756,6.030783271709053,6.10361909866333,8741600,0.0,0.0
2010-12-13,6.103618933748714,6.118185681977633,5.921530065896833,6.045350551605225,19094400,0.0,0.0
2010-12-14,6.016216661299685,6.125469709627093,5.892396169401187,5.943380832672119,12848200,0.0,0.0
2010-12-15,5.936098201942788,6.038068241840709,5.8341288566589355,5.8341288566589355,9089900,0.0,0.0
2010-12-16,5.870545028121487,6.0162159741240595,5.826843397013785,5.892395496368408,11707400,0.0,0.0
2010-12-17,6.001648226487388,6.1764533527857415,5.987081479936106,6.132752418518066,17728500,0.0,0.0
2010-12-20,6.14003569419892,6.191020345354846,6.074483602933429,6.1254682540893555,10943500,0.0,0.0
2010-12-21,6.125469845311763,6.212872424832523,6.125469845311763,6.1837382316589355,10465700,0.0,0.0
2010-12-22,6.205590944226601,6.365828699313184,6.198307220464266,6.292993545532227,17830100,0.0,0.0
2010-12-23,6.292992541398386,6.358543960957374,6.205589954039049,6.2128729820251465,9297100,0.0,0.0
2010-12-27,6.183737329299023,6.285707337833615,6.132752672338656,6.220155239105225,7281200,0.0,0.0
2010-12-28,6.234721312261783,6.496928955003121,6.191019691164709,6.445944309234619,11135200,0.0,0.0
2010-12-29,6.475078491761434,6.496928955003121,6.424093151379231,6.445944309234619,5100600,0.0,0.0
2010-12-30,6.43866058994949,6.482361516432861,6.402242688137545,6.445944309234619,5769400,0.0,0.0
2010-12-31,6.424093151379231,6.482361516432861,6.394958968852416,6.445944309234619,4061300,0.0,0.0
2011-01-03,6.526064027749183,6.657168214310603,6.475079375025875,6.598899841308594,12148200,0.0,0.0
2011-01-04,6.591616011256421,6.657168103445459,6.445945081177329,6.526063919067383,13052600,0.0,0.0
2011-01-05,6.496929755184969,6.6061827794630394,6.438661382954827,6.569765567779541,12409000,0.0,0.0
2011-01-06,6.56248279554616,6.58433326463531,6.336692299578641,6.343976020812988,14609600,0.0,0.0
2011-01-07,6.3803926479517035,6.4459447366369345,6.169169636973596,6.358541488647461,14645600,0.0,0.0
2011-01-10,6.431377568852361,6.431377568852361,6.212870828873383,6.307557106018066,11052700,0.0,0.0
2011-01-11,6.3585412123947425,6.409526553942455,6.292989821171201,6.322124004364014,6021400,0.0,0.0
2011-01-12,6.402242983642578,6.445944606756766,6.307556712406617,6.387676239013672,16862100,0.0,0.0
2011-01-13,6.394959027861843,6.402242747214183,6.2274376504402795,6.24200439453125,10725600,0.0,0.0
2011-01-14,6.212870441170657,6.431377167514125,6.212870441170657,6.387676239013672,14009900,0.0,0.0
2011-01-18,6.4095279798159215,6.489646827766092,6.387677511213853,6.460512638092041,14014600,0.0,0.0
2011-01-19,6.402244093522373,6.409527814406384,6.191021050183035,6.220155239105225,14449900,0.0,0.0
2011-01-20,6.198304581379464,6.212871328087843,6.052633641226505,6.118185043334961,14786800,0.0,0.0
2011-01-21,6.271139458668637,6.402243646981214,6.2274385256403155,6.394959926605225,18509300,0.0,0.0
2011-01-24,6.402244787068041,6.431378979146293,6.220155912925475,6.2711405754089355,17598600,0.0,0.0
2011-01-25,6.416811783801776,6.562482734054293,6.300274328985881,6.489646911621094,31692400,0.0,0.0
2011-01-26,6.467794863376175,6.598899033896263,6.3949590587286345,6.475078582763672,15303600,0.0,0.0
2011-01-27,6.475079147651932,6.6061826349958235,6.41681077669603,6.504213333129883,14723600,0.0,0.0
2011-01-28,6.511498095744798,6.598901370110786,6.402245044708252,6.402245044708252,12050700,0.0,0.0
2011-01-31,6.438662286034384,6.569766489247626,6.42409484362674,6.482363224029541,9324900,0.0,0.0
2011-02-01,6.555198173724028,6.751854452350369,6.518780267169469,6.744570732116699,11691100,0.0,0.0
2011-02-02,6.708153822972813,6.831974306900449,6.657169162983985,6.780989646911621,14173900,0.0,0.0
2011-02-03,6.715436010047009,6.897524833679199,6.708152290394424,6.897524833679199,12202000,0.0,0.0
2011-02-04,6.882962226867676,7.0577674535771635,6.802843338279383,6.882962226867676,11036400,0.0,0.0
2011-02-07,6.919377960447005,7.021347990977792,6.89024376524021,6.977646350860596,10689300,0.0,0.0
2011-02-08,7.006777437393683,7.116031141907442,6.941225353608167,7.072329521179199,11271600,0.0,0.0
2011-02-09,6.955794009537158,6.977644476418946,6.831973539517325,6.97036075592041,16123100,0.0,0.0
2011-02-10,6.8683927365690165,6.904809956669441,6.766422714291562,6.773706436157227,16178000,0.0,0.0
2011-02-11,6.744571787498836,7.021346948163602,6.708153875245648,6.948511123657227,12921700,0.0,0.0
2011-02-14,6.955793911330382,7.0140622852683565,6.890241816996708,6.992211818695068,7797900,0.0,0.0
2011-02-15,6.9703599810212795,7.116031596342318,6.963076955946221,7.028628349304199,14452800,0.0,0.0
2011-02-16,7.014063673556931,7.065048337190565,6.9339448171878,6.9557952880859375,10678500,0.0,0.0
2011-02-17,6.94851150677548,6.970361977486596,6.853825207542059,6.875675678253174,9128700,0.0,0.0
2011-02-18,6.8756739156117845,7.057762745623486,6.853823450502234,6.941226005554199,21286000,0.0,0.0
2011-02-22,6.839259386462884,6.875676611050687,6.664453513216874,6.708155155181885,15346200,0.0,0.0
2011-02-23,6.686303799136441,6.810124291314074,6.598901221354689,6.693586826324463,17125600,0.0,0.0
2011-02-24,6.679017779458649,6.780987765762171,6.526063147310217,6.584331512451172,24449700,0.0,0.0
2011-02-25,6.69370818835171,6.839540466831268,6.664541732655798,6.773915767669678,9977400,0.01,0.0
2011-02-28,6.803081725069134,6.846831753100078,6.628083003711567,6.664541244506836,11718600,0.0,0.0
2011-03-01,6.708290040049004,6.708290040049004,6.48954130817482,6.525999546051025,11754600,0.0,0.0
2011-03-02,6.518706369234841,6.679122164450412,6.496831709327277,6.591622829437256,13236900,0.0,0.0
2011-03-03,6.795789256428183,6.8759975172120145,6.737456355157961,6.810372829437256,17595100,0.0,0.0
2011-03-04,6.766622786948218,6.795789237502101,6.6062076565933765,6.752039909362793,18027900,0.0,0.0
2011-03-07,6.737457294297518,6.795790203698811,6.68641617241717,6.759332656860352,13006300,0.0,0.0
2011-03-08,6.781207567533391,6.875998722559948,6.744749324002691,6.788499355316162,13051400,0.0,0.0
2011-03-09,6.788497464720606,6.9270379170939815,6.781205678968595,6.83953857421875,11637700,0.0,0.0
2011-03-10,6.76662517150362,6.76662517150362,6.533293484846581,6.562459945678711,18543400,0.0,0.0
2011-03-11,6.533293012742443,6.722875342143464,6.533293012742443,6.620792388916016,15346000,0.0,0.0
2011-03-14,6.569750063949344,6.62079118357925,6.445792463091197,6.540583610534668,11644400,0.0,0.0
2011-03-15,6.314542801921905,6.482250423340055,6.285376349768715,6.431208610534668,12656400,0.0,0.0
2011-03-16,6.416627633431234,6.496835226772687,6.292670001205086,6.307252883911133,14936500,0.0,0.0
2011-03-17,6.402040286772227,6.460373174025237,6.256208068639702,6.453082084655762,11210700,0.0,0.0
2011-03-18,6.555166235910582,6.875997906441133,6.460375092134877,6.504125118255615,39288800,0.0,0.0
2011-03-21,6.547873656458652,6.591623677284021,6.321833852446047,6.343708515167236,88248000,0.0,0.0
2011-03-22,6.423917729730856,6.423917729730856,6.278084768798676,6.3364176750183105,26516600,0.0,0.0
2011-03-23,6.314542761227903,6.336417426356057,6.183293379692844,6.2635016441345215,17392500,0.0,0.0
2011-03-24,6.34370922239327,6.34370922239327,6.168710510348106,6.314542770385742,17017100,0.0,0.0
2011-03-25,6.3364186454424525,6.387460467739021,6.248919272712449,6.3582940101623535,14829100,0.0,0.0
2011-03-28,6.358291876642484,6.402041200635834,6.270792533272817,6.387458324432373,12613200,0.0,0.0
2011-03-29,6.358292336365203,6.402041663521754,6.321834100146065,6.372875213623047,11297100,0.0,0.0
2011-03-30,6.409333042554523,6.533290620592768,6.3874583803662945,6.511415958404541,25105700,0.0,0.0
2011-03-31,6.445794342068767,6.5114190552274565,6.431210763418702,6.474960803985596,15658400,0.0,0.0
2011-04-01,6.48954130817482,6.598916021803436,6.48954130817482,6.525999546051025,13351100,0.0,0.0
2011-04-04,6.562458022827884,6.6353745012347565,6.460375092134877,6.504125118255615,12624700,0.0,0.0
2011-04-05,6.5114190461599595,6.526001929406415,6.438502543777777,6.460377216339111,8452900,0.0,0.0
2011-04-06,6.511415958489414,6.562457068723601,6.423916614352389,6.547873497009277,11180900,0.0,0.0
2011-04-07,6.533290620592768,6.591623516683358,6.474957724502179,6.511415958404541,12259200,0.0,0.0
2011-04-08,6.569750037038485,6.584332915994539,6.423917770562463,6.467667102813721,10888000,0.0,0.0
2011-04-11,6.460374112736208,6.518707008465155,6.40933300281912,6.438499450683594,11657500,0.0,0.0
2011-04-12,6.365583924370639,6.4385004025027275,6.351001045974064,6.394751071929932,13532800,0.0,0.0
2011-04-13,6.438498515151075,6.489539617651742,6.416623856276913,6.453082084655762,20871200,0.0,0.0
2011-04-14,6.42391799025115,6.44579265712486,6.358293294246895,6.3801679611206055,9732700,0.0,0.0
2011-04-15,6.438500397418734,6.482250423340055,6.372875706228287,6.431208610534668,12947300,0.0,0.0
2011-04-18,6.270793430971595,6.380167451995432,6.09579402379716,6.2635016441345215,24904800,0.0,0.0
2011-04-19,6.2926687903011675,6.2926687903011675,6.088503604021257,6.117670059204102,16652500,0.0,0.0
2011-04-20,6.2124609641683,6.241627418185766,6.037461544680388,6.088503360748291,13788400,0.0,0.0
2011-04-21,6.139544481433077,6.139544481433077,6.030170452713358,6.088503360748291,14341700,0.0,0.0
2011-04-25,6.103085290024701,6.161418188979204,6.103085290024701,6.132251739501953,6540100,0.0,0.0
2011-04-26,6.168710722669805,6.2562100817040385,6.103086029548356,6.227043628692627,10800000,0.0,0.0
2011-04-27,6.205170618818971,6.3510029227958285,6.205170618818971,6.307252883911133,20093100,0.0,0.0
2011-04-28,6.285375385150913,6.35829185203492,6.27079250900389,6.32912540435791,10696500,0.0,0.0
2011-04-29,6.32183313369751,6.409332470017192,6.32183313369751,6.32183313369751,11969700,0.0,0.0
2011-05-02,6.37287640717706,6.4239182255965055,6.314543496454678,6.351001739501953,9355100,0.0,0.0
2011-05-03,6.365583919344221,6.445792184302799,6.285376349768715,6.431208610534668,17263900,0.0,0.0
2011-05-04,6.416626428374116,6.416626428374116,6.270794151784893,6.29266881942749,14554000,0.0,0.0
2011-05-05,6.256209352624543,6.299959374734713,6.176001790036079,6.197876453399658,7368500,0.0,0.0
2011-05-06,6.292669762292521,6.314544433212719,6.132253886316817,6.219753265380859,12789000,0.0,0.0
2011-05-09,6.21246048976361,6.241626941553827,6.183293342590332,6.183293342590332,11325400,0.0,0.0
2011-05-10,6.205168740204066,6.299959882936823,6.183293379692844,6.2635016441345215,9856300,0.0,0.0
2011-05-11,6.227043628692628,6.292668321814076,6.197877175681216,6.227043628692627,8938900,0.0,0.0
2011-05-12,6.227045054148676,6.25621151383669,6.124962097549001,6.219753265380859,12579000,0.0,0.0
2011-05-13,6.176003198838877,6.219752535545659,6.015587341686613,6.030170917510986,18118700,0.0,0.0
2011-05-16,6.030169521495717,6.212460004800186,6.022877735271615,6.139543533325195,14616400,0.0,0.0
2011-05-17,6.103087206963945,6.227044830022284,6.103087206963945,6.212461948394775,12383700,0.0,0.0
2011-05-18,6.2051703983061675,6.248919740252868,6.161420360976214,6.241628646850586,8591800,0.0,0.0
2011-05-19,6.270793430971595,6.299959882936823,6.205168740204066,6.2635016441345215,7481800,0.0,0.0
2011-05-20,6.263502077306405,6.278084956606009,6.117669807394782,6.124960899353027,11048200,0.0,0.0
2011-05-23,6.0447537979521915,6.0957949225711605,6.015587341686613,6.030170917510986,9275000,0.0,0.0
2011-05-24,6.044753088180503,6.088503115133349,6.015586635339634,6.0593366622924805,8493600,0.0,0.0
2011-05-25,6.037462011660512,6.1468367442231635,6.037462011660512,6.081212043762207,7521000,0.0,0.0
2011-05-26,6.088529071882346,6.110483405958973,6.037303688157238,6.0738935470581055,6931600,0.03,0.0
2011-05-27,6.1031666953204855,6.198300071139126,6.088530469243616,6.183663845062256,6065100,0.0,0.0
2011-05-31,6.249525278737827,6.2641615043746794,6.125120152399179,6.198299884796143,9224000,0.0,0.0
2011-06-01,6.154392105771951,6.183663860103219,5.971443466728106,5.986079692840576,11035800,0.0,0.0
2011-06-02,5.971442970315936,6.059258226009569,5.912899466520181,6.022668361663818,13190100,0.0,0.0
2011-06-03,5.920216613469794,6.008031854842082,5.868991230476001,5.898262977600098,11740700,0.0,0.0
2011-06-06,5.89826144246866,5.920215072624519,5.781174135499659,5.803127765655518,13466600,0.0,0.0
2011-06-07,5.905579247621498,5.971440840373069,5.810446262359619,5.810446262359619,12512500,0.0,0.0
2011-06-08,5.773859102560095,5.912900113768367,5.766541338258,5.839720726013184,10606100,0.0,0.0
2011-06-09,5.854355282739798,5.993395913631713,5.817765422643967,5.949488639831543,12096300,0.0,0.0
2011-06-10,5.905580628608815,5.942170488459731,5.751904124496556,5.861673355102539,17083800,0.0,0.0
2011-06-13,5.912898351150943,5.912898351150943,5.803129127766624,5.8543548583984375,15778200,0.0,0.0
2011-06-14,5.927534709917878,6.0007137285985745,5.883626740394661,5.934852123260498,15663200,0.0,0.0
2011-06-15,5.876308734997301,5.934852230153691,5.8397192249979355,5.890944957733154,15294500,0.0,0.0
2011-06-16,5.890944429418258,5.971441553565728,5.854354573753608,5.912898063659668,11769400,0.0,0.0
2011-06-17,5.964123970355504,6.081211658416982,5.934852222813512,6.0738935470581055,18515700,0.0,0.0
2011-06-20,6.066576395765943,6.103166260457344,5.97144302672575,6.0007147789001465,11255300,0.0,0.0
2011-06-21,6.051940055961807,6.110483552449289,5.993395861580797,6.04462194442749,9177800,0.0,0.0
2011-06-22,6.037305088446878,6.110484823221885,5.986079692840576,5.986079692840576,10074300,0.0,0.0
2011-06-23,5.8982624496220755,5.971441461935007,5.8616725945188906,5.920216083526611,11991900,0.0,0.0
2011-06-24,5.920215072624519,5.942168702780378,5.722630656488487,5.803127765655518,15199600,0.0,0.0
2011-06-27,5.832400590565473,5.9421698086126975,5.773857100659413,5.912898063659668,8860000,0.0,0.0
2011-06-28,5.93485247083904,5.93485247083904,5.839719461825207,5.927535057067871,8815200,0.0,0.0
2011-06-29,5.971442171771576,6.081211750129647,5.9055805643354375,6.066575527191162,9708700,0.0,0.0
2011-06-30,6.081211605125792,6.139755099696743,6.051939857840316,6.095847129821777,9712700,0.0,0.0
2011-07-01,6.103165373825673,6.205616142605808,6.095847262371801,6.176344394683838,10214000,0.0,0.0
2011-07-05,6.125118930783214,6.125118930783214,6.008031940615247,6.0738935470581055,9708700,0.0,0.0
2011-07-06,6.051940239964051,6.051940239964051,5.971442406426174,6.0299859046936035,8991800,0.0,0.0
2011-07-07,6.095848317123899,6.190981688804413,6.073894676857209,6.1324381828308105,9029600,0.0,0.0
2011-07-08,6.022667609824538,6.110483552449289,5.993395861580797,6.04462194442749,11636600,0.0,0.0
2011-07-11,5.927534963255483,5.978760348310647,5.847037132004761,5.861673355102539,11969600,0.0,0.0
2011-07-12,5.868991466651429,5.986078459859537,5.832401257853747,5.861673355102539,12539900,0.0,0.0
2011-07-13,5.8982624496220755,6.022666840343403,5.883626228423426,5.920216083526611,12198200,0.0,0.0
2011-07-14,5.964125832888457,5.971443946532702,5.81776704947221,5.825085163116455,9757100,0.0,0.0
2011-07-15,5.868989702963074,5.876307114419481,5.7519023959940725,5.803127765655518,9825600,0.0,0.0
2011-07-18,5.810448537137787,5.817766300893582,5.627499906934255,5.656771659851074,11347100,0.0,0.0
2011-07-19,5.8031292760266595,5.971441996463587,5.7079962723467235,5.898262977600098,22634400,0.0,0.0
2011-07-20,5.986078828918095,6.132437579451659,5.949488966811312,6.051940441131592,20254100,0.0,0.0
2011-07-21,6.081210937635783,6.198297913925907,6.029984862088782,6.147071838378906,17079400,0.0,0.0
2011-07-22,6.1251190637427655,6.190980671615299,6.022667596175099,6.154390811920166,11323600,0.0,0.0
2011-07-25,6.051940042246026,6.205616196757236,6.051940042246026,6.154390811920166,14112500,0.0,0.0
2011-07-26,6.147072474483518,6.1617086969810675,6.022667374828353,6.081211566925049,9742900,0.0,0.0
2011-07-27,6.051940163793771,6.125119186760245,5.920216945403161,5.927535057067871,16635900,0.0,0.0
2011-07-28,5.927535812094788,6.066576461967035,5.898264059600966,5.905581474304199,14207700,0.0,0.0
2011-07-29,5.8250824976143365,5.9421694707694535,5.759220900741231,5.8836259841918945,15966900,0.0,0.0
2011-08-01,5.978760092783715,6.0007137285985745,5.817765135056584,5.934852123260498,14687600,0.0,0.0
2011-08-02,5.876309251273673,5.927535337456231,5.7445863755989865,5.751904487609863,16214700,0.0,0.0
2011-08-03,5.744586392587107,5.832401643296588,5.605545404490368,5.795812129974365,19350100,0.0,0.0
2011-08-04,5.693360747968139,5.759222008563363,5.481140044882462,5.488458156585693,17087800,0.0,0.0
2011-08-05,5.59090929455312,5.5982274062782755,5.261601943750128,5.305509567260742,22406900,0.0,0.0
2011-08-08,5.0713347704668195,5.290873217235458,4.7200734650050435,4.7566633224487305,24029700,0.0,0.0
2011-08-09,4.866431447410456,5.071333625794898,4.66152892007935,5.064015865325928,19024700,0.0,0.0
2011-08-10,4.954248041507829,4.954248041507829,4.5078533627341875,4.537125110626221,31809600,0.0,0.0
2011-08-11,4.646893869809477,4.968883413009617,4.581032618185549,4.903021812438965,19721600,0.0,0.0
2011-08-12,4.990838726472323,5.0566999956513365,4.668849097446998,4.705438613891602,19683300,0.0,0.0
2011-08-15,4.771298304403409,5.0054725806186315,4.771298304403409,4.983518600463867,11357400,0.0,0.0
2011-08-16,4.910341192062301,4.976202809652732,4.807890058324709,4.888387203216553,12701700,0.0,0.0
2011-08-17,4.946932408934916,5.027429575823088,4.80057325751232,4.895706653594971,13070200,0.0,0.0
2011-08-18,4.742027449260604,4.749345211381296,4.5298071135594,4.573714733123779,19379500,0.0,0.0
2011-08-19,4.4785803189286755,4.602985385945582,4.376129230951612,4.398083209991455,15743600,0.0,0.0
2011-08-22,4.537125123568405,4.566396871543936,4.3761305097029854,4.427356243133545,14278200,0.0,0.0
2011-08-23,4.434673647941188,4.6468939781188965,4.346858411098012,4.6468939781188965,14464000,0.0,0.0
2011-08-24,4.632259768453273,4.78593666257752,4.588352134267324,4.72739315032959,15785100,0.0,0.0
2011-08-25,4.881068291980766,4.998155274438334,4.588350486890112,4.6468939781188965,20240900,0.0,0.0
2011-08-26,4.63218969325918,4.786596039741365,4.514546545566016,4.72042179107666,13453000,0.03,0.0
2011-08-29,4.786596178285739,4.970413229360862,4.786596178285739,4.96306037902832,10154200,0.0,0.0
2011-08-30,4.933648796774179,4.941001295188902,4.7792424734304815,4.830711364746094,12427100,0.0,0.0
2011-08-31,4.867475340967418,4.955707439755198,4.80130144217818,4.882180690765381,8562800,0.0,0.0
2011-09-01,4.860122125535335,4.918943516063539,4.698362950979629,4.735126495361328,12729900,0.0,0.0
2011-09-02,4.617483823356281,4.69836306194112,4.573367428815086,4.588072776794434,12077500,0.0,0.0
2011-09-06,4.463077213302496,4.580719989731185,4.41160832331338,4.492487907409668,13264600,0.0,0.0
2011-09-07,4.588073344202918,4.882180690765381,4.56601549480757,4.882180690765381,12068100,0.0,0.0
2011-09-08,4.838064588166633,4.904238836831339,4.639542192775708,4.72042179107666,14350500,0.0,0.0
2011-09-09,4.654248053501234,4.6983641072544176,4.485136338812415,4.499841690063477,14449800,0.0,0.0
2011-09-12,4.433665070813528,4.69100873548428,4.426312224387185,4.632187366485596,17678600,0.0,0.0
2011-09-13,4.661600918385759,4.808654431336667,4.624837364846417,4.6689534187316895,9706700,0.0,0.0
2011-09-14,4.705715018921792,4.801299937964056,4.595424754688647,4.75718355178833,14467400,0.0,0.0
2011-09-15,4.816006681513864,4.852769879863956,4.742479583607306,4.808653831481934,13321400,0.0,0.0
2011-09-16,4.816005872656166,4.8454165666379305,4.705715594922985,4.801300525665283,12762500,0.0,0.0
2011-09-19,4.683657168484101,4.705715363185712,4.5807197446171735,4.6468939781188965,10666900,0.0,0.0
2011-09-20,4.676305461669216,4.757184704515599,4.624836565728014,4.661600112915039,8163500,0.0,0.0
2011-09-21,4.646896700234586,4.691012764877543,4.345436399269405,4.360141754150391,17835500,0.0,0.0
2011-09-22,4.205733256701543,4.308671040173457,4.139559368016045,4.2572021484375,19665600,0.0,0.0
2011-09-23,4.220439273475288,4.3307295729103386,4.139560024412353,4.198381423950195,17633100,0.0,0.0
2011-09-26,4.286612558814772,4.470429566315255,4.249849367676546,4.463077068328857,17237800,0.0,0.0
2011-09-27,4.646895945614703,4.676306650600604,4.389551751083181,4.4263153076171875,24198600,0.0,0.0
2011-09-28,4.433666669672823,4.4630773647781865,4.2572021484375,4.2572021484375,15508300,0.0,0.0
2011-09-29,4.3895496303274735,4.580719470977783,4.3160229033862345,4.580719470977783,27304300,0.0,0.0
2011-09-30,4.514548155702399,4.573369575226342,4.352789252011556,4.360141754150391,15382600,0.0,0.0
2011-10-03,4.213085193066061,4.411607517321402,4.205732345581055,4.205732345581055,17436300,0.0,0.0
2011-10-04,4.117500489368315,4.4336659352864745,4.110147992111403,4.41160774230957,22600000,0.0,0.0
2011-10-05,4.360140523515343,4.543957582947574,4.330729822054444,4.477783679962158,14476500,0.0,0.0
2011-10-06,4.499840677000893,4.823358682292893,4.4410192852392845,4.816006183624268,27887200,0.0,0.0
2011-10-07,4.830711747636913,4.845417096235069,4.492488379276165,4.529251575469971,14028700,0.0,0.0
2011-10-10,4.646893638158271,4.75718355178833,4.610130099879528,4.75718355178833,12210500,0.0,0.0
2011-10-11,4.727773277583111,4.896884937466343,4.63218870072981,4.852768898010254,14982000,0.0,0.0
2011-10-12,4.89688563762775,5.1248187160425225,4.874827790047411,4.970412731170654,17273500,0.0,0.0
2011-10-13,4.8821804083935465,4.9189439560637505,4.6836580223014295,4.82335901260376,21175500,0.0,0.0
2011-10-14,4.889532289954995,4.926295479742263,4.632188559031702,4.786594867706299,17918800,0.0,0.0
2011-10-17,4.7204204274676815,4.79394715440892,4.566014125589535,4.580719470977783,12037500,0.0,0.0
2011-10-18,4.624836893999424,4.963060289955777,4.588073344202918,4.882180690765381,17532200,0.0,0.0
2011-10-19,4.889532865513768,4.9704124535312575,4.639541602879608,4.683657646179199,22547300,0.0,0.0
2011-10-20,4.7277725982070775,5.065995869371205,4.661598723833619,5.007174491882324,24403800,0.0,0.0
2011-10-21,5.088054822526558,5.183639750549328,5.051291280793764,5.11011266708374,23756700,0.0,0.0
2011-10-24,5.198345777954436,5.315988565942182,5.132171534409746,5.271872520446777,16513100,0.0,0.0
2011-10-25,5.176287533613353,5.257167124933201,5.0807025939265476,5.1027607917785645,16649900,0.0,0.0
2011-10-26,5.2424609836626495,5.374809098948086,5.146876058432724,5.3527512550354,21490000,0.0,0.0
2011-10-27,5.610096709329793,5.69097596263209,5.323341845647488,5.4998064041137695,30110700,0.0,0.0
2011-10-28,5.536568748169516,5.536568748169516,5.2865774909662315,5.389514923095703,18417300,0.0,0.0
2011-10-31,5.257166108670269,5.411572411976619,5.1909918785095215,5.1909918785095215,15204000,0.0,0.0
2011-11-01,4.9777641139698625,5.235107831854843,4.874826696936488,5.021880149841309,24577300,0.0,0.0
2011-11-02,5.161583332074879,5.286578996267812,5.110114426053307,5.257168292999268,15131100,0.0,0.0
2011-11-03,5.330693349722019,5.470394320959523,5.16893453337514,5.4115729331970215,17243600,0.0,0.0
2011-11-04,5.345398880754501,5.411573119567874,5.2130507537308945,5.389514923095703,16912500,0.0,0.0
2011-11-07,5.36745564226784,5.536567267999651,5.352750298752164,5.433629512786865,12917000,0.0,0.0
2011-11-08,5.470395200948326,5.565980146740117,5.404220953768905,5.543921947479248,13649600,0.0,0.0
2011-11-09,5.367455695521778,5.4042188793741985,5.198344068112104,5.213049411773682,16232100,0.0,0.0
2011-11-10,5.308634099927139,5.382161170633857,5.220402035802746,5.330692291259766,13867700,0.0,0.0
2011-11-11,5.418923998845367,5.529214247045826,5.4042186557921745,5.492450714111328,9471300,0.0,0.0
2011-11-14,5.433631837161946,5.448337186968213,5.26452013908828,5.30863618850708,10225800,0.0,0.0
2011-11-15,5.271872918902625,5.440984614718301,5.2571675692927045,5.367457866668701,9869000,0.0,0.0
2011-11-16,5.3453990901279145,5.521863617007783,5.308635544768689,5.323340892791748,12841300,0.0,0.0
2011-11-17,5.308634942085457,5.477746600453168,5.220402863963986,5.249813556671143,15750800,0.0,0.0
2011-11-18,5.308635933848722,5.323341282949564,5.19834599089399,5.205698490142822,14769300,0.0,0.0
2011-11-21,5.12481934059209,5.198346443095568,5.036587238311768,5.036587238311768,20786700,0.0,0.0
2011-11-22,5.014527668282144,5.058643704292456,4.904237402954817,4.977764129638672,17352500,0.0,0.0
2011-11-23,4.911591200179387,5.043939693839581,4.882180501722273,4.904238700866699,17836400,0.0,0.0
2011-11-25,4.889465301673149,5.059341001383829,4.87469351701079,4.926394939422607,3190500,0.03,0.0
2011-11-28,5.111044140223795,5.147973438187993,4.94855410218214,5.037185192108154,10976100,0.0,0.0
2011-11-29,5.059342317001241,5.20706055422419,5.0002551629869485,5.140587329864502,14282300,0.0,0.0
2011-11-30,5.310462751568794,5.406479547110386,5.229217743634585,5.384321689605713,20501200,0.0,0.0
2011-12-01,5.325236331043729,5.399095293933155,5.243991295771702,5.332622051239014,9156300,0.0,0.0
2011-12-02,5.39170652520799,5.472951162356095,5.288303683440576,5.31784725189209,17069100,0.0,0.0
2011-12-05,5.406478085198404,5.5320380698161395,5.376934517972219,5.4729509353637695,12917400,0.0,0.0
2011-12-06,5.428636876545296,5.458180450802881,5.325234366643752,5.413865089416504,9799000,0.0,0.0
2011-12-07,5.369548450072122,5.5098805704900515,5.317847031332747,5.4729509353637695,7941500,0.0,0.0
2011-12-08,5.42863725697188,5.42863725697188,5.288305093320603,5.310462951660156,14423100,0.0,0.0
2011-12-09,5.36954922232049,5.4803377914458435,5.332619581882988,5.450794219970703,8341400,0.0,0.0
2011-12-12,5.376937781159985,5.399095293933155,5.243991295771702,5.332622051239014,9314000,0.0,0.0
2011-12-13,5.391706540076378,5.428635824649049,5.207059060651668,5.273531913757324,10645400,0.0,0.0
2011-12-14,5.221831625415452,5.33261984787989,5.170130196661456,5.251375198364258,11340300,0.0,0.0
2011-12-15,5.325235110237182,5.362164759309456,5.251376164279868,5.258761882781982,9312600,0.0,0.0
2011-12-16,5.295690550109524,5.391707338147519,5.27353269433646,5.303076267242432,11375000,0.0,0.0
2011-12-19,5.295689766250621,5.325233334783605,5.192287276385176,5.273531913757324,12787300,0.0,0.0
2011-12-20,5.354778238368118,5.495110399980919,5.325234662469339,5.443408966064453,11561400,0.0,0.0
2011-12-21,5.4507954147587006,5.5689697265625,5.399093977250923,5.5689697265625,14784400,0.0,0.0
2011-12-22,5.598511951402824,5.746230157642625,5.5837401659975585,5.709300518035889,11136300,0.0,0.0
2011-12-23,5.761003344938574,5.827476219344301,5.650214751346057,5.746231555938721,9703500,0.0,0.0
2011-12-27,5.753615874251685,5.753615874251685,5.664985161820091,5.709300518035889,4790000,0.0,0.0
2011-12-28,5.709301192681437,5.716686910163238,5.605898682625912,5.63544225692749,5925000,0.0,0.0
2011-12-29,5.642828546057426,5.753617137005404,5.620671039180163,5.738845348358154,6155600,0.0,0.0
2011-12-30,5.746231777897175,5.746231777897175,5.664986759166132,5.679758548736572,6660400,0.0,0.0
2012-01-03,5.790546784717137,5.923493234729599,5.724073559710906,5.738845348358154,13876100,0.0,0.0
2012-01-04,5.71668778596405,5.827476382661457,5.664986699109235,5.7683892250061035,10573300,0.0,0.0
2012-01-05,5.738843838790132,5.967806678688816,5.672370631269274,5.908719539642334,14540500,0.0,0.0
2012-01-06,5.901334749717227,5.938264395715809,5.783160446021297,5.893949031829834,10008900,0.0,0.0
2012-01-09,5.930878817785911,5.938264888473406,5.842248082659379,5.9013352394104,11261700,0.0,0.0
2012-01-10,5.989964424743541,6.0195079954751955,5.886561927182753,6.012122631072998,14201400,0.0,0.0
2012-01-11,5.967807721980777,6.078595950967363,5.8865627154950495,6.056438446044922,13276200,0.0,0.0
2012-01-12,6.078596226932572,6.115525873062815,5.953036557088808,6.071210861206055,16502200,0.0,0.0
2012-01-13,5.997350784648384,6.159840783747347,5.893948282068145,6.145068645477295,13491400,0.0,0.0
2012-01-17,6.189385024996949,6.233700035848995,6.0268950083325175,6.063824653625488,13296100,0.0,0.0
2012-01-18,6.049051499147204,6.181997918152949,5.997350427033538,6.137682914733887,12361400,0.0,0.0
2012-01-19,6.167227304834756,6.174612670136682,6.049052303137097,6.130297660827637,16548200,0.0,0.0
2012-01-20,6.085981947144218,6.130297660827637,5.960421580144633,6.130297660827637,13494200,0.0,0.0
2012-01-23,6.145069387536577,6.174612963269949,5.938264357402975,5.989965438842773,16149600,0.0,0.0
2012-01-24,5.953037242926988,6.108141211043713,5.901335450638417,6.0047383308410645,26938700,0.0,0.0
2012-01-25,5.908719939872221,6.108139575942576,5.893948154110027,6.085981369018555,19679800,0.0,0.0
2012-01-26,6.093368057526408,6.108140196977689,5.746230880726661,5.820089817047119,23334400,0.0,0.0
2012-01-27,5.775775009173524,5.945650755095898,5.753617150058769,5.916107177734375,19237000,0.0,0.0
2012-01-30,5.849633100084177,5.8644048866121805,5.738844525030564,5.797931671142578,12041700,0.0,0.0
2012-01-31,5.820090362011634,5.849633939306132,5.716687489293671,5.738845348358154,19537000,0.0,0.0
2012-02-01,5.8644048866121805,5.879176673140184,5.746230594388152,5.797931671142578,17363200,0.0,0.0
2012-02-02,5.812703723872538,5.893948729590886,5.768388362259035,5.864405155181885,10533800,0.0,0.0
2012-02-03,5.9382635113966105,6.093367437993228,5.930877442421937,6.085981369018555,14362100,0.0,0.0
2012-02-06,6.063825489707008,6.085982998188113,5.997352259889198,6.0047383308410645,7217600,0.0,0.0
2012-02-07,5.982580249766818,6.012123826372172,5.960422039031982,5.960422039031982,15586400,0.0,0.0
2012-02-08,5.997351133528447,6.05643828129725,5.9308779161949525,6.034280776977539,8396100,0.0,0.0
2012-02-09,6.056438150857517,6.056438150857517,5.945649927270687,5.975193500518799,8942200,0.0,0.0
2012-02-10,5.9013344470995435,5.908720516795388,5.834861580772882,5.864405155181885,10513300,0.0,0.0
2012-02-13,5.945649927270687,5.982579569924413,5.916106354022577,5.975193500518799,9211700,0.0,0.0
2012-02-14,5.953035900786447,5.975193404272037,5.8348612575103544,5.879176616668701,10060200,0.0,0.0
2012-02-15,5.886562683641937,5.930878045434212,5.805318029783027,5.820089817047119,11782900,0.0,0.0
2012-02-16,5.812704504283868,5.91610738078539,5.783160925908358,5.9013352394104,12253400,0.0,0.0
2012-02-17,5.93087842340504,6.004737716619689,5.908720917190414,5.99735164642334,9493700,0.0,0.0
2012-02-21,6.026895262487636,6.034281332732581,5.916107026311165,5.960422039031982,7900200,0.0,0.0
2012-02-22,5.953035780989358,5.960421145753043,5.812703284864516,5.827475070953369,9042700,0.0,0.0
2012-02-23,5.8127028685404705,5.953035354614259,5.76100179702606,5.953035354614258,13767600,0.0,0.0
2012-02-24,5.97527551651001,6.049410020413589,5.930794248563247,5.97527551651001,10666800,0.03,0.0
2012-02-27,5.945622949678508,6.079065370392879,5.908554982141464,6.0271711349487305,13013200,0.0,0.0
2012-02-28,6.049411570184467,6.13837342186295,5.997517333456839,6.130960464477539,15964500,0.0,0.0
2012-02-29,6.138373396516726,6.153200725238223,5.94562307217888,6.0049309730529785,23850800,0.0,0.0
2012-03-01,6.0419986403354455,6.10872021395732,5.975277773719607,5.997518062591553,16594700,0.0,0.0
2012-03-02,5.990103289826527,6.027170902430598,5.886314469439262,5.915968418121338,12707700,0.0,0.0
2012-03-05,5.893726775726925,5.93079438201568,5.760284029392614,5.789937973022461,14688000,0.0,0.0
2012-03-06,5.708389595761438,5.73804354014179,5.634254734810556,5.649081707000732,12985700,0.0,0.0
2012-03-07,5.7083910602125325,5.82700722166706,5.686150772973115,5.775112628936768,9837100,0.0,0.0
2012-03-08,5.83442122372654,5.893729134724554,5.7380456916032525,5.886315822601318,9619200,0.0,0.0
2012-03-09,5.886315140201699,6.012344259710423,5.864074499404281,5.945623397827148,9031400,0.0,0.0
2012-03-12,5.945621795533884,5.953034751296975,5.804765030948231,5.841832637786865,10369600,0.0,0.0
2012-03-13,5.915969521039712,6.197682086039303,5.878901901525099,6.123547554016113,24052000,0.0,0.0
2012-03-14,6.168026022830026,6.338536731493056,6.123545460226311,6.294055461883545,27116600,0.0,0.0
2012-03-15,6.338537969942828,6.405259533890531,6.264402741777395,6.331124305725098,17341700,0.0,0.0
2012-03-16,6.368191919807814,6.434913483755518,6.227335127694677,6.331124305725098,19411100,0.0,0.0
2012-03-19,6.390433856803207,6.538703644442446,6.338539607881002,6.420087814331055,15967900,0.0,0.0
2012-03-20,6.368191552000457,6.464567060246791,6.308883655695928,6.442326068878174,13015400,0.0,0.0
2012-03-21,6.442328249538942,6.457155582136918,6.323712416779663,6.353366374969482,11048000,0.0,0.0
2012-03-22,6.271816222697302,6.294056507694572,6.123546477705646,6.190268039703369,16299200,0.0,0.0
2012-03-23,6.168025103166541,6.212506366143817,6.086476945881508,6.197679042816162,11902100,0.0,0.0
2012-03-26,6.2569879741670675,6.301469244623436,6.205093747806145,6.271815299987793,12698100,0.0,0.0
2012-03-27,6.279227907106885,6.286640861765022,6.175438764830369,6.197679042816162,15442000,0.0,0.0
2012-03-28,6.197679298294632,6.294054782880075,6.168025357422628,6.2866411209106445,12229400,0.0,0.0
2012-03-29,6.227333239166636,6.294054782880075,6.182852681361489,6.2866411209106445,12725500,0.0,0.0
2012-03-30,6.323711043592137,6.323711043592137,6.1606146624674105,6.301470756530762,12436000,0.0,0.0
2012-04-02,6.2199202842029235,6.33112238572151,6.145785078520054,6.2866411209106445,12752300,0.0,0.0
2012-04-03,6.27181657980989,6.294056866073506,6.116133161952675,6.212508678436279,19650400,0.0,0.0
2012-04-04,6.138373851776123,6.190268799144266,6.064239323688203,6.138373851776123,18742200,0.0,0.0
2012-04-05,6.168027372422445,6.242162602324156,6.1087194713034565,6.130960464477539,11612800,0.0,0.0
2012-04-09,6.027169860758813,6.056823804315817,5.967861973644805,6.041996479034424,9433900,0.0,0.0
2012-04-10,6.019757924477226,6.064239206072061,5.9307960682935414,5.945623397827148,16867600,0.0,0.0
2012-04-11,6.019757769311535,6.145787239074707,5.982690153438961,6.145787239074707,14480400,0.0,0.0
2012-04-12,6.145786762702916,6.25698889469518,6.093892528707315,6.190268039703369,18329200,0.0,0.0
2012-04-13,6.175440436583694,6.175440436583694,5.908554553985596,5.908554553985596,25648000,0.0,0.0
2012-04-16,5.95303555498024,6.0568247267392055,5.901141322603703,5.96044921875,18766000,0.0,0.0
2012-04-17,6.041999061546461,6.101306974010258,5.997518480701657,6.049412727355957,18579100,0.0,0.0
2012-04-18,6.012343652620784,6.093892542809344,5.901141520371184,5.923381805419922,24827700,0.0,0.0
2012-04-19,5.960449746720136,6.019757648119862,5.797353017870888,5.864074230194092,36897100,0.0,0.0
2012-04-20,5.930795234730517,5.9382088984553425,5.752871547370014,5.8344197273254395,22236300,0.0,0.0
2012-04-23,5.745457142808734,5.908553835192351,5.723216508004973,5.841832637786865,13339000,0.0,0.0
2012-04-24,5.856659734254247,5.990102485403285,5.8492460713278485,5.9530348777771,16692700,0.0,0.0
2012-04-25,6.034585682048821,6.071652594500052,5.923382823677017,5.997518062591553,11718900,0.0,0.0
2012-04-26,5.975278190279254,6.056826393165453,5.930796902428364,6.049412727355957,11719700,0.0,0.0
2012-04-27,6.056824681961064,6.079064966100031,5.967862838399314,6.012343406677246,11339400,0.0,0.0
2012-04-30,5.96786288251976,6.004930494362668,5.901141322603703,5.96044921875,9965500,0.0,0.0
2012-05-01,5.945624234047355,6.11613430562925,5.945624234047355,6.049412727355957,12998200,0.0,0.0
2012-05-02,6.012344259710423,6.012344259710423,5.9382097330603445,5.945623397827148,10171000,0.0,0.0
2012-05-03,5.9604494185050925,5.997517031590264,5.901141520371184,5.923381805419922,16969400,0.0,0.0
2012-05-04,5.9159695621735064,5.923382874026163,5.760286124734491,5.797353744506836,11751600,0.0,0.0
2012-05-07,5.760285598671483,5.908555357213958,5.760285598671483,5.871488094329834,8489300,0.0,0.0
2012-05-08,5.819593304144297,5.901141845320409,5.782526042520956,5.864074230194092,11353800,0.0,0.0
2012-05-09,5.782525495263431,5.864073675218856,5.738044219920362,5.8344197273254395,16088900,0.0,0.0
2012-05-10,5.908554395688156,5.9975165898394085,5.83441952848122,5.849246501922607,11415000,0.0,0.0
2012-05-11,5.7825252981878315,5.893727422246768,5.715803740950125,5.849246501922607,10342100,0.0,0.0
2012-05-14,5.752873081824803,5.804767327728483,5.663910860912855,5.686151504516602,13102200,0.0,0.0
2012-05-15,5.6787372923390125,5.7454588632264745,5.6046024099657235,5.634256362915039,12196500,0.0,0.0
2012-05-16,5.656495809941741,5.723217013237218,5.56753396987915,5.56753396987915,10473100,0.0,0.0
2012-05-17,5.567533806837325,5.626841698475589,5.4711583061736855,5.485985279083252,13457400,0.0,0.0
2012-05-18,5.552707040843028,5.574947679203518,5.45633188395545,5.493399143218994,14205200,0.0,0.0
2012-05-21,5.500812409164978,5.589774249164241,5.471158462498558,5.52305269241333,11242700,0.0,0.0
2012-05-22,5.5304663597682735,5.656495809941741,5.5230526963449265,5.56753396987915,10174000,0.0,0.0
2012-05-23,5.530467256985685,5.6416697518559635,5.493399640861264,5.619429111480713,11900000,0.0,0.0
2012-05-24,5.664204400397825,5.686592360356988,5.5597260677543705,5.626890659332275,11338300,0.05,0.0
2012-05-25,5.64181741640441,5.6791311662782995,5.567190272506923,5.597041130065918,12783200,0.0,0.0
2012-05-29,5.701517080879653,5.708979970510399,5.619427430042433,5.679129123687744,7880800,0.0,0.0
2012-05-30,5.634353667620382,5.641816202479304,5.5224127979348365,5.544800758361816,11006000,0.0,0.0
2012-05-31,5.5298765226330335,5.656742845183908,5.492563128609436,5.597041130065918,10192200,0.0,0.0
2012-06-01,5.477637119909013,5.485099655583553,5.268680783268097,5.32838249206543,17087300,0.0,0.0
2012-06-04,5.33584463734061,5.343307171971469,5.074649519956846,5.1418137550354,23251800,0.0,0.0
2012-06-05,5.11942588266513,5.238829285598359,5.0970375666900445,5.1492767333984375,17146300,0.0,0.0
2012-06-06,5.208977707484467,5.3433065170267025,5.171663971353211,5.320918560028076,13423700,0.0,0.0
2012-06-07,5.410472607639652,5.455248889966363,5.32092004298623,5.335845470428467,12874000,0.0,0.0
2012-06-08,5.320920436112549,5.440323864472345,5.268681258279995,5.432861328125,8452400,0.0,0.0
2012-06-11,5.492561830294899,5.5149497902470035,5.246292135720503,5.268680095672607,11627500,0.0,0.0
2012-06-12,5.283607289947348,5.35823444119089,5.223905568952515,5.350771903991699,10209000,0.0,0.0
2012-06-13,5.328382578782219,5.4179354992859,5.298531723897745,5.335845470428467,9386300,0.0,0.0
2012-06-14,5.335845864657523,5.4477867566699745,5.328382972459893,5.432861328125,12213000,0.0,0.0
2012-06-15,5.455248204953466,5.544800758361816,5.403009037540154,5.544800758361816,10001100,0.0,0.0
2012-06-18,5.559728563095313,5.619430646765975,5.485101403319944,5.5224151611328125,15034600,0.0,0.0
2012-06-19,5.567189172249942,5.7462942822069385,5.537338320590443,5.6865925788879395,17007200,0.0,0.0
2012-06-20,5.701517581939697,5.7388313216723,5.589576718592085,5.701517581939697,12898600,0.0,0.0
2012-06-21,5.738831758438132,5.753757184297065,5.52987544056285,5.574651718139648,13898800,0.0,0.0
2012-06-22,5.597040023909442,5.68659257888794,5.574651707239707,5.6865925788879395,8945200,0.0,0.0
2012-06-25,5.574651274186667,5.604502479377471,5.507487041095392,5.567188739776611,14324200,0.0,0.0
2012-06-26,5.552264610344595,5.686593463713719,5.522413754040345,5.649280071258545,11737100,0.0,0.0
2012-06-27,5.67166715305819,5.68659257888794,5.589577133069456,5.6865925788879395,14798000,0.0,0.0
2012-06-28,5.641816084588454,5.649278975141646,5.50748725728285,5.626890659332275,12843200,0.0,0.0
2012-06-29,5.895549227414681,5.910474654082556,5.708981216141116,5.7761454582214355,11135500,0.0,0.0
2012-07-02,5.820923485638249,5.820923485638249,5.6716688274281015,5.761221408843994,12227300,0.0,0.0
2012-07-03,5.761218893485633,5.850771791652899,5.746293469766118,5.820920944213867,4752900,0.0,0.0
2012-07-05,5.783606354124818,5.820920085846316,5.708979246531941,5.738830089569092,8112300,0.0,0.0
2012-07-06,5.679130257607408,5.783608242347228,5.6343539784332,5.7462944984436035,7807600,0.0,0.0
2012-07-09,5.723905896949298,5.753756746395302,5.679129622780292,5.701517581939697,6468700,0.0,0.0
2012-07-10,5.74629508836109,5.783608836095362,5.597040809124544,5.641817092895508,8505500,0.0,0.0
2012-07-11,5.619428479940499,5.7313689985146254,5.589577271690471,5.708981037139893,10500900,0.0,0.0
2012-07-12,5.664204509807453,5.6940553608964075,5.567189065843244,5.656741619110107,19349900,0.0,0.0
2012-07-13,5.679128856180961,5.873159351388709,5.6642034334726725,5.85823392868042,13519000,0.0,0.0
2012-07-16,5.843308505972132,5.940323931501079,5.8209205498347725,5.85823392868042,9806400,0.0,0.0
2012-07-17,5.93286141673772,5.955249730138503,5.8582342984853915,5.940324306488037,12787800,0.0,0.0
2012-07-18,5.9030120658766485,5.932862920744904,5.798534073837753,5.843310356140137,10146500,0.0,0.0
2012-07-19,5.8955487871699255,6.022414726448147,5.820921659403261,5.903011322021484,27236800,0.0,0.0
2012-07-20,5.903012223639909,5.992564790638048,5.850773404149461,5.888086795806885,17636100,0.0,0.0
2012-07-23,5.768683062415245,5.843310197560605,5.753757635386172,5.798533916473389,13219800,0.0,0.0
2012-07-24,5.798532237847267,5.865696817959638,5.753755969722402,5.85823392868042,20140000,0.0,0.0
2012-07-25,5.895549687648531,5.940325971147601,5.858235940140839,5.888086795806885,10897800,0.0,0.0
2012-07-26,6.0000259266172415,6.03733966320535,5.917935919633502,6.014951705932617,12694200,0.0,0.0
2012-07-27,6.074655160196547,6.141819051478488,6.007490557214068,6.104506015777588,11201800,0.0,0.0
2012-07-30,6.082115577750817,6.10450424672388,6.007488816274929,6.014951705932617,6212200,0.0,0.0
2012-07-31,6.037340761975035,6.044803652990937,5.947787849035369,5.9552507400512695,7453100,0.0,0.0
2012-08-01,5.9925645200022775,6.037341157329418,5.940325702871037,5.947788238525391,9524800,0.0,0.0
2012-08-02,5.925400647557654,5.970176931844454,5.8358480789840534,5.917937755584717,15144600,0.0,0.0
2012-08-03,6.007489660023916,6.164206806344555,5.992563878612222,6.149281024932861,14986000,0.0,0.0
2012-08-06,6.156743827768494,6.194057569064751,6.134355867670908,6.141818046569824,11693200,0.0,0.0
2012-08-07,6.164207848938311,6.216446669313882,6.1418191730340235,6.156744956970215,7974600,0.0,0.0
2012-08-08,6.1194305598432015,6.238833971867385,6.111967668666571,6.2239089012146,8601600,0.0,0.0
2012-08-09,6.186595544811604,6.231372182977538,6.171670473223306,6.216446399688721,8974300,0.0,0.0
2012-08-10,6.164207195202508,6.2239089012146,6.156744304025877,6.2239089012146,7344400,0.0,0.0
2012-08-13,6.201521597078241,6.223909561281978,6.1418191730340235,6.156744956970215,6098900,0.0,0.0
2012-08-14,6.231373404523591,6.253761372145048,6.111969249907621,6.134357929229736,9118000,0.0,0.0
2012-08-15,6.141818046569824,6.179131787866081,6.089579235775316,6.141818046569824,8014900,0.0,0.0
2012-08-16,6.14181890664567,6.246297254565837,6.14181890664567,6.216446399688721,14958500,0.0,0.0
2012-08-17,6.253760164435832,6.268685236067627,6.22390930947172,6.238834381103516,14007500,0.0,0.0
2012-08-20,6.208984155982358,6.261223691244153,6.194059082836555,6.231372833251953,18473700,0.0,0.0
2012-08-21,6.238834362921428,6.305998964320069,6.208983508044311,6.216446399688721,9013900,0.0,0.0
2012-08-22,6.208983118861339,6.283610607226691,6.194058048208554,6.2239089012146,8831500,0.0,0.0
2012-08-23,6.216446010037969,6.268684824873431,6.194058048208554,6.2239089012146,11541000,0.0,0.0
2012-08-24,6.216401576211397,6.291479178752223,6.186370678393684,6.268956184387207,6453900,0.05,0.0
2012-08-27,6.306493959940173,6.306493959940173,6.216401270911662,6.238924980163574,9038200,0.0,0.0
2012-08-28,6.223909173995633,6.2689558765064115,6.208894083820737,6.238924980163574,9655000,0.0,0.0
2012-08-29,6.238924474540092,6.298986262358156,6.231416572064586,6.276462554931641,6197500,0.0,0.0
2012-08-30,6.238924781529922,6.32901746769008,6.216401072995114,6.306493759155273,8580700,0.0,0.0
2012-08-31,6.336525303618219,6.34403320723222,6.2689563190715,6.3290181159973145,10818800,0.0,0.0
2012-09-04,6.306493759155273,6.344032557386928,6.25393987122677,6.306493759155273,8779600,0.0,0.0
2012-09-05,6.291478869765278,6.306493959940173,6.231417077079604,6.238924980163574,8585900,0.0,0.0
2012-09-06,6.298986410092997,6.426617891198068,6.28397060478981,6.3890790939331055,18833500,0.0,0.0
2012-09-07,6.43412572999783,6.554249320626627,6.4116027357532,6.464156627655029,17869100,0.0,0.0
2012-09-10,6.434124579663928,6.546740962738957,6.419109491516361,6.479171276092529,12866600,0.0,0.0
2012-09-11,6.479173216072467,6.524219209995692,6.441634410474337,6.49418830871582,9666500,0.0,0.0
2012-09-12,6.516710895400336,6.5617568815383525,6.479172096289962,6.5242180824279785,8673900,0.0,0.0
2012-09-13,6.524218322200242,6.659357717566895,6.456649340509982,6.629326820373535,14060200,0.0,0.0
2012-09-14,6.659357719920969,6.817020109240109,6.659357719920969,6.786989212036133,27297000,0.0,0.0
2012-09-17,6.794496283653954,6.802004186034209,6.681879895929072,6.689387798309326,14593200,0.0,0.0
2012-09-18,6.68188081412787,6.696896620951794,6.6443427290542125,6.674373626708984,12330400,0.0,0.0
2012-09-19,6.71191161102966,6.8245280125393695,6.67437352651949,6.786989212036133,15124400,0.0,0.0
2012-09-20,6.749449354149424,6.75695725627248,6.651848774528555,6.741941452026367,12817700,0.0,0.0
2012-09-21,6.832035079562248,6.847050168329778,6.689387798309327,6.689387798309326,10001400,0.0,0.0
2012-09-24,6.681882173671876,6.756959791081178,6.6443440809604475,6.696897983551025,11983200,0.0,0.0
2012-09-25,6.7269260918070986,6.74944908127272,6.584279537200928,6.584279537200928,11660700,0.0,0.0
2012-09-26,6.606803480532621,6.62932647325003,6.531725883483887,6.531725883483887,9969300,0.0,0.0
2012-09-27,6.58428079806295,6.6743734891707325,6.546741997769774,6.614311695098877,6868100,0.0,0.0
2012-09-28,6.591787026701821,6.621817919370439,6.546741045695374,6.561756134033203,13587300,0.0,0.0
2012-10-01,6.5917870913902155,6.666864681795013,6.531725305463564,6.539233207702637,10037500,0.0,0.0
2012-10-02,6.584280590600401,6.606803583669409,6.494187186338287,6.5242180824279785,12329700,0.0,0.0
2012-10-03,6.554247655242215,6.6068022497834,6.516709579703664,6.569263458251953,20500200,0.0,0.0
2012-10-04,6.591787215344954,6.689387798309327,6.584280028957679,6.689387798309326,13375400,0.0,0.0
2012-10-05,6.741941748532288,6.764465455892034,6.644341880612,6.66686487197876,9677100,0.0,0.0
2012-10-08,6.599294348278532,6.644341041314848,6.516709579703664,6.569263458251953,13095000,0.0,0.0
2012-10-09,6.576773030864334,6.584280934276904,6.464156627655029,6.464156627655029,11486600,0.0,0.0
2012-10-10,6.4866779051861325,6.516708791580812,6.396585246002092,6.44913911819458,11191000,0.0,0.0
2012-10-11,6.5167100704508725,6.53172515859844,6.4641554719520125,6.479171276092529,13164500,0.0,0.0
2012-10-12,6.441634861076633,6.441634861076633,6.193879729188549,6.253941535949707,23431200,0.0,0.0
2012-10-15,6.314002173117237,6.321510076569936,6.20889438875178,6.268956184387207,17542400,0.0,0.0
2012-10-16,6.283969308525393,6.3064922958411005,6.141322767535433,6.201384544372559,19459100,0.0,0.0
2012-10-17,6.223908875503422,6.344032455113768,6.201385883324735,6.314001560211182,21036600,0.0,0.0
2012-10-18,6.644342901183297,6.734435596481563,6.539234398672105,6.591788291931152,41255800,0.0,0.0
2012-10-19,6.576771938363992,6.60680283103261,6.509202250861361,6.561756134033203,13559500,0.0,0.0
2012-10-22,6.501695771135034,6.569265473420543,6.336525467325245,6.4566497802734375,16501000,0.0,0.0
2012-10-23,6.374064105695127,6.434125902620942,6.321510212383314,6.3290181159973145,20077800,0.0,0.0
2012-10-24,6.381571252740255,6.42661795309064,6.306493657487282,6.314001560211182,8345400,0.0,0.0
2012-10-25,6.366556369816164,6.4191109805056925,6.291479479677448,6.40409517288208,10599000,0.0,0.0
2012-10-26,6.3890800864464214,6.411603081907038,6.268956489332313,6.29898738861084,12780000,0.0,0.0
2012-10-31,6.321509838104248,6.389079534643449,6.268955947904004,6.321509838104248,8046800,0.0,0.0
2012-11-01,6.321510919742115,6.389080627842786,6.283972113464722,6.381572723388672,7366100,0.0,0.0
2012-11-02,6.426618612070848,6.434125799571516,6.268956218667443,6.283971309661865,14143300,0.0,0.0
2012-11-05,6.25393903584844,6.359047513658464,6.186369351255777,6.351539611816406,15334600,0.0,0.0
2012-11-06,6.374061544211476,6.4866779051861325,6.344030657816796,6.44913911819458,12223600,0.0,0.0
2012-11-07,6.344032481321181,6.381571279102741,6.193878006187955,6.2239089012146,19228100,0.0,0.0
2012-11-08,6.2314169726256905,6.336524750067231,6.193878173828125,6.193878173828125,10803100,0.0,0.0
2012-11-09,6.178862200678124,6.314001586294536,6.163847111161309,6.2239089012146,10897100,0.0,0.0
2012-11-12,6.23892470672443,6.276462788512975,6.208893811697784,6.2239089012146,5536000,0.0,0.0
2012-11-13,6.186371572507818,6.2914800880576545,6.126309768191679,6.133817672729492,11135900,0.0,0.0
2012-11-14,6.156337420028326,6.201384107479016,6.013690889087953,6.0362138748168945,10836500,0.0,0.0
2012-11-15,6.0061844765637815,6.103785060227101,5.983661127258211,6.013692378997803,10455700,0.0,0.0
2012-11-16,6.036215884182804,6.096277676782191,5.976154091583416,6.028707981109619,14468300,0.0,0.0
2012-11-19,6.141325577267306,6.208895286121259,6.118801863653865,6.133817672729492,11547100,0.0,0.0
2012-11-20,6.156338979295512,6.276462554931641,6.111292996428458,6.276462554931641,10555700,0.0,0.0
2012-11-21,6.283969942407491,6.29147784426769,6.216400257651562,6.261446952819824,6875800,0.0,0.0
2012-11-23,6.291659542258478,6.382295608520508,6.269000705770828,6.382295608520508,2214700,0.05,0.0
2012-11-26,6.336976980548108,6.404953479766846,6.268999761018054,6.404953479766846,9714800,0.0,0.0
2012-11-27,6.367188672731046,6.389847504646134,6.216127872467041,6.216127872467041,13689000,0.0,0.0
2012-11-28,6.18591817399112,6.208577734706748,6.080176438564389,6.178365707397461,22054400,0.0,0.0
2012-11-29,6.21613096275619,6.2538961815968035,6.102836026545989,6.133048057556152,14010700,0.0,0.0
2012-11-30,6.148153098369912,6.1632587504395335,6.065069490896811,6.102834701538086,13364400,0.0,0.0
2012-12-03,6.15570536703298,6.163258552981543,6.027304447308972,6.034857273101807,17218500,0.0,0.0
2012-12-04,6.042410379211687,6.072622402295288,5.898903089486723,5.9668803215026855,17498200,0.0,0.0
2012-12-05,5.997093012736515,6.027305039186109,5.9064569333877355,5.981986999511719,14298100,0.0,0.0
2012-12-06,5.966880309235087,6.0121983437673165,5.936668286213601,5.98953914642334,17072600,0.0,0.0
2012-12-07,6.004645428919016,6.133046712632843,5.989539416726551,6.12549352645874,13095000,0.0,0.0
2012-12-10,6.087728938424745,6.185917475864971,6.065069380266415,6.155705451965332,13956600,0.0,0.0
2012-12-11,6.185915856476496,6.23878742469341,6.17836339271232,6.216127872467041,10442400,0.0,0.0
2012-12-12,6.238789353043963,6.329425429030349,6.15570574315615,6.1934709548950195,22134400,0.0,0.0
2012-12-13,6.201022245791157,6.216127893682345,6.117939381611421,6.148151397705078,12977600,0.0,0.0
2012-12-14,6.155703861495032,6.178363413798736,6.125491845401374,6.148151397705078,6573600,0.0,0.0
2012-12-17,6.178365126965771,6.3445309014004945,6.163258754574533,6.336978435516357,10725500,0.0,0.0
2012-12-18,6.412508862155484,6.457827264145789,6.352084806376119,6.442720890045166,16314900,0.0,0.0
2012-12-19,6.46537920949427,6.472931674782538,6.382295608520508,6.382295608520508,8763100,0.0,0.0
2012-12-20,6.382297048915565,6.465380668640137,6.382297048915565,6.465380668640137,8435700,0.0,0.0
2012-12-21,6.3747429847717285,6.420061382052685,6.321872121536853,6.3747429847717285,12458400,0.0,0.0
2012-12-24,6.40495500952187,6.40495500952187,6.336978494067668,6.3747429847717285,2053300,0.0,0.0
2012-12-26,6.382295608520508,6.435167187406927,6.352083586433165,6.382295608520508,5225300,0.0,0.0
2012-12-27,6.3974024710243205,6.427614495431871,6.246342348986567,6.359637260437012,7912200,0.0,0.0
2012-12-28,6.299213799961707,6.367191041305567,6.284107426191272,6.306766986846924,5320900,0.0,0.0
2012-12-31,6.261448001034602,6.374742912485047,6.261448001034602,6.359637260437012,6170000,0.0,0.0
2013-01-02,6.51069744488208,6.639098729922812,6.472932233932779,6.631545543670654,12731000,0.0,0.0
2013-01-03,6.608885965474401,6.691968844013973,6.586227129565683,6.676863193511963,14056000,0.0,0.0
2013-01-04,6.56356691364069,6.7750517619037165,6.5182492463781365,6.759945392608643,21197200,0.0,0.0
2013-01-07,6.729735101921568,6.790159153990666,6.691969889300502,6.77505350112915,20213100,0.0,0.0
2013-01-08,6.797710990064012,6.797710990064012,6.722180579827639,6.767498970031738,36449200,0.0,0.0
2013-01-09,6.82037009238526,6.873241669747964,6.684416357066002,6.7221808433532715,23183500,0.0,0.0
2013-01-10,6.752392292022705,6.782604310677633,6.6995214394544185,6.752392292022705,19681300,0.0,0.0
2013-01-11,6.737287236142817,6.752392886644826,6.63154480138312,6.676863193511963,13687000,0.0,0.0
2013-01-14,6.752393836770509,6.759947023240022,6.661757760070875,6.699522972106934,12311200,0.0,0.0
2013-01-15,6.684417423025503,6.790159153990666,6.661757863265953,6.77505350112915,12164600,0.0,0.0
2013-01-16,6.782604706952769,6.911005973815918,6.759945871715562,6.911005973815918,17903400,0.0,0.0
2013-01-17,6.91100675466823,7.069620059872655,6.895901102907148,7.054514408111572,28365100,0.0,0.0
2013-01-18,7.092279407911128,7.099831873412235,6.971430595844632,7.009195804595947,20243400,0.0,0.0
2013-01-22,7.009195611397112,7.07717284121349,6.9714304036867425,7.069619655609131,15889700,0.0,0.0
2013-01-23,7.130044691362459,7.1753630909794,6.956325720172489,7.024302959442139,24965500,0.0,0.0
2013-01-24,6.827925161834674,7.046962556173501,6.790159944815234,6.97898530960083,45937200,0.0,0.0
2013-01-25,6.994090068330893,7.024302090902695,6.903454000615485,7.016748905181885,16194800,0.0,0.0
2013-01-28,7.0016449768377615,7.0016449768377615,6.918561354088631,6.948773384094238,8380600,0.0,0.0
2013-01-29,6.918559663547169,7.009195731417181,6.918559663547169,6.9940900802612305,11519200,0.0,0.0
2013-01-30,7.001642506816095,7.122490584206047,6.971429767157248,7.084725379943848,13746600,0.0,0.0
2013-01-31,7.001644461568633,7.1073861986506435,6.9865380875217395,7.099833011627197,16540200,0.0,0.0
2013-02-01,7.152703762054443,7.228233462500792,7.084726527434697,7.152703762054443,14309600,0.0,0.0
2013-02-04,7.08472594170869,7.122491148965383,7.0394075489383745,7.077172756195068,8851700,0.0,0.0
2013-02-05,7.1073859101148775,7.213128363215664,7.08472707027597,7.167809963226318,14566500,0.0,0.0
2013-02-06,7.0998326237273615,7.213128261954465,7.084726970817327,7.19802188873291,9842500,0.0,0.0
2013-02-07,7.19802238172212,7.220681943106396,7.130045138192432,7.175363540649414,7877600,0.0,0.0
2013-02-08,7.175364369371129,7.250894808752329,7.160257993370228,7.228235244750977,7594400,0.0,0.0
2013-02-11,7.182916901409563,7.220682117651348,7.145151685167777,7.160257339477539,10758400,0.0,0.0
2013-02-12,7.190469422433653,7.213128261954465,7.1375978364697295,7.19802188873291,8900700,0.0,0.0
2013-02-13,7.2131284653340995,7.2131284653340995,7.137598037719726,7.137598037719727,11420000,0.0,0.0
2013-02-14,7.137598497857103,7.198022555719324,7.130045310546428,7.160257339477539,9224800,0.0,0.0
2013-02-15,7.198022555719324,7.220682117651348,7.09228081461623,7.160257339477539,9585900,0.0,0.0
2013-02-19,7.175362864120921,7.281105313009581,7.152704025184602,7.2357869148254395,11510500,0.0,0.0
2013-02-20,7.20557298051234,7.220679349342116,7.054512893771148,7.062066078186035,11414200,0.0,0.0
2013-02-21,7.062067594147847,7.107385269742559,6.9940903604443125,7.054514408111572,15916100,0.0,0.0
2013-02-22,7.099832081807175,7.190468873595289,7.092279616084388,7.182915687561035,8584700,0.0,0.0
2013-02-25,7.213129078872074,7.250894295891513,6.9638796549800155,6.97898530960083,20192300,0.0,0.0
2013-02-26,7.031856901552686,7.046962556173501,6.903455595873553,6.97898530960083,20370900,0.0,0.0
2013-02-27,6.978982952071959,7.092278564858559,6.971429767157248,7.084725379943848,12618000,0.0,0.0
2013-02-28,7.092279434204102,7.160255945834741,7.024302202262015,7.092279434204102,11901200,0.0,0.0
2013-03-01,7.031532853142619,7.137840659125446,6.985971847601682,7.084686756134033,10548200,0.05,0.0
2013-03-04,7.0770928603479,7.213775147507995,7.061906341867661,7.206181526184082,15460700,0.0,0.0
2013-03-05,7.236555318606397,7.312490083838736,7.20618155734698,7.228962421417236,15312000,0.0,0.0
2013-03-06,7.274520516356261,7.40360914397955,7.259334002371542,7.335268020629883,16675800,0.0,0.0
2013-03-07,7.43398562688723,7.555480680063986,7.411205485458498,7.532700538635254,28278900,0.0,0.0
2013-03-08,7.616226924645051,7.616226924645051,7.441577996143292,7.487138271331787,23450900,0.0,0.0
2013-03-11,7.502326765492043,7.555480670145184,7.46435938038224,7.525106906890869,14516700,0.0,0.0
2013-03-12,7.525105650100544,7.525105650100544,7.433984375556037,7.487138271331787,11780200,0.0,0.0
2013-03-13,7.487140097270822,7.60863588379434,7.47195357656019,7.593448638916016,13891800,0.0,0.0
2013-03-14,7.623822404504971,7.631416026944135,7.509920964588309,7.593448638916016,11158200,0.0,0.0
2013-03-15,7.585854908449217,7.69975707091153,7.532701000467414,7.676976203918457,19671800,0.0,0.0
2013-03-18,7.563074765623827,7.707349969074871,7.547887520961779,7.676976203918457,11376800,0.0,0.0
2013-03-19,7.707346798074873,7.714940417281688,7.570665273189136,7.646599292755127,14949200,0.0,0.0
2013-03-20,7.699756879247343,7.737723541622022,7.676976012821337,7.70734977722168,10090200,0.0,0.0
2013-03-21,7.676977294261501,7.699758164490088,7.593449609260044,7.608636856079102,8109400,0.0,0.0
2013-03-22,7.639007079662542,7.646599975379801,7.593446084521733,7.631413459777832,6755700,0.0,0.0
2013-03-25,7.669381686972983,7.676974583533685,7.5554795485520785,7.570666790008545,8408000,0.0,0.0
2013-03-26,7.601041416007791,7.669382562024328,7.555480410607562,7.6617889404296875,9170300,0.0,0.0
2013-03-27,7.608630933018568,7.623817443847656,7.547882717200545,7.623817443847656,6768700,0.0,0.0
2013-03-28,7.601041016913421,7.669382159341691,7.5023261138689845,7.563073635101318,11449300,0.0,0.0
2013-04-01,7.5327004208346615,7.547886940160441,7.40361174781121,7.456765651702881,9236100,0.0,0.0
2013-04-02,7.47954642823485,7.47954642823485,7.373237897544711,7.403611660003662,7406800,0.0,0.0
2013-04-03,7.3960168696225095,7.403610490079203,7.2441480813261805,7.282115459442139,10510100,0.0,0.0
2013-04-04,7.282115855097481,7.3808307538953954,7.266928613358935,7.373237133026123,9830700,0.0,0.0
2013-04-05,7.266926897280214,7.358048153690647,7.168212021793735,7.335268020629883,16508900,0.0,0.0
2013-04-08,7.320082422509745,7.44917106628418,7.259334910635594,7.44917106628418,8160700,0.0,0.0
2013-04-09,7.456763304680427,7.5175108111984725,7.411203036875593,7.479544162750244,6669800,0.0,0.0
2013-04-10,7.525105872723142,7.623820770775284,7.494732113643062,7.616227149963379,9333800,0.0,0.0
2013-04-11,7.623820770775284,7.790876807799489,7.547886010991316,7.616227149963379,23954600,0.0,0.0
2013-04-12,7.555479617790756,7.616227135838252,7.464358340719513,7.471951961517334,14374000,0.0,0.0
2013-04-15,7.441576589417859,7.464356722705842,7.2517404556274405,7.251740455627441,12563800,0.0,0.0
2013-04-16,7.3656408014170625,7.3656408014170625,7.244145808892066,7.327673435211182,13121100,0.0,0.0
2013-04-17,7.274522480953841,7.320083483547199,7.183401199934694,7.236555099487305,13926500,0.0,0.0
2013-04-18,7.236555567657797,7.282116573198734,7.054312993829281,7.084686756134033,21239300,0.0,0.0
2013-04-19,7.115060616852761,7.175808142302512,7.054313091403008,7.145434379577637,9342100,0.0,0.0
2013-04-22,7.1302476619124535,7.244149087919726,7.061906516641048,7.168214321136475,8021200,0.0,0.0
2013-04-23,7.19858708275353,7.327675733847285,7.19858708275353,7.282115459442139,9836700,0.0,0.0
2013-04-24,7.274522029674477,7.403610684152069,7.274522029674477,7.388423442840576,6476400,0.0,0.0
2013-04-25,7.411204432601226,7.517512226944673,7.411204432601226,7.464358329772949,6502200,0.0,0.0
2013-04-26,7.464359961899117,7.5175138706932545,7.380832287484372,7.441579818725586,7818500,0.0,0.0
2013-04-29,7.456765758526752,7.585854433399498,7.456765758526752,7.525106906890869,9326300,0.0,0.0
2013-04-30,7.471951893044107,7.593446928025713,7.433984513570472,7.570666790008545,13377400,0.0,0.0
2013-05-01,7.555480391185492,7.593447774893482,7.494732866919753,7.502326488494873,7669300,0.0,0.0
2013-05-02,7.509920397206522,7.578260821492718,7.471953012046876,7.532700538635254,8496400,0.0,0.0
2013-05-03,7.578259770071396,7.676974668123538,7.578259770071396,7.616227149963379,7671200,0.0,0.0
2013-05-06,7.631415473652239,7.7073495200354225,7.601041710265437,7.699756622314453,6755200,0.0,0.0
2013-05-07,7.730130263321424,7.775690545596517,7.669382737509548,7.768096923828125,8867200,0.0,0.0
2013-05-08,7.752907717811249,7.881996346469769,7.714940346293911,7.859216213226318,7821300,0.0,0.0
2013-05-09,7.844030086794326,7.8744038434800085,7.783282573422959,7.813656330108643,5453100,0.0,0.0
2013-05-10,7.828845013977866,7.866811673709458,7.77569038685193,7.821251392364502,6029300,0.0,0.0
2013-05-13,7.813655222572037,7.919963717987106,7.7984687084655295,7.859216213226318,5657500,0.0,0.0
2013-05-14,7.866812443181413,8.011088371276855,7.8592195449929845,8.011088371276855,8534900,0.0,0.0
2013-05-15,7.973119662440564,8.140175705753856,7.91237214199347,8.071834564208984,12296200,0.0,0.0
2013-05-16,8.071834730776274,8.140175873731408,8.018680830330096,8.026273727416992,9375500,0.0,0.0
2013-05-17,8.09461444651016,8.23889034612012,8.071834308107155,8.200922966003418,9686200,0.0,0.0
2013-05-20,8.178144073786084,8.299639129338916,8.170550451772119,8.2388916015625,8770500,0.0,0.0
2013-05-21,8.254077424167912,8.314824946812742,8.216110041472996,8.24648380279541,6393500,0.0,0.0
2013-05-22,8.238891174422593,8.352792602056315,8.087021638687476,8.117395401000977,12546600,0.0,0.0
2013-05-23,7.999088537263834,8.159375652849715,7.96855769276713,8.113579750061035,8596300,0.055,0.0
2013-05-24,8.052518776227895,8.144111317852522,8.037252988667383,8.136478424072266,6965800,0.0,0.0
2013-05-28,8.228069216572448,8.28149873376337,8.136476694418576,8.197538375854492,9827000,0.0,0.0
2013-05-29,8.136478184997337,8.25860157024181,8.067783598819123,8.18227481842041,11826700,0.0,0.0
2013-05-30,8.205168606976326,8.3501898713763,8.197535717294109,8.281496047973633,11078600,0.0,0.0
2013-05-31,8.266233038707629,8.312029664235412,8.205171356612365,8.228069305419922,12452100,0.0,0.0
2013-06-03,8.24333786741147,8.312032464892777,8.105948672448855,8.220439910888672,8357700,0.0,0.0
2013-06-04,8.212803339002894,8.31202874339325,8.128842989488891,8.144108772277832,6664500,0.0,0.0
2013-06-05,8.121210937086182,8.174639721753083,7.999086856842041,7.999086856842041,8710000,0.0,0.0
2013-06-06,7.983823394947413,8.090681713517638,7.938026764727962,8.083048820495605,8491500,0.0,0.0
2013-06-07,8.159377721586017,8.312032710686575,8.105948912148584,8.28913402557373,12458600,0.0,0.0
2013-06-10,8.296763687777718,8.44178572533283,8.273865739499993,8.38835620880127,15392700,0.0,0.0
2013-06-11,8.312029574481327,8.350192579444279,8.197538375854492,8.197538375854492,10677600,0.0,0.0
2013-06-12,8.250967180916597,8.27386512750061,7.999086856842041,7.999086856842041,11838600,0.0,0.0
2013-06-13,7.999087059315313,8.159374145285806,7.94565827329602,8.151741981506348,9976400,0.0,0.0
2013-06-14,8.128842750713462,8.136475641883726,7.8693310021376055,7.945657730102539,11455800,0.0,0.0
2013-06-17,7.991457064422268,8.014355017800396,7.8998645229969435,7.953293323516846,8790600,0.0,0.0
2013-06-18,7.930396005100798,8.083050253032221,7.907497321976431,8.014355659484863,10058500,0.0,0.0
2013-06-19,7.99908651246925,8.029618077150303,7.922759784504316,7.945657730102539,10232800,0.0,0.0
2013-06-20,7.876963073045791,8.128842655410914,7.815901400224704,7.915126800537109,26917100,0.0,0.0
2013-06-21,8.006719997259127,8.105945406091442,7.899862424603267,8.044883728027344,17504700,0.0,0.0
2013-06-24,7.9380269895850235,8.06015109765867,7.876965299504582,7.968557834625244,13526100,0.0,0.0
2013-06-25,8.044885646063982,8.205172771175551,7.9990890126409075,8.18227481842041,11264500,0.0,0.0
2013-06-26,8.373092164051906,8.373092164051906,8.22807010897821,8.304397583007812,13099200,0.0,0.0
2013-06-27,8.38072097267695,8.46468130606626,8.3272921990019,8.457048416137695,9505900,0.0,0.0
2013-06-28,8.426521301269531,8.464685039833906,8.327295872167264,8.426521301269531,10049300,0.0,0.0
2013-07-01,8.44941966835073,8.701299336172207,8.441787502593114,8.57917594909668,12289900,0.0,0.0
2013-07-02,8.57917345476637,8.769991373571205,8.556275508325315,8.70129680633545,12127100,0.0,0.0
2013-07-03,8.647866131001349,8.747091514432082,8.617335299785156,8.724193572998047,5205100,0.0,0.0
2013-07-05,8.80052100065609,9.159258842468262,8.80052100065609,9.159258842468262,14123700,0.0,0.0
2013-07-08,9.205057837012918,9.258486627809814,9.0753015782953,9.090566635131836,11242700,0.0,0.0
2013-07-09,9.151626624287557,9.166892406210994,9.01423822653935,9.067667007446289,13754900,0.0,0.0
2013-07-10,9.060037448106884,9.090568295268236,8.915016106068665,8.99897575378418,10235700,0.0,0.0
2013-07-11,9.128730958102473,9.128730958102473,8.785258786122837,8.8310546875,14680700,0.0,0.0
2013-07-12,8.861586577601686,9.00660864755272,8.838688624208876,8.99897575378418,8326000,0.0,0.0
2013-07-15,9.037135888707821,9.090564667942784,8.97607421875,8.97607421875,6755000,0.0,0.0
2013-07-16,8.991341383080316,8.998974275595064,8.716563803763647,8.815789222717285,9893600,0.0,0.0
2013-07-17,8.838683329741682,8.945541594753564,8.815785390064987,8.899744987487793,10480000,0.0,0.0
2013-07-18,8.785261759584916,9.159264901705441,8.731832219344144,9.029508590698242,17963200,0.0,0.0
2013-07-19,9.05240065503134,9.220320606043936,9.037135601982467,9.189789772033691,13276000,0.0,0.0
2013-07-22,9.227954555195522,9.44930330914201,9.182157934969919,9.441670417785645,13419300,0.0,0.0
2013-07-23,9.472202995367837,9.479835888126384,9.32718167251902,9.380610466003418,12564200,0.0,0.0
2013-07-24,9.4264053629855,9.49509920145503,9.357710796603385,9.441670417785645,10783300,0.0,0.0
2013-07-25,9.418774058533712,9.540897429160939,9.3577123732201,9.434039115905762,13390000,0.0,0.0
2013-07-26,9.342444790984858,9.472201029296807,9.342444790984858,9.464568138122559,9504900,0.0,0.0
2013-07-29,9.449301870806657,9.464566923283217,9.250851093224073,9.28901481628418,8190000,0.0,0.0
2013-07-30,9.31191635131836,9.380610933745144,9.243221768891575,9.31191635131836,8846900,0.0,0.0
2013-07-31,9.334813522183445,9.479835568048445,9.32718135759531,9.372977256774902,9988600,0.0,0.0
2013-08-01,9.456938217619332,9.640123281769103,9.449305324634906,9.60959243774414,10958600,0.0,0.0
2013-08-02,9.60195945901477,9.632490302767092,9.495101141925272,9.579061508178711,8399200,0.0,0.0
2013-08-05,9.54089704949021,9.617224517051204,9.49510042337108,9.55616283416748,5512600,0.0,0.0
2013-08-06,9.54089806847058,9.586694699480852,9.39587673811144,9.449305534362793,10914200,0.0,0.0
2013-08-07,9.411138470709528,9.418771361165982,9.250851410686463,9.296648025512695,11202000,0.0,0.0
2013-08-08,9.37297757324487,9.441672152246364,9.266119986276074,9.380610466003418,11611300,0.0,0.0
2013-08-09,9.372977808493149,9.441672389218779,9.30428322776752,9.334814071655273,7821700,0.0,0.0
2013-08-12,9.281382244599785,9.350076802882883,9.227953467229597,9.296648025512695,7037000,0.0,0.0
2013-08-13,9.319548465094478,9.441671833456988,9.235588831323426,9.372977256774902,9871900,0.0,0.0
2013-08-14,9.36534540839904,9.434039259487816,9.319548779760472,9.380610466003418,8684700,0.0,0.0
2013-08-15,9.296650074510008,9.296650074510008,9.151628035524256,9.220322608947754,9610800,0.0,0.0
2013-08-16,9.227957574277728,9.403509765433474,9.19742672677617,9.281386375427246,7813800,0.0,0.0
2013-08-19,9.266119698345113,9.266119698345113,9.151628494262695,9.151628494262695,7898400,0.0,0.0
2013-08-20,9.166895879274612,9.334815176576766,9.075303336769942,9.281386375427246,12509900,0.0,0.0
2013-08-21,9.2508537674667,9.32718123565171,9.159261242392299,9.22795581817627,9717800,0.0,0.0
2013-08-22,9.266117881053557,9.441670007139152,9.23558704486856,9.42640495300293,8280700,0.0,0.0
2013-08-23,9.483907642861118,9.50690802276746,9.307570178297667,9.353570938110352,6664800,0.055,0.0
2013-08-26,9.338236353818827,9.399571179527918,9.261567456098067,9.284567832946777,7981900,0.0,0.0
2013-08-27,9.169567355790587,9.169567355790587,8.901226882362268,8.931894302368164,11644400,0.0,0.0
2013-08-28,8.870558404639098,9.06989697649296,8.824557645699826,8.962560653686523,10637000,0.0,0.0
2013-08-29,8.97789740305094,9.100567105005702,8.954897016726697,9.03923225402832,9339600,0.0,0.0
2013-08-30,9.03922972879128,9.046896765813832,8.847558190240855,8.947227478027344,12161600,0.0,0.0
2013-09-03,9.039232163335349,9.177235942234375,8.908895423523843,8.954896926879883,9695300,0.0,0.0
2013-09-04,8.939562848704838,9.04689920242287,8.878227998342847,8.954896926879883,14743300,0.0,0.0
2013-09-05,8.970226971623948,9.154231454971281,8.962559935358938,9.077563285827637,10870700,0.0,0.0
2013-09-06,9.177232287550435,9.192565628450133,8.99322707857246,9.123563766479492,14096700,0.0,0.0
2013-09-09,9.161898504034689,9.200232954244472,9.03156181202272,9.19256591796875,9090300,0.0,0.0
2013-09-10,9.261568016136298,9.315235809084792,9.22323356495787,9.30756950378418,9438800,0.0,0.0
2013-09-11,9.284570529974413,9.353572411733344,9.17723491938853,9.246236801147461,7270500,0.0,0.0
2013-09-12,9.246234607699458,9.269234985773142,9.146565327821712,9.17723274230957,6762400,0.0,0.0
2013-09-13,9.17723274230957,9.2155671932116,9.10823087691968,9.17723274230957,4549900,0.0,0.0
2013-09-16,9.28456619050617,9.299900259805243,9.200231002867275,9.238565444946289,6656900,0.0,0.0
2013-09-17,9.253899973764906,9.315234796515739,9.215566257922205,9.292234420776367,5503000,0.0,0.0
2013-09-18,9.299902013356501,9.384237216897297,9.230900150837304,9.253900527954102,8736500,0.0,0.0
2013-09-19,9.284567833316064,9.284567833316064,8.839889981323081,8.893558502197266,21310500,0.0,0.0
2013-09-20,8.870558738708496,8.924227267717336,8.740222031523883,8.870558738708496,23121500,0.0,0.0
2013-09-23,8.816891509857696,8.855225967003912,8.648220337115719,8.717222213745117,14450400,0.0,0.0
2013-09-24,8.68655423438538,8.816890941580517,8.602219019034546,8.755556106567383,13479300,0.0,0.0
2013-09-25,8.770889786267423,8.870559079780215,8.655887148997474,8.778556823730469,8266400,0.0,0.0
2013-09-26,8.778556714115666,8.80155709504867,8.6328866599814,8.694221496582031,9182800,0.0,0.0
2013-09-27,8.640553530772431,8.778556544878905,8.586885001404829,8.709554672241211,8777300,0.0,0.0
2013-09-30,8.548548570710851,8.747887105332728,8.471880409742337,8.740220069885254,10269200,0.0,0.0
2013-10-01,8.732556778764447,8.862893501669067,8.678888243282607,8.839892387390137,9437500,0.0,0.0
2013-10-02,8.755556106567383,8.847558359087085,8.724888689060815,8.755556106567383,11051300,0.0,0.0
2013-10-03,8.732556061290063,8.82455831733981,8.66355418646052,8.778556823730469,12828300,0.0,0.0
2013-10-04,8.786225841129596,8.970230394693678,8.770891762748038,8.924229621887207,8576800,0.0,0.0
2013-10-07,8.847558698560013,8.862892773486104,8.755556442510267,8.778556823730469,9129500,0.0,0.0
2013-10-08,8.770889791459801,8.855225741265363,8.625219735420366,8.663554191589355,15804300,0.0,0.0
2013-10-09,8.663553911262024,8.778556544878905,8.617552419113924,8.709554672241211,12837800,0.0,0.0
2013-10-10,8.809224449964878,9.016230079330699,8.809224449964878,9.008563041687012,11410100,0.0,0.0
2013-10-11,8.97789296052127,9.123562976718397,8.91655813989419,9.108229637145996,8228000,0.0,0.0
2013-10-14,9.054562248670322,9.161897823886903,9.023894837012904,9.146564483642578,7848700,0.0,0.0
2013-10-15,9.131232826334234,9.169567283833018,9.046897604772075,9.09289836883545,8655500,0.0,0.0
2013-10-16,9.230900601427324,9.491573992038024,9.146565393769855,9.30756950378418,18312000,0.0,0.0
2013-10-17,9.414905443448665,9.62191104888916,9.28456874324588,9.62191104888916,15742800,0.0,0.0
2013-10-18,9.706247613684447,9.721581689338556,9.491575672709704,9.660246849060059,11807900,0.0,0.0
2013-10-21,9.637244896383582,9.667912313852362,9.575910061446018,9.629578590393066,9270600,0.0,0.0
2013-10-22,9.637243724284318,9.72924596550118,9.606576310545364,9.690912246704102,17891700,0.0,0.0
2013-10-23,9.652577739993806,9.713912567111146,9.621910326435136,9.675578117370605,12569700,0.0,0.0
2013-10-24,9.690913649885909,9.721581068065307,9.62191177619003,9.683246612548828,10623600,0.0,0.0
2013-10-25,9.721582693099679,9.759916423855001,9.66024784648831,9.729249000549316,9771900,0.0,0.0
2013-10-28,9.706249945705421,9.813586307565883,9.68324955786716,9.767584800720215,8856600,0.0,0.0
2013-10-29,9.77524536398269,9.798245736582482,9.652575735225579,9.706243515014648,8936200,0.0,0.0
2013-10-30,9.706246203318019,9.75224769242713,9.591243577298538,9.606576919555664,10594000,0.0,0.0
2013-10-31,9.591245983667463,9.71391567717681,9.560578560290127,9.614246368408203,10740800,0.0,0.0
2013-11-01,9.6219134070448,9.698581599903617,9.568244867757674,9.614246368408203,8735600,0.0,0.0
2013-11-04,9.629576731626365,9.667910447686227,9.522240425619966,9.583575248718262,7881500,0.0,0.0
2013-11-05,9.5299093008273,9.713913805639987,9.483907809039675,9.629578590393066,9539000,0.0,0.0
2013-11-06,9.706243515014648,9.729243887614441,9.583573886257538,9.706243515014648,7547200,0.0,0.0
2013-11-07,9.73691338711655,9.805915253552504,9.545241860869496,9.552908897399902,9429200,0.0,0.0
2013-11-08,9.57591167190811,9.982255935668945,9.545244249281728,9.982255935668945,11085400,0.0,0.0
2013-11-11,9.997586468314424,10.043587954894786,9.905584226322524,9.936251640319824,7800100,0.0,0.0
2013-11-12,9.920919819500744,9.982255392585582,9.798250135669049,9.84425163269043,6170700,0.0,0.0
2013-11-13,9.844249290664896,9.9669189453125,9.744580013471513,9.9669189453125,7876700,0.0,0.0
2013-11-14,10.00525491756956,10.00525491756956,9.90558562521062,9.92858600616455,8046500,0.0,0.0
2013-11-15,9.943919516609357,9.96691989625805,9.84425022990651,9.851917266845703,13326300,0.0,0.0
2013-11-18,9.890251385314887,9.94391991486981,9.782915788542873,9.828916549682617,10672500,0.0,0.0
2013-11-19,9.828915706199991,9.874917194560966,9.706246045462526,9.798248291015625,11454100,0.0,0.0
2013-11-20,9.798247894741339,9.82891530868541,9.713912689187346,9.759913444519043,11582400,0.0,0.0
2013-11-21,9.798246913816461,9.982252110228536,9.752246163090003,9.920916557312012,13325700,0.0,0.0
2013-11-22,9.93625242702506,9.974586880349031,9.83658314085029,9.95158576965332,8200300,0.0,0.0
2013-11-25,9.951585993900878,10.04358897641914,9.890251159667969,9.890251159667969,12891400,0.0,0.0
2013-11-26,9.920915870527855,9.94391697546756,9.828913644275127,9.87491512298584,9086400,0.0,0.0
2013-11-27,9.913252100021474,9.943919516609357,9.836583192967318,9.851917266845703,8167700,0.0,0.0
2013-11-29,9.863464730176501,9.92506320012527,9.801865525916048,9.817265510559082,5186700,0.055,0.0
2013-12-02,9.871165878491015,10.002062835776524,9.824967384338379,9.824967384338379,13154600,0.0,0.0
2013-12-03,9.80956492098313,9.84806414593501,9.61706953053537,9.686367988586426,11969100,0.0,0.0
2013-12-04,9.732571830775731,9.917367317194463,9.678672596502944,9.886568069458008,13335000,0.0,0.0
2013-12-05,9.840366692521256,9.886565921243477,9.740268975549633,9.80956745147705,9917300,0.0,0.0
2013-12-06,9.92506633925483,9.99436408913113,9.871167110268484,9.971264839172363,7483800,0.0,0.0
2013-12-09,9.986664509807518,10.002063764517684,9.848067545856544,9.917366027832031,9458900,0.0,0.0
2013-12-10,9.894266737710915,10.048262955735481,9.840367510668399,10.009763717651367,11700600,0.0,0.0
2013-12-11,10.063662881193803,10.063662881193803,9.90196665791188,9.948165893554688,11461800,0.0,0.0
2013-12-12,9.94046458146764,10.13296002490214,9.932764587495418,10.071361541748047,12911000,0.0,0.0
2013-12-13,10.048262623924641,10.109861109100379,9.986664138748901,10.040562629699707,7091400,0.0,0.0
2013-12-16,10.071361101083966,10.248457283137165,10.071361101083966,10.217658042907715,8312500,0.0,0.0
2013-12-17,10.18685851408401,10.19455850805623,10.025163046538399,10.071361541748047,10929600,0.0,0.0
2013-12-18,10.086761088354596,10.22535730223122,9.901964912666081,10.217658042907715,12504500,0.0,0.0
2013-12-19,10.19455806200177,10.271556529731301,10.132959581542869,10.217658042907715,6718200,0.0,0.0
2013-12-20,10.286953293139483,10.33315250945887,10.194555594812343,10.25615406036377,13165600,0.0,0.0
2013-12-23,10.31005605571666,10.379353797462517,10.26385682690759,10.363954544067383,5040800,0.0,0.0
2013-12-24,10.379353824946504,10.433253047751778,10.348554583762846,10.356254577636719,1957500,0.0,0.0
2013-12-26,10.39475096646451,10.417850207449396,10.325452509198218,10.348551750183105,3039300,0.0,0.0
2013-12-27,10.371656841138218,10.387056097953044,10.302358349691524,10.317757606506348,2506300,0.0,0.0
2013-12-30,10.325455012882307,10.363954246733378,10.286955779031233,10.302355766296387,2991500,0.0,0.0
2013-12-31,10.310055432492415,10.387053163437383,10.302355439104382,10.333154678344727,3652500,0.0,0.0
2014-01-02,10.340853763449154,10.34855302184914,10.209956824597008,10.23305606842041,6353900,0.0,0.0
2014-01-03,10.25615406036377,10.34855175869091,10.209955578356016,10.25615406036377,5570800,0.0,0.0
2014-01-06,10.317752517432712,10.487148664715686,10.317752517432712,10.348551750183105,12965900,0.0,0.0
2014-01-07,10.425552368164062,10.525650079005239,10.356253896480803,10.425552368164062,11581100,0.0,0.0
2014-01-08,10.387052461479287,10.533349388718003,10.32545398716143,10.494850158691406,12565700,0.0,0.0
2014-01-09,10.502550103884047,10.656546288979646,10.502550103884047,10.594947814941406,16899600,0.0,0.0
2014-01-10,10.579547877300527,10.587247870168193,10.417851698638216,10.494850158691406,9479500,0.0,0.0
2014-01-13,10.502548571282947,10.510247828680402,10.325452433532245,10.371651649475098,6563800,0.0,0.0
2014-01-14,10.440955866833628,10.510253627514198,10.402456621358624,10.448655128479004,11503900,0.0,0.0
2014-01-15,10.49485265899467,10.587250392484377,10.47945266959043,10.53335189819336,7548500,0.0,0.0
2014-01-16,10.533350099608061,10.541049358683608,10.371653910032961,10.417852401733398,7824800,0.0,0.0
2014-01-17,10.440952354898913,10.571848570586223,10.410153115740995,10.425552368164062,7584700,0.0,0.0
2014-01-21,10.533352998491072,10.787446975708008,10.517953007478173,10.787446975708008,16871000,0.0,0.0
2014-01-22,10.825946136996569,10.887544631958008,10.710448408209885,10.887544631958008,13922600,0.0,0.0
2014-01-23,10.664248870881755,10.779745854165911,10.310057192015256,10.53335189819336,25810600,0.0,0.0
2014-01-24,10.479450023180947,10.479450023180947,9.932763020689555,9.955862998962402,29808300,0.0,0.0
2014-01-27,9.994365751838018,10.08676423566874,9.824970244876452,9.901968002319336,18336900,0.0,0.0
2014-01-28,9.894268957613127,10.032865217775086,9.86346970709802,9.97896671295166,13179200,0.0,0.0
2014-01-29,9.894265854455222,10.025162811668975,9.848066626016086,9.90966510772705,13728100,0.0,0.0
2014-01-30,9.986663818359375,10.009763065981247,9.801867634448875,9.986663818359375,11891500,0.0,0.0
2014-01-31,9.81726739054233,9.932764360235746,9.786468149669965,9.824967384338379,11633200,0.0,0.0
2014-02-03,9.817268201950561,9.840367450936059,9.455376541055644,9.478476524353027,12920300,0.0,0.0
2014-02-04,9.540073449688759,9.678669655228475,9.432275748214076,9.609371185302734,9689600,0.0,0.0
2014-02-05,9.547774590761628,9.601673819280343,9.455376857416285,9.53237533569336,13708300,0.0,0.0
2014-02-06,9.555473266099947,9.74796870090232,9.555473266099947,9.74026870727539,7244400,0.0,0.0
2014-02-07,9.794168198110862,9.909665168448672,9.717169728344436,9.80956745147705,9321200,0.0,0.0
2014-02-10,9.824967113769091,9.863466347377274,9.670970913648155,9.755668640136719,8234000,0.0,0.0
2014-02-11,9.771066864484617,9.886564553151816,9.670969895676128,9.863465309143066,11112100,0.0,0.0
2014-02-12,9.855769130447975,10.148362360265613,9.855769130447975,9.94046688079834,9327600,0.0,0.0
2014-02-13,9.840367551345514,9.9327652825422,9.74796982014883,9.917366027832031,8505300,0.0,0.0
2014-02-14,9.925066642889252,10.040563630528368,9.90196665791188,9.948165893554688,8688300,0.0,0.0
2014-02-18,9.971265144220123,10.002064389878017,9.84806816158855,9.948165893554688,9199900,0.0,0.0
2014-02-19,9.886565899399823,9.91736514037598,9.701770453542888,9.732569694519043,11036700,0.0,0.0
2014-02-20,9.73256966172128,9.848066631414696,9.632471945308136,9.824967384338379,9387900,0.0,0.0
2014-02-21,9.832667645122712,9.955864611957365,9.832667645122712,9.894266128540039,7328400,0.0,0.0
2014-02-24,9.909665347204013,10.086761537136608,9.886566099582142,9.986663818359375,8096100,0.0,0.0
2014-02-25,9.99436157359769,9.99436157359769,9.894264604199659,9.93276309967041,9095300,0.0,0.0
2014-02-26,9.97126540092417,10.048263884207149,9.932766159282679,10.017464637756348,8020900,0.0,0.0
2014-02-27,10.002064647374969,10.06366314027657,9.96356540573348,10.017464637756348,7004300,0.0,0.0
2014-02-28,10.029062009644447,10.22237468896527,10.013596641332693,10.183712005615234,10416500,0.055,0.0
2014-03-03,10.098653423314364,10.137315364377258,9.998130754206475,10.0831880569458,10157700,0.0,0.0
2014-03-04,10.199174076608045,10.384754762623462,10.183709449607106,10.36928939819336,8153000,0.0,0.0
2014-03-05,10.361557434983576,10.377022800486845,10.291965502506505,10.33062744140625,8694600,0.0,0.0
2014-03-06,10.36929113421013,10.562603797375656,10.315163824501155,10.547139167785645,14969700,0.0,0.0
2014-03-07,10.655393265145529,10.856438601970543,10.6399286363132,10.748183250427246,17784900,0.0,0.0
2014-03-10,10.732719662118589,10.833242340276643,10.678592349813991,10.810044288635254,14354800,0.0,0.0
2014-03-11,10.81004164576867,10.833239691738543,10.624461702584545,10.655391693115234,13018600,0.0,0.0
2014-03-12,10.60899948149383,10.663126792837948,10.539406802663214,10.647662162780762,8601500,0.0,0.0
2014-03-13,10.678593041950744,10.763650357860893,10.593534988611227,10.624464988708496,12366700,0.0,0.0
2014-03-14,10.601266949522627,10.763649623309028,10.58580158181472,10.663126945495605,12983100,0.0,0.0
2014-03-17,10.70951869968982,10.810040606175585,10.678588712133646,10.786843299865723,9095500,0.0,0.0
2014-03-18,10.794577307732563,10.856437290447316,10.740450007214445,10.8023099899292,9411600,0.0,0.0
2014-03-19,10.825510707714331,11.05748608465123,10.794580706618037,10.9801607131958,18783600,0.0,0.0
2014-03-20,10.926031334906144,11.273993965968529,10.926031334906144,11.15800666809082,21757800,0.0,0.0
2014-03-21,11.26626454240519,11.3667872404499,11.08841720254649,11.1038818359375,18388700,0.0,0.0
2014-03-24,11.181205052485003,11.273995047171807,10.956962380967898,11.026555061340332,11701700,0.0,0.0
2014-03-25,11.065216604564084,11.158006589700207,10.980158565117367,11.134808540344238,10055400,0.0,0.0
2014-03-26,11.181205790602766,11.212135790873518,10.980160420128191,10.987893104553223,18218400,0.0,0.0
2014-03-27,11.049752326924356,11.142542321201947,10.771382344091583,10.810044288635254,13122500,0.0,0.0
2014-03-28,10.856441938511566,11.026557332524721,10.779116558297547,10.933767318725586,8081700,0.0,0.0
2014-03-31,10.987892011413257,11.111612000187874,10.987892011413257,11.011089324951172,9541200,0.0,0.0
2014-04-01,11.07294868762828,11.142541361701076,11.018821379984665,11.111611366271973,8621700,0.0,0.0
2014-04-02,11.142544375506482,11.150277060812588,11.01109167502051,11.088417053222656,9774500,0.0,0.0
2014-04-03,11.103877828414957,11.196667807560411,11.05748320755683,11.173470497131348,7090300,0.0,0.0
2014-04-04,11.227601159723582,11.281728475840055,10.97242773570316,10.987893104553223,8336800,0.0,0.0
2014-04-07,10.964695744879103,10.980160376237976,10.63993037461968,10.732720375061035,12414100,0.0,0.0
2014-04-08,10.740451826856315,10.833241816648876,10.647661837063753,10.77911376953125,8002100,0.0,0.0
2014-04-09,10.810045316209617,10.840976054671664,10.663127995661855,10.833243370056152,9032500,0.0,0.0
2014-04-10,10.817774446605283,10.825507128680194,10.423416509934652,10.438881874084473,10742500,0.0,0.0
2014-04-11,10.268771906751983,10.384759986030852,10.005866478635323,10.191447257995605,19746600,0.0,0.0
2014-04-14,10.322898347763765,10.400222984353245,10.160515652267613,10.29196834564209,8385900,0.0,0.0
2014-04-15,10.307432773793495,10.477548150807362,10.245572770775619,10.400222778320312,10567500,0.0,0.0
2014-04-16,10.508476164104447,10.523940793218294,10.353826185819647,10.446616172790527,12356500,0.0,0.0
2014-04-17,10.593532738206658,10.748182705840415,10.3770227835194,10.485278129577637,13772500,0.0,0.0
2014-04-21,10.50847677896153,10.65539408257099,10.49301141151353,10.539406776428223,7114800,0.0,0.0
2014-04-22,10.48527837641182,10.79457831896057,10.477545693490793,10.755915641784668,10105200,0.0,0.0
2014-04-23,10.748183758811397,10.76364912580448,10.55487109597357,10.74045181274414,12317200,0.0,0.0
2014-04-24,10.75591803126693,10.763650715905813,10.500745337618984,10.531675338745117,10516300,0.0,0.0
2014-04-25,10.516209666350328,10.570336978607981,10.44661698634516,10.46981430053711,9184400,0.0,0.0
2014-04-28,10.446616279609248,10.493010904854449,10.199175574394175,10.315163612365723,13506700,0.0,0.0
2014-04-29,10.384758954244763,10.4698162806547,10.330630894320747,10.423420906066895,10465100,0.0,0.0
2014-04-30,10.423418443919106,10.562603797375656,10.377023817719781,10.547139167785645,8594900,0.0,0.0
2014-05-01,10.531672671094526,10.601265340357996,10.407952697928003,10.462080001831055,8826900,0.0,0.0
2014-05-02,10.493010035939127,10.779112659356915,10.485278090658051,10.570335388183594,7998000,0.0,0.0
2014-05-05,10.500742718649416,10.58580001617496,10.42341736640495,10.570335388183594,6154800,0.0,0.0
2014-05-06,10.539408444344943,10.554873076810996,10.346095745228043,10.353828430175781,10035400,0.0,0.0
2014-05-07,10.407955334240585,10.539408023383999,10.315165330862186,10.531675338745117,8684600,0.0,0.0
2014-05-08,10.50847750389856,10.632197502300265,10.423419451925367,10.500744819641113,12192700,0.0,0.0
2014-05-09,10.477545970483622,10.523940594377843,10.330627940817,10.51620864868164,7475000,0.0,0.0
2014-05-12,10.562600883589589,10.740448868104176,10.516206270188624,10.71725082397461,6402000,0.0,0.0
2014-05-13,10.732719995872552,10.779114625739414,10.663127313642914,10.678592681884766,7842000,0.0,0.0
2014-05-14,10.639929620801619,10.655394251064854,10.284234275595395,10.322896957397461,11579700,0.0,0.0
2014-05-15,10.230106635691797,10.26876931904183,9.97493395798266,10.183712005615234,12387100,0.0,0.0
2014-05-16,10.175979387396945,10.183712071602926,10.013596706218085,10.137316703796387,9778900,0.0,0.0
2014-05-19,10.114120569045348,10.291968639393147,10.114120569045348,10.284235954284668,8590000,0.0,0.0
2014-05-20,10.30742883568052,10.315161517460714,10.145046205442041,10.230103492736816,8554800,0.0,0.0
2014-05-21,10.237840438210563,10.36156044850214,10.230107753209982,10.307433128356934,5222600,0.0,0.0
2014-05-22,10.295774106917008,10.357937212052716,10.28800353351438,10.326855659484863,4927300,0.065,0.0
2014-05-23,10.342398002403144,10.44341250414914,10.311316446240664,10.389019966125488,5069800,0.0,0.0
2014-05-27,10.404563404061264,10.559971219068302,10.396792828050184,10.528889656066895,6076300,0.0,0.0
2014-05-28,10.521116185627335,10.575508720655323,10.42010094840199,10.536657333374023,6225400,0.0,0.0
2014-05-29,10.567740118392784,10.598821676462766,10.451183719848256,10.59105110168457,12707400,0.0,0.0
2014-05-30,10.567738531269656,10.707605151057209,10.552197384047325,10.63767147064209,8040000,0.0,0.0
2014-06-02,10.645442218707384,10.730917047745569,10.559968130711898,10.715375900268555,5143400,0.0,0.0
2014-06-03,10.684294273439429,10.87078359563467,10.660983293425696,10.800849914550781,6849100,0.0,0.0
2014-06-04,10.793082237243652,10.863015191250181,10.76200067733758,10.793082237243652,8394300,0.0,0.0
2014-06-05,10.816394117790091,10.878557242750949,10.723149430348803,10.870786666870117,8158000,0.0,0.0
2014-06-06,10.886326664908959,11.002882326597382,10.878556089851644,10.979571342468262,5302500,0.0,0.0
2014-06-09,10.99511045419766,11.28261576905219,10.987340621099953,11.25930404663086,11666700,0.0,0.0
2014-06-10,11.204912544412107,11.243764677659255,11.119438444102624,11.17383098602295,6455700,0.0,0.0
2014-06-11,11.134978017576843,11.142748591851987,10.987340811562836,11.080585479736328,5392500,0.0,0.0
2014-06-12,11.065045083653684,11.096126641825185,10.971800409139181,11.010652542114258,6464100,0.0,0.0
2014-06-13,11.01065095107281,11.127206592112925,11.002880377392083,11.057272911071777,6943500,0.0,0.0
2014-06-16,11.026193073795486,11.026193073795486,10.863014706312379,10.917407989501953,6946700,0.0,0.0
2014-06-17,10.894098375310739,11.127209722981627,10.863016071842193,11.049506187438965,8572300,0.0,0.0
2014-06-18,11.065044047461315,11.134977732058914,10.979569955754657,11.096125602722168,9047400,0.0,0.0
2014-06-19,11.119436759474892,11.119436759474892,10.9795693973926,11.057272911071777,6962600,0.0,0.0
2014-06-20,11.134980239216636,11.20491393956054,11.103898676957444,11.127209663391113,7757900,0.0,0.0
2014-06-23,11.127208041399493,11.173830748513627,11.033963368214014,11.11166763305664,5872200,0.0,0.0
2014-06-24,11.080584278472159,11.220450895047852,11.002880026230255,11.018421173095703,6929100,0.0,0.0
2014-06-25,10.995109313814055,11.158287648625269,10.870783104632684,11.119436264038086,8026200,0.0,0.0
2014-06-26,11.088358191724472,11.181602877874507,10.940720216204745,11.14275074005127,7809700,0.0,0.0
2014-06-27,11.096124544767966,11.197139774995172,11.088354712475612,11.189369201660156,6676300,0.0,0.0
2014-06-30,11.173831382673203,11.204912942165699,11.096127113420549,11.134979248046875,6389100,0.0,0.0
2014-07-01,11.150517817070407,11.32146598418476,11.134976670400377,11.189369201660156,7439200,0.0,0.0
2014-07-02,11.197142367031866,11.259305486016856,11.096127113420549,11.134979248046875,7662100,0.0,0.0
2014-07-03,11.243763567969415,11.360319215164735,11.228222419787247,11.274845123291016,3847800,0.0,0.0
2014-07-07,11.150521028506983,11.235995136681366,11.119439467257855,11.15829086303711,5910600,0.0,0.0
2014-07-08,11.158287468375667,11.158287468375667,10.995109136200416,11.041731834411621,8077400,0.0,0.0
2014-07-09,11.166060210387117,11.166060210387117,11.05727438745975,11.103897094726562,7410300,0.0,0.0
2014-07-10,10.948488548778434,11.065044197324553,10.878554863233663,10.995110511779785,7473900,0.0,0.0
2014-07-11,10.979570983942756,11.065045083653684,10.894096884231827,11.010652542114258,5395200,0.0,0.0
2014-07-14,11.111667791432337,11.134978774800263,11.002881967310682,11.010652542114258,4672700,0.0,0.0
2014-07-15,11.096126719528652,11.228223527943273,11.072815735997484,11.17383098602295,10507200,0.0,0.0
2014-07-16,11.228223158503663,11.235993733105982,10.964029550367119,11.026192665100098,13434800,0.0,0.0
2014-07-17,10.816392620203573,10.886326311362577,10.497806463628375,10.583280563354492,20215400,0.0,0.0
2014-07-18,10.684296050166333,10.777540726769919,10.544428664739545,10.6454439163208,14778500,0.0,0.0
2014-07-21,10.591049758067069,10.684294420447669,10.552197630147809,10.629901885986328,9683800,0.0,0.0
2014-07-22,10.660986484083606,10.684297471073933,10.521119080055815,10.528889656066895,14783200,0.0,0.0
2014-07-23,10.567741468925325,10.62990459300959,10.528889331111937,10.552200317382812,15403600,0.0,0.0
2014-07-24,10.583280406458387,10.738688195039602,10.567739998121661,10.684295654296875,19752500,0.0,0.0
2014-07-25,10.684294624682702,10.80862084356672,10.660983643902627,10.769768714904785,14493200,0.0,0.0
2014-07-28,10.761998676286188,10.808620636955137,10.629901885986328,10.629901885986328,9037800,0.0,0.0
2014-07-29,10.65321621261938,10.684297776509325,10.567742097182762,10.575511932373047,6297700,0.0,0.0
2014-07-30,10.684292827577764,10.746455926563899,10.583277606464645,10.676522254943848,7127400,0.0,0.0
2014-07-31,10.614361882822251,10.668754423148094,10.513346635757982,10.521117210388184,11410200,0.0,0.0
2014-08-01,10.490035496685714,10.591050742245598,10.295775580080422,10.373479843139648,10232500,0.0,0.0
2014-08-04,10.412330172288994,10.451182299858377,10.210300442805057,10.280233383178711,11373000,0.0,0.0
2014-08-05,10.225841486340304,10.357938283681033,10.179219523186365,10.233612060546875,7643100,0.0,0.0
2014-08-06,10.186989038272745,10.326856405452842,10.179219205351522,10.256922721862793,6297600,0.0,0.0
2014-08-07,10.30354727372473,10.319087683398848,10.078205775628616,10.093746185302734,6361700,0.0,0.0
2014-08-08,10.124827774857302,10.280235577260385,10.078205804657804,10.264695167541504,8196700,0.0,0.0
2014-08-11,10.288006649434614,10.288006649434614,10.124828263771008,10.140369415283203,11362400,0.0,0.0
2014-08-12,10.132599141760041,10.21807325449795,10.101517578851446,10.186991691589355,6156400,0.0,0.0
2014-08-13,10.225841522216797,10.280234059768137,10.186989392090377,10.225841522216797,4656200,0.0,0.0
2014-08-14,10.249151867649967,10.31131571661901,10.179218927014858,10.202529907226562,5410500,0.0,0.0
2014-08-15,10.2413852094385,10.342400476390937,10.140369942486062,10.249155044555664,8709800,0.0,0.0
2014-08-18,10.311317750534183,10.490036535814156,10.295776599965745,10.357939720153809,8494300,0.0,0.0
2014-08-19,10.3657109458387,10.474496042472152,10.303547821750186,10.311318397521973,8327300,0.0,0.0
2014-08-20,10.311314836131373,10.466722592676891,10.288003116867568,10.443410873413086,7858200,0.0,0.0
2014-08-21,10.451184147354297,10.598822110007942,10.412332012916874,10.544428825378418,8855400,0.0,0.0
2014-08-22,10.536660232077976,10.676526895062851,10.490037517054407,10.528889656066895,7978200,0.0,0.0
2014-08-25,10.606590796487403,10.707606038678291,10.591050389019516,10.653213500976562,6262600,0.0,0.0
2014-08-26,10.668751682309933,10.707603804436916,10.637670132816865,10.676522254943848,5679700,0.0,0.0
2014-08-27,10.676525237885564,10.707606796062588,10.552199005177469,10.583280563354492,5869200,0.0,0.0
2014-08-28,10.563760221752167,10.602798657553302,10.477876258666656,10.548145294189453,5108000,0.065,0.0
2014-08-29,10.540338637776058,10.634030447426953,10.516915871512412,10.626222610473633,4482500,0.0,0.0
2014-09-02,10.65745554672766,10.743340282822686,10.618417842607895,10.704301834106445,6742600,0.0,0.0
2014-09-03,10.735531380357328,10.758954149427478,10.60280111463247,10.657454490661621,5900600,0.0,0.0
2014-09-04,10.680875152417508,10.82141247390981,10.649644553797419,10.712105751037598,7325600,0.0,0.0
2014-09-05,10.696490614113225,10.735529050488797,10.594990977375236,10.727721214294434,6344100,0.0,0.0
2014-09-08,10.719913065313508,10.766759336516557,10.634029103470175,10.751144409179688,6426800,0.0,0.0
2014-09-09,10.688683173405716,10.70429884637223,10.594991369395444,10.618414878845215,8708700,0.0,0.0
2014-09-10,10.634029130981613,10.883873925787666,10.634029130981613,10.844836235046387,8820900,0.0,0.0
2014-09-11,10.797990694063772,10.85264406047512,10.743337327652425,10.805798530578613,6990800,0.0,0.0
2014-09-12,10.813604064584911,10.954141368946512,10.790180560027883,10.876065254211426,11756800,0.0,0.0
2014-09-15,10.883877115908964,10.89949279245949,10.751147588211698,10.782378196716309,7347200,0.0,0.0
2014-09-16,10.743335637446656,10.899488620195209,10.743335637446656,10.790181159973145,5517400,0.0,0.0
2014-09-17,10.813606388401634,10.977567232555035,10.758952277286319,10.899490356445312,10122400,0.0,0.0
2014-09-18,10.93072214202944,11.07126023641208,10.899491537121781,11.032221794128418,10224000,0.0,0.0
2014-09-19,11.086873965593119,11.094681802123347,10.876067591450905,10.899490356445312,10492900,0.0,0.0
2014-09-22,10.883874969482521,10.915105571828096,10.735529794490118,10.743337631225586,7495800,0.0,0.0
2014-09-23,10.735530518700578,10.774568960415122,10.587185333700925,10.610608100891113,9442000,0.0,0.0
2014-09-24,10.626220687165516,10.657451284729854,10.51691396798842,10.587182998657227,10384000,0.0,0.0
2014-09-25,10.548144846191484,10.579375444586729,10.44664521525789,10.470067977905273,7013700,0.0,0.0
2014-09-26,10.50130018143805,10.555954295430832,10.446646812041585,10.532530784606934,5279200,0.0,0.0
2014-09-29,10.42322224561206,10.54814463671216,10.391991647837035,10.48568344116211,7364600,0.0,0.0
2014-09-30,10.470069236525593,10.540338277511072,10.384185266763499,10.407608032226562,11184500,0.0,0.0
2014-10-01,10.423224216944952,10.477877587238732,10.267070453940455,10.290493965148926,7788400,0.0,0.0
2014-10-02,10.267072778953697,10.360765355811926,10.126535402859343,10.313919067382812,13433400,0.0,0.0
2014-10-03,10.391991253891154,10.602797594732152,10.36076065730004,10.555952072143555,13351300,0.0,0.0
2014-10-06,10.618415920219936,10.641838687370566,10.462262153625488,10.462262153625488,11491500,0.0,0.0
2014-10-07,10.42322195112212,10.477875309535232,10.259261131286621,10.259261131286621,13057600,0.0,0.0
2014-10-08,10.290492762311866,10.57156816259218,10.282684926155019,10.540337562561035,15438400,0.0,0.0
2014-10-09,10.485684870053447,10.524722564144781,10.220224380493164,10.220224380493164,10366700,0.0,0.0
2014-10-10,10.196802977533828,10.329532495451932,10.056264877319336,10.056264877319336,13086200,0.0,0.0
2014-10-13,10.095305137722102,10.149958522263404,9.954767012219877,9.970382690429688,7961200,0.0,0.0
2014-10-14,9.993803559581117,10.165572264188855,9.923534510214482,10.064072608947754,16224200,0.0,0.0
2014-10-15,9.13496012080559,9.650265452782863,9.017845543391237,9.478497505187988,45868700,0.0,0.0
2014-10-16,9.220845771276965,9.587805214720278,9.150576719886764,9.517536163330078,21244700,0.0,0.0
2014-10-17,9.603419522978422,9.689303493228351,9.478497113670782,9.642457962036133,20074700,0.0,0.0
2014-10-20,9.6893039381766,9.775188656966785,9.658073334415532,9.759572982788086,11995300,0.0,0.0
2014-10-21,9.829839084848029,9.931338702836785,9.798608490435804,9.861069679260254,14156900,0.0,0.0
2014-10-22,9.907917853640337,9.962571966954664,9.775188350267467,9.822033882141113,16548000,0.0,0.0
2014-10-23,9.9391494299131,10.017226316811502,9.892303893451158,9.915726661682129,10407700,0.0,0.0
2014-10-24,9.915727193281358,9.98599624633789,9.90011226182236,9.98599624633789,7344700,0.0,0.0
2014-10-27,9.962573476851185,9.993804084365598,9.923535031309065,9.98599624633789,6264600,0.0,0.0
2014-10-28,10.009418602871076,10.173379471706399,10.00161150976188,10.149956703186035,7594800,0.0,0.0
2014-10-29,10.118725266167424,10.2748782844763,10.079686825441122,10.23583984375,8078000,0.0,0.0
2014-10-30,10.204607531351924,10.2670687282165,10.110915736055057,10.181184768676758,13566400,0.0,0.0
2014-10-31,10.345145956605073,10.368568720095348,10.24364632201891,10.306107521057129,15564000,0.0,0.0
2014-11-03,10.298298525191198,10.391991057792712,10.267067929189407,10.321722030639648,11754500,0.0,0.0
2014-11-04,10.337338343002385,10.368568943193477,10.228031614631686,10.345146179199219,7629400,0.0,0.0
2014-11-05,10.4232247667164,10.446647534563974,10.298301600804482,10.399801254272461,9318600,0.0,0.0
2014-11-06,10.446647863172837,10.540339682106664,10.37637881282337,10.524724006652832,7552800,0.0,0.0
2014-11-07,10.485685981011107,10.540339354206527,10.399801257879602,10.454455375671387,7201800,0.0,0.0
2014-11-10,10.431032187719005,10.548147519833579,10.423225094588478,10.524724006652832,5061100,0.0,0.0
2014-11-11,10.516916913522303,10.571570288417938,10.477878469484113,10.524724006652832,5476800,0.0,0.0
2014-11-12,10.454455700899754,10.555955357560496,10.454455700899754,10.524724006652832,8028200,0.0,0.0
2014-11-13,10.509108649177534,10.563762021854512,10.431031764270687,10.501300811767578,9893600,0.0,0.0
2014-11-14,10.470069025465191,10.540338065034158,10.391992893963444,10.423223495483398,7740900,0.0,0.0
2014-11-17,10.384186636621704,10.407609405174647,10.306109748650048,10.337340354919434,8666100,0.0,0.0
2014-11-18,10.352955082233338,10.415416289051938,10.298300967819824,10.391993522644043,11595200,0.0,0.0
2014-11-19,10.391992778597649,10.399799870443761,10.28268530219314,10.37637710571289,9216100,0.0,0.0
2014-11-20,10.282685416345469,10.423223495483398,10.274877579816412,10.423223495483398,6733100,0.0,0.0
2014-11-21,10.446647849160474,10.54814750568507,10.32953251720299,10.337340354919434,8791000,0.0,0.0
2014-11-24,10.399799914443962,10.587184266872526,10.399799914443962,10.563760757446289,13013500,0.0,0.0
2014-11-25,10.594992209459688,10.602800046562018,10.516916072225365,10.571569442749023,11647000,0.0,0.0
2014-11-26,10.555953260458757,10.641837224603503,10.555953260458757,10.634029388427734,6521200,0.0,0.0
2014-11-28,10.700712979120134,10.716402784662527,10.567346265259268,10.59088134765625,5158900,0.065,0.0
2014-12-01,10.543811925188407,10.559502481115628,10.230008288312845,10.339839935302734,17273000,0.0,0.0
2014-12-02,10.363373154358124,10.512429667983978,10.324147519772344,10.355527877807617,11577200,0.0,0.0
2014-12-03,10.355526865698195,10.488893561355042,10.347681589914457,10.449667930603027,8244300,0.0,0.0
2014-12-04,10.46535837252439,10.590879791082402,10.433978017884886,10.58303451538086,11942600,0.0,0.0
2014-12-05,10.661486551959085,10.920374683617394,10.661486551959085,10.810543060302734,12666000,0.0,0.0
2014-12-08,10.810543115390228,10.959600372660157,10.739937124911496,10.771317481994629,7976100,0.0,0.0
2014-12-09,10.70071059524542,10.849767081442288,10.637949890723936,10.84192180633545,8360400,0.0,0.0
2014-12-10,10.818390834920123,10.896842119428701,10.559502643475474,10.57519245147705,10956400,0.0,0.0
2014-12-11,10.653642714604507,10.732093991591839,10.575191437617173,10.61441707611084,7512500,0.0,0.0
2014-12-12,10.528121069792997,10.59872706810584,10.418289433732264,10.433979988098145,9526400,0.0,0.0
2014-12-15,10.465361202562814,10.543811736292797,10.27707902381061,10.284923553466797,14229200,0.0,0.0
2014-12-16,10.214318297559874,10.441826117260506,10.198627741913755,10.284923553466797,15726400,0.0,0.0
2014-12-17,10.339839422801195,10.575191764709016,10.284923227944768,10.535966873168945,13780100,0.0,0.0
2014-12-18,10.669334546912015,10.834081649780273,10.653643990368888,10.834081649780273,9273100,0.0,0.0
2014-12-19,10.849771812269426,10.920377822684092,10.818391446325899,10.826236724853516,13703900,0.0,0.0
2014-12-22,10.834080386981658,10.873305277433671,10.77916419364855,10.85761547088623,6788200,0.0,0.0
2014-12-23,10.896841856104869,11.061588951058225,10.857616214798472,11.030208587646484,5105100,0.0,0.0
2014-12-24,11.061589014461216,11.061589014461216,10.943912089867528,10.990983009338379,2391800,0.0,0.0
2014-12-26,10.998828640795182,11.053744091803829,10.96744752802806,10.983138084411621,2502400,0.0,0.0
2014-12-29,10.967447505327177,11.108659519819309,10.951757697143,11.038053512573242,4590200,0.0,0.0
2014-12-30,10.990981339284778,11.12434805132607,10.912530068142804,11.0615873336792,4651900,0.0,0.0
2014-12-31,11.092966955368333,11.092966955368333,10.896839538712953,10.904684066772461,5081400,0.0,0.0
2015-01-02,10.983135033061743,11.022360664956016,10.716401633980714,10.873303413391113,6203200,0.0,0.0
2015-01-05,10.810541349108158,10.818386624138823,10.535963456534379,10.543807983398438,7408500,0.0,0.0
2015-01-06,10.567345983768885,10.575190512247731,10.18293565796851,10.222161293029785,13236900,0.0,0.0
2015-01-07,10.339840956193003,10.41829149907416,10.20647421031138,10.300615310668945,11281200,0.0,0.0
2015-01-08,10.402601193956416,10.543812463678877,10.355530271937647,10.512432098388672,9180100,0.0,0.0
2015-01-09,10.512428405889768,10.512428405889768,10.214315414428711,10.214315414428711,9640000,0.0,0.0
2015-01-12,10.206473544496152,10.237853909234921,10.026035886123049,10.088796615600586,7665700,0.0,0.0
2015-01-13,10.175093948539677,10.261389771049672,9.869134808094662,9.963275909423828,11627300,0.0,0.0
2015-01-14,9.829906178395845,9.829906178395845,9.602398398866335,9.743610382080078,17117600,0.0,0.0
2015-01-15,9.704387538366033,9.782838828967868,9.445499326813714,9.539640426635742,12887000,0.0,0.0
2015-01-16,9.516105156082704,9.727922439575195,9.47687951153463,9.727922439575195,13083300,0.0,0.0
2015-01-20,9.720076996560131,9.751457359618833,9.578864988712544,9.618090629577637,12997600,0.0,0.0
2015-01-21,9.602397213823005,9.727918628670368,9.539636506399324,9.673003196716309,17101800,0.0,0.0
2015-01-22,9.884824502672046,10.48105142569917,9.876979224537857,10.410446166992188,30309300,0.0,0.0
2015-01-23,10.418290696959472,10.551657432573055,10.331994881984114,10.410446166992188,13642200,0.0,0.0
2015-01-26,10.42613590871103,10.590883007645525,10.363375180370927,10.57519245147705,10233900,0.0,0.0
2015-01-27,10.39475589843247,10.559503002975813,10.379065341729808,10.441826820373535,9656900,0.0,0.0
2015-01-28,10.52811911260855,10.52811911260855,10.14370958010819,10.151554107666016,12465100,0.0,0.0
2015-01-29,10.17509100614649,10.379062959292384,10.120174818459699,10.355527877807617,10502800,0.0,0.0
2015-01-30,10.182937269110186,10.355529641787257,10.151556905729526,10.19078254699707,10475500,0.0,0.0
2015-02-02,10.269234153244417,10.44967106132932,10.175093060134872,10.410446166992188,11852500,0.0,0.0
2015-02-03,10.473205765800977,10.661487931706723,10.465360488513198,10.653642654418945,12911600,0.0,0.0
2015-02-04,10.637952202776287,10.73209328001913,10.606571843695338,10.630106925964355,6868200,0.0,0.0
2015-02-05,10.802701637437606,10.85761709079704,10.732095627022938,10.826236724853516,12072400,0.0,0.0
2015-02-06,11.006673370420799,11.218491396438644,10.967447726917467,11.108659744262695,19184800,0.0,0.0
2015-02-09,10.983136248658896,11.006671331133608,10.873304616832266,10.888995170593262,10584200,0.0,0.0
2015-02-10,10.983136881875085,10.983136881875085,10.849770159884685,10.967446327209473,7236700,0.0,0.0
2015-02-11,10.93606658503577,10.943911862812625,10.818390411050409,10.920376777648926,12513400,0.0,0.0
2015-02-12,10.998828531937194,11.163574883332604,10.943912333305159,11.132194519042969,9700300,0.0,0.0
2015-02-13,11.163573338447028,11.21064425245096,10.998827009850253,11.069432258605957,8855500,0.0,0.0
2015-02-17,11.053740845644928,11.116501556414379,10.92037414821817,11.100811004638672,7620100,0.0,0.0
2015-02-18,11.085122946501254,11.092968223624432,10.904685313502224,10.936065673828125,6783000,0.0,0.0
2015-02-19,10.912529342998688,10.928219895451145,10.755627559307728,10.904684066772461,6637300,0.0,0.0
2015-02-20,10.849767828613848,10.998825073242188,10.724246410926822,10.998825073242188,7623400,0.0,0.0
2015-02-23,10.95959894158658,10.975288743996053,10.849767332053753,10.912528038024902,4633800,0.0,0.0
2015-02-24,10.951756401358436,11.053742761072991,10.920376040536022,11.045897483825684,7335300,0.0,0.0
2015-02-25,11.045895569757073,11.140036635911251,10.99882541076333,11.100811004638672,8384000,0.0,0.0
2015-02-26,11.061587729744298,11.11650317260989,10.983136455793343,11.069432258605957,8619600,0.0,0.0
2015-02-27,11.026084966087309,11.104899313533021,10.963033788782468,10.97879695892334,6735900,0.065,0.0
2015-03-02,10.978794692150455,11.08913385383773,10.947269110007069,11.049727439880371,5770700,0.0,0.0
2015-03-03,10.986678257332837,11.081255778922046,10.939390248167586,11.033967018127441,6771300,0.0,0.0
2015-03-04,10.955150604248047,10.994557772217414,10.86845543601881,10.955150604248047,11159100,0.0,0.0
2015-03-05,10.978795579844501,11.097016334533691,10.829048488833685,11.097016334533691,11170200,0.0,0.0
2015-03-06,11.128544575516308,11.428038077395302,11.10490056926069,11.278291702270508,13553800,0.0,0.0
2015-03-09,11.246764119880057,11.317696126095127,11.199475364107403,11.294052124023438,9683000,0.0,0.0
2015-03-10,11.160067962663517,11.167949547067904,10.986676863913305,11.010321617126465,11961500,0.0,0.0
2015-03-11,11.033964746620187,11.246762998944163,11.002439163123583,11.21523666381836,11370300,0.0,0.0
2015-03-12,11.40439222805185,11.53049457654136,11.341341053807097,11.514731407165527,16077500,0.0,0.0
2015-03-13,11.49896998770194,11.57778358653544,11.341342038405585,11.435918807983398,10739500,0.0,0.0
2015-03-16,11.491085587273986,11.530492752851549,11.364983258729119,11.498967170715332,8385700,0.0,0.0
2015-03-17,11.412273061110481,11.514731407165527,11.357103471553643,11.514731407165527,7821600,0.0,0.0
2015-03-18,11.491084536447978,11.61718685346116,11.278287064395512,11.404389381408691,13410300,0.0,0.0
2015-03-19,11.3965096773101,11.412272093720505,11.262525755490161,11.372865676879883,13281000,0.0,0.0
2015-03-20,11.420154670283097,11.569901773157408,11.396510667797944,11.546257019042969,12773900,0.0,0.0
2015-03-23,11.562021189620244,11.569902775007533,11.435918829941038,11.46744441986084,8403900,0.0,0.0
2015-03-24,11.428038077395302,11.428038077395302,11.278291702270508,11.278291702270508,10217900,0.0,0.0
2015-03-25,11.270409770106184,11.278291355825754,11.018204288485638,11.057611465454102,11280100,0.0,0.0
2015-03-26,11.033965634024945,11.191593564185164,10.955151293130205,11.152186393737793,10579000,0.0,0.0
2015-03-27,11.128543788087297,11.128543788087297,10.970915838154204,11.033967018127441,7237400,0.0,0.0
2015-03-30,11.144308967176404,11.254648176198776,11.112783371508657,11.191596984863281,4981800,0.0,0.0
2015-03-31,11.04972933138761,11.175831681547528,11.041847746595291,11.16006851196289,8104300,0.0,0.0
2015-04-01,11.10489892167525,11.175831681547528,11.026084577010653,11.16006851196289,17691400,0.0,0.0
2015-04-02,11.112778251540844,11.25464299086991,11.112778251540844,11.230998992919922,8030400,0.0,0.0
2015-04-06,11.10489892167525,11.19159409950287,10.978796571515332,11.16006851196289,7257700,0.0,0.0
2015-04-07,11.199473411776891,11.301931738399027,11.128540666297786,11.230998992919922,8558700,0.0,0.0
2015-04-08,11.21523950444536,11.317697864667561,11.152188321482374,11.183713912963867,6580400,0.0,0.0
2015-04-09,11.175833078815536,11.231002676000802,11.089137138519387,11.183713912963867,6776500,0.0,0.0
2015-04-10,11.175834607510632,11.19947861644857,11.041850637479838,11.081257820129395,9370300,0.0,0.0
2015-04-13,11.07337108720477,11.238880576112965,11.057607920818683,11.230998992919922,15194100,0.0,0.0
2015-04-14,11.22311878905637,11.27040754239731,11.081254032292021,11.11277961730957,14360800,0.0,0.0
2015-04-15,11.089137138519387,11.262528267482296,11.081256304371056,11.183713912963867,10846300,0.0,0.0
2015-04-16,11.081255061504562,11.451680531958077,10.955151958092843,11.349222183227539,21619400,0.0,0.0
2015-04-17,11.262528318225074,11.325579501472136,11.033967591047132,11.104900360107422,11848400,0.0,0.0
2015-04-20,11.183713071695736,11.301934594580446,11.136425063845317,11.19947624206543,8117700,0.0,0.0
2015-04-21,11.238882011402621,11.286170013341629,11.175830841064453,11.175830841064453,7977800,0.0,0.0
2015-04-22,11.160066836454222,11.325576334097788,11.081253255251541,11.301932334899902,10232000,0.0,0.0
2015-04-23,11.286169167681857,11.341339501315833,11.207355586479176,11.301932334899902,9558000,0.0,0.0
2015-04-24,11.29405099837447,11.29405099837447,11.207355831666108,11.21523666381836,7453200,0.0,0.0
2015-04-27,11.23099974539396,11.286169328183325,11.120659828186035,11.120659828186035,6984700,0.0,0.0
2015-04-28,11.112778780569737,11.25464352665234,11.041846031713847,11.23888111114502,7509700,0.0,0.0
2015-04-29,11.199476398357483,11.475325870642035,11.199476398357483,11.42015552520752,11081800,0.0,0.0
2015-04-30,11.459561717971695,11.522612891668242,11.325577785959217,11.388628959655762,11544500,0.0,0.0
2015-05-01,11.443799698693654,11.48320611990368,11.317696595281936,11.349222183227539,6469600,0.0,0.0
2015-05-04,11.4280344524785,11.538374366054448,11.357101704581758,11.530492782592773,7625300,0.0,0.0
2015-05-05,11.483205844663033,11.688122537212465,11.459561842177878,11.546257019042969,16124300,0.0,0.0
2015-05-06,11.357103904568081,11.593546192815431,11.33345990123214,11.39651107788086,19322100,0.0,0.0
2015-05-07,11.420152659371919,11.428034242688907,11.262524751177903,11.309813499450684,11857300,0.0,0.0
2015-05-08,11.388629562921667,11.506851083586948,11.294052797367032,11.491087913513184,9149200,0.0,0.0
2015-05-11,11.498968647066759,11.672359746892202,11.451679891976452,11.617189407348633,7701600,0.0,0.0
2015-05-12,11.546259585701598,11.656599541208985,11.435920381823665,11.60142993927002,14789800,0.0,0.0
2015-05-13,11.601426262920796,11.798461352127056,11.554137510794439,11.759054183959961,16405800,0.0,0.0
2015-05-14,11.790584125869524,11.869398491332847,11.703888925163463,11.766940116882324,11426600,0.0,0.0
2015-05-15,11.822106067139842,11.822106067139842,11.53837579211502,11.585663795471191,12852900,0.0,0.0
2015-05-18,11.609307899302015,11.743291829372227,11.58566389741588,11.711766242980957,6735500,0.0,0.0
2015-05-19,11.759057559750241,11.908803939819336,11.727531966492041,11.908803939819336,9194100,0.0,0.0
2015-05-20,11.885159008219684,11.900922179437261,11.766938230605353,11.798463821411133,6145400,0.0,0.0
2015-05-21,11.759054183959961,11.845749352624198,11.711765431833603,11.759054183959961,6833100,0.0,0.0
2015-05-22,11.774820310021628,11.822109077046774,11.696006700485654,11.743294715881348,4168700,0.0,0.0
2015-05-26,11.664479166144247,11.71176717367433,11.569902399454751,11.680241584777832,10449000,0.0,0.0
2015-05-27,11.727529993945854,11.82210675781284,11.68812282109395,11.782699584960938,8899300,0.0,0.0
2015-05-28,11.774817415763495,11.806343002154765,11.688122241094822,11.711766242980957,6664300,0.0,0.0
2015-05-29,11.707804965240227,11.739490470007022,11.54937744140625,11.54937744140625,12133000,0.075,0.0
2015-06-01,11.596906034610033,11.628591539262983,11.36718593701564,11.493927955627441,9810500,0.0,0.0
2015-06-02,11.478088278238234,11.660280551378431,11.462245898867314,11.596909523010254,8655500,0.0,0.0
2015-06-03,11.66027738372265,11.842468851926077,11.652355818468056,11.75533390045166,11391800,0.0,0.0
2015-06-04,11.525613499451214,11.787019102586969,11.525613499451214,11.684041023254395,9099200,0.0,0.0
2015-06-05,11.771176565907007,11.992975865855069,11.771176565907007,11.96129035949707,10996900,0.0,0.0
2015-06-08,11.95337015478204,12.064269061938402,11.905841512113494,11.969212532043457,8422400,0.0,0.0
2015-06-09,11.99297777743069,12.18309084588105,11.858314165084474,12.151405334472656,10789600,0.0,0.0
2015-06-10,12.214775432690168,12.325675091946069,12.15140441467026,12.206853866577148,11201000,0.0,0.0
2015-06-11,12.238537484309605,12.254380614087333,12.127638597633544,12.167244911193848,5434800,0.0,0.0
2015-06-12,12.159326613480612,12.191012124139286,12.056348514979376,12.175168991088867,6439300,0.0,0.0
2015-06-15,12.048425943890466,12.230617426126697,11.992976493721544,12.15932559967041,4386400,0.0,0.0
2015-06-16,12.135560052126127,12.254381265448806,12.088032171150694,12.230616569519043,5486000,0.0,0.0
2015-06-17,12.293986338534255,12.35735733983046,12.040501577907516,12.080108642578125,9836000,0.0,0.0
2015-06-18,12.119719536296728,12.175168991088867,11.977134360611608,12.175168991088867,8110700,0.0,0.0
2015-06-19,12.111795730364546,12.175166739964931,12.04842472076416,12.04842472076416,7472900,0.0,0.0
2015-06-22,12.183091132616712,12.222698211669922,12.135562486664417,12.222698211669922,5306100,0.0,0.0
2015-06-23,12.27022489802558,12.412810066447479,12.254382521224327,12.396966934204102,11432300,0.0,0.0
2015-06-24,12.381125772440567,12.436575229849744,12.222698211669922,12.222698211669922,6929000,0.0,0.0
2015-06-25,12.293990222640522,12.341518110907453,12.127641102821936,12.175168991088867,9773700,0.0,0.0
2015-06-26,12.222695109973886,12.309830057425364,12.151402536858127,12.167244911193848,7906200,0.0,0.0
2015-06-29,12.016742075865787,12.119720179835,11.850392947214322,11.858314514160156,8719800,0.0,0.0
2015-06-30,11.94544753789277,12.111796639439955,11.866233392225698,11.897919654846191,10361600,0.0,0.0
2015-07-01,12.095954263330034,12.159325277685593,12.048425624842324,12.127639770507812,8132500,0.0,0.0
2015-07-02,12.088033086358719,12.088033086358719,11.874155339450034,11.94544792175293,8059700,0.0,0.0
2015-07-06,11.834546331759562,11.913760467029755,11.763254516546766,11.889996528625488,7355200,0.0,0.0
2015-07-07,11.858313937500617,11.889999448300903,11.596908284537703,11.810785293579102,9274100,0.0,0.0
2015-07-08,11.707804943232544,11.747412012977092,11.581062924403605,11.588984489440918,6481600,0.0,0.0
2015-07-09,11.850392079173483,11.850392079173483,11.67612139634151,11.739492416381836,5912000,0.0,0.0
2015-07-10,11.913761119366391,11.953368189170169,11.779097535298762,11.818704605102539,10268400,0.0,0.0
2015-07-13,11.953367251939998,12.008816692052436,11.882074682971455,11.9137601852417,10180200,0.0,0.0
2015-07-14,11.850391345775567,12.024662017822266,11.810784271841031,12.024662017822266,7509700,0.0,0.0
2015-07-15,12.080112774950885,12.191012442876834,12.024663318709004,12.111798286437988,10273900,0.0,0.0
2015-07-16,12.14348187111408,12.191010508524437,11.889997819437678,12.016739845275879,14588900,0.0,0.0
2015-07-17,11.961292709646056,11.992978222229612,11.723650987548293,11.834549903869629,11328300,0.0,0.0
2015-07-20,11.866233782630507,12.080111529703034,11.866233782630507,12.040504455566406,8310100,0.0,0.0
2015-07-21,12.056345323178785,12.159323394417573,11.9137601852417,11.9137601852417,11251500,0.0,0.0
2015-07-22,11.905839590475278,12.191009889574918,11.905839590475278,12.143481254577637,10169800,0.0,0.0
2015-07-23,12.151404138489854,12.246460663359246,11.985055031107892,12.000897407531738,11038600,0.0,0.0
2015-07-24,11.969211479416058,12.032582493772884,11.882076523535945,11.897919654846191,7649000,0.0,0.0
2015-07-27,11.810783718775705,11.826626849784471,11.684041692473837,11.707805633544922,7661700,0.0,0.0
2015-07-28,11.699882835295737,11.818703275901802,11.63651107747164,11.731568336486816,7339000,0.0,0.0
2015-07-29,11.73948984211752,11.882074983662909,11.691961965230378,11.85038948059082,8982500,0.0,0.0
2015-07-30,11.818707434873197,11.890000026501282,11.779100355586237,11.858314514160156,5161200,0.0,0.0
2015-07-31,11.858311982435266,11.882075922757009,11.731569960129919,11.75533390045166,7105600,0.0,0.0
2015-08-03,11.747412032775667,11.794940667637633,11.612748448682458,11.684041023254395,6479800,0.0,0.0
2015-08-04,11.707806817974085,11.85831355601523,11.684042874498903,11.763257026672363,6266300,0.0,0.0
2015-08-05,11.810783732872236,11.953368890353051,11.771176660745114,11.802862167358398,6301100,0.0,0.0
2015-08-06,11.842467212934627,11.889995842442216,11.731568336486816,11.731568336486816,6765500,0.0,0.0
2015-08-07,11.747415526524113,11.834550501669796,11.517695359828908,11.596909523010254,11499200,0.0,0.0
2015-08-10,11.668197271344825,11.882074983662909,11.660276462158288,11.85038948059082,9839700,0.0,0.0
2015-08-11,11.691964784699735,11.747414239586803,11.581065119483435,11.660279273986816,12112400,0.0,0.0
2015-08-12,11.565222858641343,11.596908369674244,11.272130937284297,11.406794548034668,12003900,0.0,0.0
2015-08-13,11.446399019195344,11.5810625992811,11.422635080192563,11.55729866027832,6548600,0.0,0.0
2015-08-14,11.573143524044145,11.70780713309831,11.525615635814535,11.699886322021484,6173500,0.0,0.0
2015-08-17,11.604826883631794,11.739490467725004,11.541455874110522,11.684041023254395,5425200,0.0,0.0
2015-08-18,11.691961271137483,11.771174646394213,11.660275769946404,11.731568336486816,5560300,0.0,0.0
2015-08-19,11.676122930749353,11.73949395911753,11.588987955603669,11.596909523010254,10324100,0.0,0.0
2015-08-20,11.501851449790871,11.533536959758251,11.264209747314453,11.264209747314453,11442000,0.0,0.0
2015-08-21,11.12954589436414,11.169152969805861,10.923589706420898,10.923589706420898,13568900,0.0,0.0
2015-08-24,10.377012660071767,10.614653560097443,10.115607065689925,10.250269889831543,23879600,0.0,0.0
2015-08-25,10.503754922768515,10.606733001082953,10.036393165588379,10.036393165588379,14229600,0.0,0.0
2015-08-26,10.353247910416977,10.67802451046324,10.194820392765385,10.638418197631836,20050800,0.0,0.0
2015-08-27,10.804765774233847,11.010721140757209,10.773080275119339,10.994878768920898,16690800,0.0,0.0
2015-08-28,10.895324231071674,11.030719399873584,10.82364434646524,10.974967956542969,8406000,0.075,0.0
2015-08-31,10.903291073554815,11.006828628762328,10.847540374422428,10.943113327026367,7654700,0.0,0.0
2015-09-01,10.688251319336933,10.75993121830633,10.353745630510584,10.42542552947998,10881600,0.0,0.0
2015-09-02,10.608607292175293,10.632501099263102,10.417461392750544,10.608607292175293,9491900,0.0,0.0
2015-09-03,10.640463054878287,10.807715877097419,10.600641569220617,10.712142944335938,8194500,0.0,0.0
2015-09-04,10.584715067510977,10.648430372272585,10.489142110368569,10.56878662109375,7531000,0.0,0.0
2015-09-08,10.823644819293497,10.911253149002897,10.712142687307422,10.89532470703125,7704200,0.0,0.0
2015-09-09,11.022757182047943,11.078507877883055,10.751966785912376,10.775859832763672,7883700,0.0,0.0
2015-09-10,10.720109925712405,10.943113485007679,10.688252274384508,10.807718276977539,8108300,0.0,0.0
2015-09-11,10.736038709098588,10.77586096439688,10.672323404439858,10.759932518005371,7544600,0.0,0.0
2015-09-14,10.759930783553282,10.943112065032553,10.720108534674155,10.831610679626465,7094600,0.0,0.0
2015-09-15,10.815680534240766,11.014791001748211,10.815680534240766,11.006826400756836,6807200,0.0,0.0
2015-09-16,10.967006991720243,11.014793087625462,10.79975413695938,10.990900039672852,8279800,0.0,0.0
2015-09-17,10.998863804771718,11.038685295145482,10.608606667011145,10.648428916931152,10734000,0.0,0.0
2015-09-18,10.544890693599717,10.544890693599717,10.258171879776476,10.290029525756836,15783300,0.0,0.0
2015-09-21,10.39356629202216,10.505067664887022,10.345779446832834,10.44931697845459,7264200,0.0,0.0
2015-09-22,10.29002789734229,10.377636220037564,10.122775092526894,10.210383415222168,14183900,0.0,0.0
2015-09-23,10.18649102171317,10.361708437784122,10.170562580004605,10.274099349975586,10153600,0.0,0.0
2015-09-24,10.146670668910575,10.234279773044687,10.074990768999488,10.186492919921875,14494000,0.0,0.0
2015-09-25,10.353746563792178,10.544892471909533,10.353746563792178,10.51303482055664,14803100,0.0,0.0
2015-09-28,10.4652485807769,10.473212423846924,10.154635914656613,10.16260051727295,10144500,0.0,0.0
2015-09-29,10.186494051609937,10.266138562480798,10.09888569728907,10.170565605163574,11798300,0.0,0.0
2015-09-30,10.290030647246274,10.361710548400879,10.186493096639209,10.361710548400879,9591700,0.0,0.0
2015-10-01,10.353745630510584,10.449318575954361,10.297994935554943,10.42542552947998,8431800,0.0,0.0
2015-10-02,10.130740037672929,10.345778931447166,9.907735783960115,10.337814331054688,11043900,0.0,0.0
2015-10-05,10.409496486717739,10.624536186957068,10.401532644133747,10.58471393585205,6094800,0.0,0.0
2015-10-06,10.560819606072982,10.632499497445043,10.48913971470092,10.544890403747559,6585900,0.0,0.0
2015-10-07,10.632499850447026,10.751965833669317,10.513033107678536,10.600642204284668,7577000,0.0,0.0
2015-10-08,10.560822162324875,10.688252773588212,10.48117765051211,10.624537467956543,8589800,0.0,0.0
2015-10-09,10.624537654123765,10.696217564101984,10.369676427131314,10.401534080505371,13032600,0.0,0.0
2015-10-12,10.409495045648923,10.520997181397593,10.377637401084469,10.473210334777832,7147400,0.0,0.0
2015-10-13,10.441353155125077,10.505068447090972,10.353744818558518,10.37763786315918,7571500,0.0,0.0
2015-10-14,10.353746090479307,10.353746090479307,10.074991084224811,10.122777938842773,12852300,0.0,0.0
2015-10-15,10.122776752303109,10.672321338490324,10.10684754944883,10.600642204284668,20800700,0.0,0.0
2015-10-16,10.640466881146384,10.680289140670126,10.433392498806487,10.521000862121582,10150400,0.0,0.0
2015-10-19,10.441353955798933,10.616571401914433,10.393567862933228,10.409496307373047,8499800,0.0,0.0
2015-10-20,10.433390771564216,10.680287372554254,10.393568518633025,10.592679023742676,12598400,0.0,0.0
2015-10-21,10.648428732607613,10.656393334362996,10.385602951049805,10.385602951049805,14715800,0.0,0.0
2015-10-22,10.45728412057566,10.66435923414262,10.45728412057566,10.51303482055664,14450000,0.0,0.0
2015-10-23,10.624536843207164,10.815682748862312,10.57674998702022,10.76789665222168,14008100,0.0,0.0
2015-10-26,10.76789773900468,10.807719237042207,10.592680261363277,10.704181671142578,10521600,0.0,0.0
2015-10-27,10.608607292175293,10.696216399071352,10.552856594729647,10.608607292175293,7369100,0.0,0.0
2015-10-28,10.616574344428223,11.094439962809085,10.60064589557364,11.07054615020752,10218900,0.0,0.0
2015-10-29,11.062578615322032,11.158151555207894,10.576748554802805,10.656393051147461,31957200,0.0,0.0
2015-10-30,10.090919958725157,10.146670654333123,9.851987212546888,9.891809463500977,80371600,0.0,0.0
2015-11-02,10.114815380386132,10.210388349388232,9.955527098715965,10.1785306930542,33434100,0.0,0.0
2015-11-03,10.146673036720166,10.218352953358352,10.106850776416014,10.1785306930542,14338400,0.0,0.0
2015-11-04,10.194457539903336,10.26613743994007,10.1227776398666,10.202422142028809,17679800,0.0,0.0
2015-11-05,10.305960024663076,10.38560453527345,10.218351670628742,10.345782279968262,19844100,0.0,0.0
2015-11-06,10.688252141023623,10.759932045503596,10.505070078514104,10.664359092712402,23972200,0.0,0.0
2015-11-09,10.608608427951856,10.696217544227501,10.417462508062682,10.489142417907715,20256300,0.0,0.0
2015-11-10,10.473211634423514,10.584713784008748,10.345781040352533,10.528963088989258,15725100,0.0,0.0
2015-11-11,10.624536176359328,10.624536176359328,10.425425680579119,10.481176376342773,15112400,0.0,0.0
2015-11-12,10.40153037464842,10.417458815887278,10.29799284818449,10.337814331054688,19763600,0.0,0.0
2015-11-13,10.290031120949072,10.3457818201708,10.114813661121246,10.16260051727295,17184200,0.0,0.0
2015-11-16,10.122778730036568,10.313924644355762,10.082956474666815,10.258173942565918,13723600,0.0,0.0
2015-11-17,10.321889734879699,10.409498093194141,10.218352169846423,10.266139030456543,12162600,0.0,0.0
2015-11-18,10.305957510927907,10.481174935805486,10.242242221799,10.473210334777832,12790100,0.0,0.0
2015-11-19,10.44135253108771,10.48117477607293,10.337814997944603,10.417459487915039,8498900,0.0,0.0
2015-11-20,10.465246333806531,10.513032420151875,10.345779598850875,10.417459487915039,9700600,0.0,0.0
2015-11-23,10.4891408264425,10.560820725411896,10.4015324830056,10.42542552947998,10417000,0.0,0.0
2015-11-24,10.377638056490962,10.481175597750958,10.266136673246509,10.46524715423584,10345100,0.0,0.0
2015-11-25,10.473210334777832,10.576747869498847,10.417459646676576,10.473210334777832,10673600,0.0,0.0
2015-11-27,10.517267803210789,10.541297903967287,10.421146636281671,10.525278091430664,4660400,0.075,0.0
2015-11-30,10.525280182789018,10.581350683663018,10.445178812480492,10.501249313354492,10033700,0.0,0.0
2015-12-01,10.549310900925745,10.685482780015862,10.485230106519023,10.6534423828125,11579200,0.0,0.0
2015-12-02,10.685480419988789,10.741550911734944,10.493238079227838,10.517268180847168,12436700,0.0,0.0
2015-12-03,10.57334151986395,10.605381918618859,10.349058728579582,10.373088836669922,14494000,0.0,0.0
2015-12-04,10.42114655819377,10.765580546133075,10.349055492561343,10.74155044555664,19083100,0.0,0.0
2015-12-07,10.717520852452715,10.733540665627832,10.541298324107471,10.605379104614258,11457600,0.0,0.0
2015-12-08,10.517268146774663,10.605379028362194,10.413136688224045,10.44517707824707,11474000,0.0,0.0
2015-12-09,10.397115652516357,10.557318359466125,10.16482264412294,10.292984962463379,17421100,0.0,0.0
2015-12-10,10.317017772540684,10.589361529198179,10.260947268724136,10.421149253845215,11600200,0.0,0.0
2015-12-11,10.25293309061107,10.341043958040459,10.156811935987273,10.204872131347656,13767300,0.0,0.0
2015-12-14,10.220896326324864,10.373088017414913,10.012633368914647,10.172835350036621,15840300,0.0,0.0
2015-12-15,10.309005263071226,10.573338672593323,10.309005263071226,10.517268180847168,17264300,0.0,0.0
2015-12-16,10.60537650839202,10.741548324609536,10.397113640776645,10.709507942199707,18795400,0.0,0.0
2015-12-17,10.733540376131014,10.789611630489512,10.405126193915677,10.41313648223877,15347200,0.0,0.0
2015-12-18,10.341043144029499,10.357063717157232,10.13278027678682,10.14880084991455,37628000,0.0,0.0
2015-12-21,10.196862461538288,10.292984385884969,10.116761876453491,10.284974098205566,13522500,0.0,0.0
2015-12-22,10.349055703460321,10.445176871627993,10.188853756514197,10.41313648223877,11805900,0.0,0.0
2015-12-23,10.477217205911694,10.693490406078812,10.373085749968615,10.685480117797852,14053800,0.0,0.0
2015-12-24,10.66945896569118,10.73353974067587,10.645428866047693,10.677469253540039,4296300,0.0,0.0
2015-12-28,10.62941227588581,10.661452673089173,10.509260213445712,10.6534423828125,10550600,0.0,0.0
2015-12-29,10.717519968529261,10.78160074375101,10.653439193307513,10.749560356140137,7872800,0.0,0.0
2015-12-30,10.717519507757697,10.717519507757697,10.613388061523438,10.613388061523438,7118600,0.0,0.0
2015-12-31,10.549307832357947,10.709509771775439,10.517267444474449,10.565327644348145,9559900,0.0,0.0
2016-01-04,10.405125030936444,10.43716541674452,10.292984062559707,10.381094932556152,18057000,0.0,0.0
2016-01-05,10.421146516900695,10.47721700599124,10.212883608988495,10.292984962463379,18014700,0.0,0.0
2016-01-06,10.164822740292415,10.260944670932934,10.08472214996282,10.108752250671387,20747000,0.0,0.0
2016-01-07,9.956560215998492,10.07671147887912,9.732276738230105,9.756307601928711,20453000,0.0,0.0
2016-01-08,9.844417966494207,9.884468640011395,9.524014106162825,9.548044204711914,14347100,0.0,0.0
2016-01-11,9.604114699438396,9.668195471572357,9.411872383036513,9.564064025878906,22337700,0.0,0.0
2016-01-12,9.692225620255915,9.70824543015808,9.411871689889495,9.652174949645996,14513800,0.0,0.0
2016-01-13,9.716257094805702,9.756307771094722,9.275701183432702,9.355802536010742,22164700,0.0,0.0
2016-01-14,9.435902428776581,9.54804416133463,9.251670400898778,9.475953102111816,16909200,0.0,0.0
2016-01-15,9.099477277192225,9.275699767624097,9.03539651047209,9.219629287719727,19433200,0.0,0.0
2016-01-19,9.331772107847552,9.363812497594976,9.011368210373316,9.075448989868164,14662100,0.0,0.0
2016-01-20,8.89121670099414,9.067438457920394,8.634892825996001,8.971317291259766,29515200,0.0,0.0
2016-01-21,8.714993610610458,9.187589888733465,8.68295322381753,8.947286605834961,22749800,0.0,0.0
2016-01-22,9.099482341499737,9.267694638734223,9.019381720471147,9.067441940307617,20038200,0.0,0.0
2016-01-25,9.035400695833221,9.059431567412055,8.658926207938377,8.690966606140137,18892900,0.0,0.0
2016-01-26,8.739022843631275,8.867184378101289,8.690962650156521,8.763052940368652,16094900,0.0,0.0
2016-01-27,8.723002071440998,9.035395586272243,8.698971213451735,8.747032165527344,16773900,0.0,0.0
2016-01-28,8.915245219537322,9.011366369139788,8.779073399958081,8.875194549560547,13991200,0.0,0.0
2016-01-29,8.931266407239562,8.971317083395972,8.77106446651703,8.939276695251465,17298000,0.0,0.0
2016-02-01,9.011366369139788,9.011366369139788,8.82713435671081,8.875194549560547,14086600,0.0,0.0
2016-02-02,8.739024871664354,8.739024871664354,8.57081262766032,8.618873596191406,16507100,0.0,0.0
2016-02-03,8.674942180990287,8.690962754943701,8.266426712014388,8.634891510009766,23400700,0.0,0.0
2016-02-04,8.60285325920903,8.811116188827167,8.586833445186281,8.739025115966797,17267400,0.0,0.0
2016-02-05,8.827136729117806,8.891217512741987,8.626884089316437,8.650914192199707,17348800,0.0,0.0
2016-02-08,8.55479312492236,8.56280265004925,8.362550007716072,8.450661659240723,14660000,0.0,0.0
2016-02-09,8.306478611234208,8.594842109907477,8.282448510653884,8.522751808166504,13925300,0.0,0.0
2016-02-10,8.602851763264756,8.650912724782113,8.370558771054172,8.426630020141602,22141200,0.0,0.0
2016-02-11,8.146276981430855,8.162296794467329,7.91398396312834,8.01010513305664,25375900,0.0,0.0
2016-02-12,8.162296976266498,8.482701647067042,8.130256585576761,8.402600288391113,15587500,0.0,0.0
2016-02-16,8.658924518046652,8.875196972724565,8.482701980377213,8.739025115966797,17656100,0.0,0.0
2016-02-17,8.843156779672983,8.931267668537862,8.69897463070935,8.755045890808105,16958000,0.0,0.0
2016-02-18,8.795094730517471,8.795094730517471,8.410610065619782,8.522751808166504,30584100,0.0,0.0
2016-02-19,8.458669361479075,8.626881560153182,8.402598119319055,8.570810317993164,13448800,0.0,0.0
2016-02-22,8.682954816326289,8.763055416048028,8.626884320130749,8.755045890808105,12654000,0.0,0.0
2016-02-23,8.731013362305141,8.739023649924324,8.466679982096661,8.514740943908691,10715100,0.0,0.0
2016-02-24,8.386581250739571,8.466681852921473,8.194338124915879,8.442651748657227,11566400,0.0,0.0
2016-02-25,8.474689542864892,8.594840791235313,8.402598488281438,8.562800407409668,11139800,0.0,0.0
2016-02-26,8.703968594945074,8.768502128401725,8.56683464402459,8.647501945495605,21332000,0.075,0.0
2016-02-29,8.639434451291034,8.655567448865535,8.429700097720115,8.510367393493652,17372000,0.0,0.0
2016-03-01,8.550704145638308,8.865305020907421,8.526503486540202,8.792704582214355,29905400,0.0,0.0
2016-03-02,8.800772185280065,9.123440742492676,8.800772185280065,9.123440742492676,21916700,0.0,0.0
2016-03-03,9.123437282537267,9.252504348754883,9.050836865464762,9.252504348754883,12147900,0.0,0.0
2016-03-04,9.333173446482899,9.470307434366795,9.268639895631724,9.31704044342041,13573200,0.0,0.0
2016-03-07,9.228303909301758,9.308971212194947,9.155704259858384,9.228303909301758,8270400,0.0,0.0
2016-03-08,9.107303412568381,9.14763706263457,8.897569047664497,8.945969581604004,11340500,0.0,0.0
2016-03-09,8.98630600849607,9.042772674457066,8.752371688985432,8.792704582214355,11315800,0.0,0.0
2016-03-10,8.865302482967245,8.929836016819749,8.671701881409728,8.841102600097656,12655000,0.0,0.0
2016-03-11,8.945971268235867,9.083105242735286,8.905637610565355,9.050838470458984,11362500,0.0,0.0
2016-03-14,9.050837823078798,9.058903938595527,8.897570088753758,8.98630428314209,12993900,0.0,0.0
2016-03-15,8.897569694386993,9.010503768920898,8.841103041770264,9.010503768920898,11643200,0.0,0.0
2016-03-16,8.99436964878501,9.147637370331896,8.84110269653854,8.881436347961426,14411600,0.0,0.0
2016-03-17,8.857236191061336,9.03470380567053,8.76043588381099,8.97823715209961,15026800,0.0,0.0
2016-03-18,9.058905155942739,9.236372799267253,9.03470526753958,9.187973022460938,22896100,0.0,0.0
2016-03-21,9.155706091775661,9.30090618901515,9.139572320248735,9.220239639282227,10597700,0.0,0.0
2016-03-22,9.11537289091046,9.268639881625235,9.091173001702993,9.204106330871582,12373300,0.0,0.0
2016-03-23,9.187970358339063,9.196036472600897,9.026635764296653,9.08310317993164,12352900,0.0,0.0
2016-03-24,9.010505029130622,9.034704916593755,8.881437936926512,9.02663803100586,9821600,0.0,0.0
2016-03-28,9.050837669383801,9.091171323484446,8.978237245862735,9.018570899963379,8497400,0.0,0.0
2016-03-29,8.937905164348676,8.937905164348676,8.768504402760996,8.889505386352539,13520400,0.0,0.0
2016-03-30,8.962104640573077,9.107305506475075,8.913704864806121,8.99437141418457,13201000,0.0,0.0
2016-03-31,8.962101521911439,9.03470192959871,8.833034472378648,8.905634880065918,11399100,0.0,0.0
2016-04-01,8.84110284685832,8.905636382511997,8.712035775550968,8.849169731140137,11831000,0.0,0.0
2016-04-04,8.824968831984327,9.0508369697685,8.784635950301816,8.841102600097656,10777200,0.0,0.0
2016-04-05,8.712038040161133,8.800771482425231,8.679771263946858,8.712038040161133,12108400,0.0,0.0
2016-04-06,8.720103901971456,8.913704536510004,8.663636473255643,8.865303993225098,13825400,0.0,0.0
2016-04-07,8.736237918670339,8.800771471015223,8.550704148003955,8.599103927612305,15151300,0.0,0.0
2016-04-08,8.712035478952256,8.841102545865557,8.639435061488424,8.647501945495605,8844800,0.0,0.0
2016-04-11,8.728170969972195,8.889505618982902,8.712037966651497,8.784638404846191,11674900,0.0,0.0
2016-04-12,8.78463817496011,8.897571503151495,8.744304513762927,8.889505386352539,9191400,0.0,0.0
2016-04-13,9.002438722339045,9.34124024580777,8.978238833320022,9.27670669555664,17835400,0.0,0.0
2016-04-14,9.244438753170343,9.575173348771905,9.22830498299441,9.462239265441895,16379500,0.0,0.0
2016-04-15,9.518706133536721,9.518706133536721,9.381572172285479,9.43803882598877,10827900,0.0,0.0
2016-04-18,9.357373168737508,9.567106803367768,9.34123939798874,9.510640144348145,8620800,0.0,0.0
2016-04-19,9.534838081343356,9.704238793061148,9.518705083194238,9.663905143737793,12333300,0.0,0.0
2016-04-20,9.71230621525254,9.80910651741514,9.639705796305485,9.792973518371582,16214400,0.0,0.0
2016-04-21,9.696176116620231,10.091444327678957,9.68004234345017,9.913976669311523,18988600,0.0,0.0
2016-04-22,9.938175700823173,10.21244366660443,9.930109584235934,10.147910118103027,16757500,0.0,0.0
2016-04-25,10.10757395755814,10.115640841450379,9.938173242323069,10.010773658752441,11495200,0.0,0.0
2016-04-26,10.075306597305007,10.196307540653873,9.98657318762278,10.139840126037598,11114600,0.0,0.0
2016-04-27,10.147907009454258,10.22857430502017,10.04303983293871,10.139840126037598,10789300,0.0,0.0
2016-04-28,10.043044496679652,10.196312275568573,9.970444050816553,10.018844604492188,13239000,0.0,0.0
2016-04-29,9.930110442481583,10.03497689088439,9.833309342062513,9.913976669311523,17204600,0.0,0.0
2016-05-02,9.978508883052733,10.0995098576731,9.841374906729975,10.051109313964844,12211000,0.0,0.0
2016-05-03,9.897841575991649,9.913974576455361,9.720373955087918,9.833307266235352,12778100,0.0,0.0
2016-05-04,9.728438714890938,9.776838475010118,9.494504489514059,9.591304779052734,13918300,0.0,0.0
2016-05-05,9.615507991944622,9.68004154067172,9.50257389702191,9.575174331665039,10545500,0.0,0.0
2016-05-06,9.486440193099597,9.615507281011071,9.454173421121729,9.583240509033203,10155900,0.0,0.0
2016-05-09,9.575173935867596,9.647774367509731,9.43803995816591,9.518707275390625,11078000,0.0,0.0
2016-05-10,9.607438593822788,9.75263942514114,9.599371710016127,9.704238891601562,10044900,0.0,0.0
2016-05-11,9.671971716422771,9.817172541597204,9.647771835327148,9.647771835327148,9009500,0.0,0.0
2016-05-12,9.712307596944676,9.80910791287828,9.510640079757867,9.583240509033203,8357300,0.0,0.0
2016-05-13,9.56710630788283,9.712307159899591,9.381572569684069,9.413839340209961,8960200,0.0,0.0
2016-05-16,9.438039952393638,9.639707476031537,9.413840064961244,9.599373817443848,10715100,0.0,0.0
2016-05-17,9.559040773145247,9.744574522619196,9.48644034272482,9.631640434265137,11117200,0.0,0.0
2016-05-18,9.623571976497745,10.139840210667385,9.615505093013757,10.099507331848145,19136400,0.0,0.0
2016-05-19,10.075307840233009,10.220508682444034,9.905907114086958,9.994641304016113,14295900,0.0,0.0
2016-05-20,10.034973947451785,10.164041787052486,10.01884094831446,10.067240715026855,9113700,0.0,0.0
2016-05-23,10.067240715026855,10.131775019477416,9.930107529808124,10.067240715026855,9997600,0.0,0.0
2016-05-24,10.164041624930642,10.325375460232632,10.131774857870244,10.285041809082031,11101400,0.0,0.0
2016-05-25,10.349577676341953,10.551245208257113,10.349577676341953,10.454444885253906,14015300,0.0,0.0
2016-05-26,10.499103836578833,10.507223204422333,10.30422429512656,10.352944374084473,7934700,0.085,0.0
2016-05-27,10.377302904776377,10.523462351473563,10.352943255119946,10.458502769470215,13414800,0.0,0.0
2016-05-31,10.507222742595955,10.539702535680512,10.361064060905125,10.409783363342285,13959400,0.0,0.0
2016-06-01,10.28798406182605,10.499103098503268,10.198664826791532,10.466623306274414,12618800,0.0,0.0
2016-06-02,10.434142118767372,10.539700848611089,10.377301909183187,10.52346134185791,8504400,0.0,0.0
2016-06-03,10.084986372484568,10.336704598756858,10.060626718995506,10.320465087890625,10768300,0.0,0.0
2016-06-06,10.336703472912586,10.531583002737623,10.320463963815113,10.426023483276367,13909400,0.0,0.0
2016-06-07,10.450386374397878,10.458506518654046,10.296107505428587,10.304226875305176,9853600,0.0,0.0
2016-06-08,10.296102184323422,10.385421401841667,10.247382118344902,10.312341690063477,13970100,0.0,0.0
2016-06-09,10.23114387952192,10.239263246207775,9.979424927157835,10.101223945617676,14828600,0.0,0.0
2016-06-10,9.995667179392344,10.003786547678493,9.890107647878146,9.94694709777832,11391600,0.0,0.0
2016-06-13,9.88198435979735,10.011903503575853,9.800784507746195,9.808904647827148,10793400,0.0,0.0
2016-06-14,9.735828854310482,9.873868193727686,9.362310778425018,9.459750175476074,19381900,0.0,0.0
2016-06-15,9.475987992490136,9.654627227715546,9.435388060705368,9.467867851257324,11802400,0.0,0.0
2016-06-16,9.386667970166231,9.411027617430289,9.208028750011618,9.36230754852295,15131700,0.0,0.0
2016-06-17,9.321708904865364,9.565307734215988,9.321708904865364,9.435388565063477,15680200,0.0,0.0
2016-06-20,9.589668508115171,9.711467540032203,9.394788972916817,9.419149398803711,10527700,0.0,0.0
2016-06-21,9.459749566815871,9.492229363743071,9.30547072500653,9.443510055541992,10815100,0.0,0.0
2016-06-22,9.451628000581238,9.581547158079934,9.38666842183189,9.394787788391113,8454700,0.0,0.0
2016-06-23,9.549068822246285,9.735827445983887,9.549068822246285,9.735827445983887,10457600,0.0,0.0
2016-06-24,9.159311552497241,9.32983068556089,8.9725529076263,8.988792419433594,24581200,0.0,0.0
2016-06-27,8.866992733857563,8.866992733857563,8.290475780075232,8.355435371398926,23525500,0.0,0.0
2016-06-28,8.558433363678137,8.688352532295902,8.404154544539375,8.663992881774902,29016400,0.0,0.0
2016-06-29,8.769554744887605,8.834514346566959,8.56655579604474,8.785794258117676,21876600,0.0,0.0
2016-06-30,8.95631011051712,8.972550392150879,8.769551518004386,8.972550392150879,23249000,0.0,0.0
2016-07-01,8.907591424331901,9.02127030603551,8.834511700734264,8.899471282958984,17636800,0.0,0.0
2016-07-05,8.875111346391288,8.89947099534347,8.607152884779445,8.672112464904785,14182100,0.0,0.0
2016-07-06,8.56655427178628,8.810153121929755,8.428514949184292,8.769553184509277,16081700,0.0,0.0
2016-07-07,8.777673363101409,9.005031929463415,8.777673363101409,8.883232116699219,14513500,0.0,0.0
2016-07-08,9.069989252494977,9.167428613720356,8.98878939761756,9.005029678344727,14107500,0.0,0.0
2016-07-11,9.12683044422932,9.224269824222805,9.069990999494626,9.110590934753418,11285700,0.0,0.0
2016-07-12,9.256748881475112,9.386668818848129,9.240509373290543,9.313589096069336,15112200,0.0,0.0
2016-07-13,9.362308734207152,9.427268318057559,9.240509708082472,9.386669158935547,13072000,0.0,0.0
2016-07-14,9.605908508367952,9.654628588251192,9.524708633355681,9.565308570861816,14763900,0.0,0.0
2016-07-15,9.630269192909815,9.670869134765839,9.451630687750479,9.500349998474121,12625600,0.0,0.0
2016-07-18,9.49222800192203,9.54094807751283,9.43538855904887,9.524707794189453,9255800,0.0,0.0
2016-07-19,9.475988278051313,9.597787302696773,9.427268203565541,9.51658821105957,7787200,0.0,0.0
2016-07-20,9.557188696081752,9.614028140948717,9.443509031968468,9.597787857055664,9376400,0.0,0.0
2016-07-21,9.565307058990125,9.662746428976154,9.451628181196064,9.484107971191406,10606600,0.0,0.0
2016-07-22,9.516589493215175,9.605908738363736,9.435389616258725,9.589669227600098,11517900,0.0,0.0
2016-07-25,9.557187692275747,9.614027131172778,9.451628181196064,9.484107971191406,14631800,0.0,0.0
2016-07-26,9.46786891829401,9.508468854654426,9.289229662935808,9.427268981933594,25149900,0.0,0.0
2016-07-27,9.46407699584961,9.586775094571323,9.431357658875259,9.46407699584961,18790100,0.085,0.0
2016-07-28,9.455901131638036,9.59495777848976,9.382282402069544,9.529519081115723,14126000,0.0,0.0
2016-07-29,9.464080280750812,9.668576402841992,9.464080280750812,9.570418357849121,76853300,0.0,0.0
2016-08-01,9.554057509300584,9.652215538220576,9.36592070213593,9.390460014343262,16378700,0.0,0.0
2016-08-02,9.374102006059111,9.423181417230234,9.284123995684627,9.365921974182129,17540400,0.0,0.0
2016-08-03,9.365921616374525,9.554058441903836,9.365921616374525,9.545878410339355,18294100,0.0,0.0
2016-08-04,9.545876823290113,9.652214875676888,9.545876823290113,9.594955444335938,14563500,0.0,0.0
2016-08-05,9.742192402735105,10.036667235319511,9.725833123197404,10.028487205505371,23633800,0.0,0.0
2016-08-08,10.061207325893617,10.143005290114644,9.938509209426119,9.954869270324707,18593900,0.0,0.0
2016-08-09,9.971227554539354,10.061206320307216,9.946688245734737,10.012126922607422,17562200,0.0,0.0
2016-08-10,9.987588708162264,10.036668111239784,9.913969993591309,9.913969993591309,22098400,0.0,0.0
2016-08-11,9.946689335612772,9.971228647106209,9.881250651569845,9.913969993591309,11629800,0.0,0.0
2016-08-12,9.823992508194664,9.832172539147463,9.725834477033127,9.807632446289062,13092400,0.0,0.0
2016-08-15,9.873071155485816,9.995769279776122,9.86489190460568,9.979409217834473,15115200,0.0,0.0
2016-08-16,9.913969898168874,10.04484726499503,9.873070526013041,9.954869270324707,14436000,0.0,0.0
2016-08-17,9.971227645874023,10.044846353052769,9.930329057521893,9.971227645874023,15336800,0.0,0.0
2016-08-18,9.96304957052464,10.102106971565084,9.930330227932222,9.987588882446289,14221300,0.0,0.0
2016-08-19,9.971226967810226,10.028486391772473,9.938507631299162,10.003946304321289,14174300,0.0,0.0
2016-08-22,9.987589201315945,10.085747232227051,9.922150514041874,9.96304988861084,21943600,0.0,0.0
2016-08-23,10.012128243324947,10.036668335457252,9.92215024577849,9.930330276489258,11203600,0.0,0.0
2016-08-24,9.954867172469308,9.995766536006146,9.864889196760643,9.881248474121094,20849000,0.0,0.0
2016-08-25,9.873069759399028,10.044846485043072,9.873069759399028,10.028487205505371,19800000,0.0,0.0
2016-08-26,10.0530268367131,10.167544917505712,9.979408126210034,10.077566146850586,19061100,0.0,0.0
2016-08-29,10.003947436347522,10.159364887429682,10.003947436347522,10.077566146850586,15686400,0.0,0.0
2016-08-30,10.077567799883232,10.224805245040855,10.077567799883232,10.216625213623047,10910000,0.0,0.0
2016-08-31,10.249343727318442,10.306603162504922,10.151185698543907,10.273883819580078,20063500,0.0,0.0
2016-09-01,10.306601202771116,10.33932053947459,10.0612057874498,10.1757230758667,13130100,0.0,0.0
2016-09-02,10.2248047798308,10.282063436968828,10.102107434509108,10.265704154968262,13488000,0.0,0.0
2016-09-06,10.257523731502442,10.27388379296782,10.012128270156412,10.102107048034668,13430500,0.0,0.0
2016-09-07,10.069386803762795,10.143004733494578,10.012127373850612,10.118465423583984,11151400,0.0,0.0
2016-09-08,10.143004417419434,10.183903786056321,10.044846400745248,10.143004417419434,17418600,0.0,0.0
2016-09-09,10.110285163375034,10.257522579667237,10.028487205505371,10.028487205505371,18967700,0.0,0.0
2016-09-12,9.963048136851167,10.32296085357666,9.881249402095554,10.32296085357666,26413000,0.0,0.0
2016-09-13,10.18390419756717,10.20026425771923,9.963048846148578,10.077566146850586,19901800,0.0,0.0
2016-09-14,10.06938533882146,10.143003257842965,9.971226553278488,9.995766639709473,14041600,0.0,0.0
2016-09-15,9.954868724029026,10.134825483584779,9.938508664028232,10.118465423583984,14117500,0.0,0.0
2016-09-16,10.012127145877091,10.044846485043072,9.922149158193289,10.028487205505371,17026400,0.0,0.0
2016-09-19,10.085745854023193,10.134825252817453,9.97940780671111,10.028487205505371,9640300,0.0,0.0
2016-09-20,10.126645089938167,10.13482511964482,9.930329057521893,9.971227645874023,8813000,0.0,0.0
2016-09-21,10.012126922607422,10.069386349938943,9.881249568862055,10.012126922607422,14128900,0.0,0.0
2016-09-22,10.053027058556449,10.118465740427538,10.028487747877445,10.093926429748535,13022900,0.0,0.0
2016-09-23,10.06120740539915,10.200264803773457,10.028488063434057,10.069387435913086,11499100,0.0,0.0
2016-09-26,9.979407482809789,10.028486880011082,9.807630762741097,9.823990821838379,17728600,0.0,0.0
2016-09-27,9.7830904352931,9.96304716616824,9.725831794597113,9.938507080078125,13497300,0.0,0.0
2016-09-28,9.96304830499819,10.020306952239148,9.856710260057438,10.012126922607422,11451500,0.0,0.0
2016-09-29,9.979409691329861,10.118467104069017,9.79127365061849,9.856712341308594,13195700,0.0,0.0
2016-09-30,9.913969898168874,9.99576864248054,9.815811873049258,9.954869270324707,22705300,0.0,0.0
2016-10-03,9.90578774538178,9.995766500864585,9.864889162079201,9.938507080078125,11002200,0.0,0.0
2016-10-04,9.987588331763657,10.282062398859095,9.963049021195024,10.151185035705566,15709500,0.0,0.0
2016-10-05,10.200264554369854,10.46201928369051,10.200264554369854,10.437479972839355,15362300,0.0,0.0
2016-10-06,10.453839397371963,10.51109883026754,10.372041433377852,10.41294002532959,10160000,0.0,0.0
2016-10-07,10.3965829259571,10.486560939256817,10.273885564176503,10.37204360961914,10867800,0.0,0.0
2016-10-10,10.486557910757128,10.551996588820309,10.453838571725537,10.470198631286621,10389600,0.0,0.0
2016-10-11,10.453839987077206,10.50291939231477,10.331142644119316,10.421120643615723,15710900,0.0,0.0
2016-10-12,10.429297532499081,10.462016866103303,10.347498808443301,10.388398170471191,18754000,0.0,0.0
2016-10-13,10.265703487703643,10.282062768640866,9.979408660441095,10.069387435913086,14401500,0.0,0.0
2016-10-14,10.249343457906708,10.322962172575153,10.15936546225119,10.241164207458496,14724300,0.0,0.0
2016-10-17,10.257523731502442,10.282063043609844,10.085746986569287,10.102107048034668,9379600,0.0,0.0
2016-10-18,10.257522762405172,10.347500751691934,10.110285343489931,10.331141471862793,18228800,0.0,0.0
2016-10-19,10.388399761546633,10.617435131854986,10.363860452607666,10.56835651397705,15884400,0.0,0.0
2016-10-20,10.568359171315105,10.756495220636927,10.535639824472582,10.650157928466797,19806800,0.0,0.0
2016-10-21,10.560176352472007,10.68287445581627,10.502917705632353,10.66651439666748,10194600,0.0,0.0
2016-10-24,10.715596199035645,10.838293549827588,10.70741616762532,10.715596199035645,12880800,0.0,0.0
2016-10-25,10.887369230037837,11.36179996810715,10.797390475517147,11.345439910888672,36703600,0.0,0.0
2016-10-26,11.345441677511603,11.672635852015052,11.329082397836252,11.599017143249512,24081100,0.0,0.0
2016-10-27,11.672636985778809,11.762614982959267,11.58265820850769,11.672636985778809,15352400,0.0,0.0
2016-10-28,11.688995690750216,11.721715031756398,11.451780273432734,11.509038925170898,18812700,0.0,0.0
2016-10-31,11.574476556734883,11.648095262340142,11.509037880661444,11.54993724822998,11500500,0.0,0.0
2016-11-01,11.623560012359462,11.680818678893727,11.410883850816727,11.566301345825195,15735600,0.0,0.0
2016-11-02,11.53358108568837,11.53358108568837,11.312724909196147,11.410882949829102,13887300,0.0,0.0
2016-11-03,11.410881629970655,11.607197688529345,11.402701599174708,11.419061660766602,14461800,0.0,0.0
2016-11-04,11.435420164361442,11.590837618549308,11.329082891610526,11.492679595947266,13876200,0.0,0.0
2016-11-07,11.729896921380504,11.9262129985364,11.729896921380504,11.89349365234375,17217900,0.0,0.0
2016-11-08,11.803515213910915,11.868953903904389,11.590839081386767,11.787155151367188,17263300,0.0,0.0
2016-11-09,11.991647427454769,12.523337589163553,11.909849481100665,12.457898139953613,33340000,0.0,0.0
2016-11-10,12.678758218193314,13.120470543714232,12.498801431509687,12.915973663330078,28197300,0.0,0.0
2016-11-11,12.858713053596924,13.374043241747113,12.776914313856032,13.357683181762695,32090800,0.0,0.0
2016-11-14,13.578539835160495,13.962991898547557,13.46402097103017,13.733957290649414,32390500,0.0,0.0
2016-11-15,13.603079331091468,14.003893043714923,13.357684645165733,13.979352951049805,26637700,0.0,0.0
2016-11-16,13.635799723188768,13.881194413947311,13.529462439908437,13.6848783493042,23338600,0.0,0.0
2016-11-17,13.725777124075488,13.913913138747269,13.676696942714926,13.905733108520508,25404400,0.0,0.0
2016-11-18,13.946633244832148,13.987533400497899,13.840295960464013,13.913914680480957,16480700,0.0,0.0
2016-11-21,14.028430794932028,14.142949660810139,13.88119336750394,14.052970886230469,16731400,0.0,0.0
2016-11-22,14.126589599944511,14.159308161494488,13.962992111650797,14.052970886230469,13703900,0.0,0.0
2016-11-23,14.175667752370043,14.371983795704935,14.134769161743233,14.331085205078125,16881200,0.0,0.0
2016-11-25,14.310533474344833,14.335193200608856,14.137920093858536,14.244775772094727,6134500,0.085,0.0
2016-11-28,14.146139393156558,14.220117009172954,13.924208112894762,13.973526000976562,12059900,0.0,0.0
2016-11-29,13.998187447900188,14.154361040635367,13.940648075653579,13.9817476272583,10081900,0.0,0.0
2016-11-30,14.318756644359198,14.458491989440398,14.137923313931378,14.228339195251465,18361300,0.0,0.0
2016-12-01,14.318757396285202,14.688645554979407,14.318757396285202,14.680425643920898,15567100,0.0,0.0
2016-12-02,14.696863744034495,14.78728119694159,14.450272686017682,14.713303565979004,17003700,0.0,0.0
2016-12-05,14.70508181925592,14.803719170821596,14.4831505218613,14.548908233642578,19851800,0.0,0.0
2016-12-06,14.548907222290593,14.779058413632594,14.458489786956289,14.754400253295898,12578900,0.0,0.0
2016-12-07,14.77083623647235,15.042086933042388,14.672200474694426,15.000988960266113,14123900,0.0,0.0
2016-12-08,15.124287563794072,15.296902534165513,14.935234341596175,15.099629402160645,14593400,0.0,0.0
2016-12-09,15.239366157158436,15.239366157158436,14.951675558184666,15.173606872558594,11221700,0.0,0.0
2016-12-12,15.09962854987989,15.181824507735183,14.836596154265797,14.959893226623535,14298500,0.0,0.0
2016-12-13,15.025654551316109,15.15716999689451,14.672206203403741,14.861259460449219,17939900,0.0,0.0
2016-12-14,14.729739712768735,15.24758143251464,14.565344669916561,14.91057300567627,20833600,0.0,0.0
2016-12-15,14.968112413036575,15.198265184269333,14.811938830066568,15.099629402160645,14944500,0.0,0.0
2016-12-16,15.17361021975795,15.198269956922669,14.885921125109482,14.927019119262695,24526600,0.0,0.0
2016-12-19,14.844816631380311,14.976332050323744,14.729741031751672,14.935234069824219,13964800,0.0,0.0
2016-12-20,15.05853126008414,15.206486514858515,15.017433274996874,15.173606872558594,8635000,0.0,0.0
2016-12-21,15.181824403873334,15.20648413173366,15.058528900146484,15.058528900146484,6923800,0.0,0.0
2016-12-22,15.083192632781225,15.190048346306039,14.992775174407132,15.091412544250488,9142000,0.0,0.0
2016-12-23,15.107847066983787,15.231144140774198,15.009211289296362,15.181824684143066,6766800,0.0,0.0
2016-12-27,15.206484985031327,15.305122334220183,15.181825255787244,15.239364624023438,4867700,0.0,0.0
2016-12-28,15.239363336688195,15.247581677954505,14.984550859386884,15.009210586547852,7066500,0.0,0.0
2016-12-29,15.017432133527882,15.033871953428259,14.770839538384783,14.885916709899902,10072700,0.0,0.0
2016-12-30,14.935232783772358,15.148945713099783,14.85303526206376,15.017430305480957,10246000,0.0,0.0
2017-01-03,15.214703609527225,15.33799910975738,14.927013063798634,15.009210586547852,13641800,0.0,0.0
2017-01-04,15.08318436929772,15.305117154016173,15.08318436929772,15.214699745178223,9966400,0.0,0.0
2017-01-05,15.173602717208805,15.280459957632646,14.918791830315904,15.025649070739746,13709200,0.0,0.0
2017-01-06,15.124286606653296,15.20648413173366,15.03387074007355,15.058528900146484,9897900,0.0,0.0
2017-01-09,14.99277076844054,15.083188200243415,14.811937472622136,15.009210586547852,9481300,0.0,0.0
2017-01-10,15.050312859553959,15.28868558678216,14.93523723553361,15.190048217773438,9456500,0.0,0.0
2017-01-11,15.140725048075488,15.280460357666016,14.976330012867603,15.280460357666016,10540900,0.0,0.0
2017-01-12,15.198263214821425,15.231142849788649,14.885914521569235,15.033869743347168,11324400,0.0,0.0
2017-01-13,15.1078474883014,15.42841769419393,15.1078474883014,15.272242546081543,10607500,0.0,0.0
2017-01-17,15.124284296044578,15.124284296044578,14.540684935929288,14.557123184204102,25013300,0.0,0.0
2017-01-18,14.663983134554387,14.910574149969648,14.474929918216858,14.90235424041748,20128300,0.0,0.0
2017-01-19,14.927014183326708,14.968112163889998,14.507808196873802,14.663983345031738,18762900,0.0,0.0
2017-01-20,14.680425643920898,14.82838090739858,14.590008190065042,14.680425643920898,12979800,0.0,0.0
2017-01-23,14.680424812892838,14.729742708664373,14.474931751425862,14.540689468383789,10614000,0.0,0.0
2017-01-24,14.598225383777747,14.861256217537942,14.5324676753377,14.836596488952637,15465400,0.0,0.0
2017-01-25,15.066748854220256,15.148946379544956,14.910573712882064,15.124286651611328,9305500,0.0,0.0
2017-01-26,15.148944476045822,15.264020056368459,15.066746961049423,15.165384292602539,10799700,0.0,0.0
2017-01-27,15.12428603055534,15.165385575423697,15.017430349472273,15.042088508605957,6536900,0.0,0.0
2017-01-30,14.94345623996306,14.94345623996306,14.622887553769775,14.853038787841797,10050400,0.0,0.0
2017-01-31,14.853039141689406,14.968114761466891,14.639326156539978,14.770841598510742,8012800,0.0,0.0
2017-02-01,14.95167226592007,15.066747853055599,14.762617499899468,14.828376770019531,10218200,0.0,0.0
2017-02-02,14.696861415924877,14.696861415924877,14.524248016214102,14.663983345031738,12656400,0.0,0.0
2017-02-03,14.88591645054183,15.157167203021961,14.737961209591305,15.099629402160645,11745300,0.0,0.0
2017-02-06,14.992770578632179,15.148945713099783,14.959892510621135,15.017430305480957,9110300,0.0,0.0
2017-02-07,15.107847426600863,15.132507155503411,14.820158428341733,14.869476318359375,7904300,0.0,0.0
2017-02-08,14.737959238036348,14.746179146743712,14.45026870442777,14.65576171875,11923000,0.0,0.0
2017-02-09,14.787277507430801,14.943452641361633,14.672201918106671,14.91057300567627,11387200,0.0,0.0
2017-02-10,14.976330950333226,15.058528473082445,14.894134995371354,15.009210586547852,8965600,0.0,0.0
2017-02-13,15.116069066321366,15.321562127332967,15.083190991809081,15.173606872558594,10405900,0.0,0.0
2017-02-14,15.190046074288757,15.559934196141395,15.157168001117174,15.510616302490234,9949400,0.0,0.0
2017-02-15,15.716109658748847,15.790085716760979,15.51883494475782,15.69966983795166,14833700,0.0,0.0
2017-02-16,15.69966846100569,15.707888370683351,15.494175422426524,15.609251022338867,7250200,0.0,0.0
2017-02-17,15.453080223948668,15.617475328202806,15.329784679652017,15.584595680236816,8007200,0.0,0.0
2017-02-21,15.69966773839358,15.757205535701447,15.576372234478525,15.666788101196289,7715300,0.0,0.0
2017-02-22,15.54349574783231,15.633913200664413,15.46951811693108,15.559935569763184,8672400,0.0,0.0
2017-02-23,15.5681523251792,15.675008010495612,15.370879205357634,15.666788101196289,10621800,0.0,0.0
2017-02-24,15.489272708490166,15.588350328853364,15.324141241470993,15.472759246826172,16457100,0.085,0.0
2017-02-27,15.505786696255257,15.59660758886795,15.464503040694545,15.555325508117676,6799400,0.0,0.0
2017-02-28,15.456244425643169,15.54706688199608,15.414962349924705,15.497528076171875,8761400,0.0,0.0
2017-03-01,15.769995588954282,16.12502714813948,15.769995588954282,15.984665870666504,14867000,0.0,0.0
2017-03-02,16.07548737388627,16.100257567845496,15.563582630546072,15.588351249694824,12370800,0.0,0.0
2017-03-03,15.637892496614732,15.778253787139548,15.604865569521571,15.745226860046387,9912700,0.0,0.0
2017-03-06,15.637893290739807,15.745227659622126,15.472761796509397,15.67917537689209,10382400,0.0,0.0
2017-03-07,15.679174673671303,15.712201600960364,15.497531298013184,15.514044761657715,8113000,0.0,0.0
2017-03-08,15.728713489794323,15.803022501384138,15.464504370724123,15.514044761657715,7924600,0.0,0.0
2017-03-09,15.547068777005533,15.761739061489926,15.522298583669105,15.555325508117676,8503200,0.0,0.0
2017-03-10,15.662661915715454,15.695688844492558,15.125986921572641,15.340657234191895,14500100,0.0,0.0
2017-03-13,15.357170128788223,15.414965677193145,15.208552104426664,15.2993745803833,8302100,0.0,0.0
2017-03-14,15.192038512750598,15.249834060668945,14.960856321077213,15.249834060668945,9310800,0.0,0.0
2017-03-15,15.324144085092481,15.48101885039009,15.117730500420613,15.134243965148926,15198900,0.0,0.0
2017-03-16,15.208551976387431,15.35716999949779,15.134242964832252,15.249834060668945,9758300,0.0,0.0
2017-03-17,15.249831591069508,15.315883860109587,15.068188244911873,15.15075397491455,18996400,0.0,0.0
2017-03-20,15.092963161483056,15.183784075589859,14.927831649780273,14.927831649780273,11919900,0.0,0.0
2017-03-21,15.018649738438778,15.026906469085889,13.912273028691493,13.9535551071167,25665400,0.0,0.0
2017-03-22,13.87924490403802,14.2590466068592,13.664574650236519,14.159967422485352,19036600,0.0,0.0
2017-03-23,14.102173363538947,14.448948182921479,14.036121091980865,14.242534637451172,10054500,0.0,0.0
2017-03-24,14.292075180338124,14.366384191702267,14.093918341637261,14.23427963256836,9196200,0.0,0.0
2017-03-27,13.755399484640714,14.201253529249493,13.65632185793464,14.18474006652832,10813300,0.0,0.0
2017-03-28,14.151712659394596,14.539771146081144,14.14345592831505,14.440691947937012,9128400,0.0,0.0
2017-03-29,14.440694214996974,14.515003231568317,14.316846378981628,14.457207679748535,9244900,0.0,0.0
2017-03-30,14.44895183822715,14.89480596514447,14.440695105342297,14.853522300720215,14973700,0.0,0.0
2017-03-31,14.737929367817662,14.820495111647316,14.663620355852032,14.680133819580078,11159600,0.0,0.0
2017-04-03,14.729673647703565,14.754443844997047,14.407668956941736,14.638851165771484,8265700,0.0,0.0
2017-04-04,14.490232235221338,14.638850260166883,14.44895015043006,14.523259162902832,8678900,0.0,0.0
2017-04-05,14.779210927659951,14.779210927659951,14.192997159420306,14.201253890991211,16060200,0.0,0.0
2017-04-06,14.209509672780573,14.506745723165535,14.118688771126742,14.465463638305664,9486500,0.0,0.0
2017-04-07,14.333357972231596,14.523258067647314,14.283817584445387,14.399410247802734,7101100,0.0,0.0
2017-04-10,14.366384168409189,14.473720106788063,14.151713866462005,14.292075157165527,10017300,0.0,0.0
2017-04-11,14.209508825463704,14.316844759395842,14.052635652502113,14.308588027954102,7534300,0.0,0.0
2017-04-12,14.29207520369966,14.333358862753093,14.08566163286421,14.176484107971191,8820300,0.0,0.0
2017-04-13,14.093917867909648,14.341615089068,13.961813313216066,14.03612232208252,13661700,0.0,0.0
2017-04-17,14.044380033934251,14.349871247433253,13.994841216168856,14.316845893859863,8082500,0.0,0.0
2017-04-18,14.176483696278494,14.341615178075575,14.052635872335943,14.201253890991211,10552700,0.0,0.0
2017-04-19,14.30033391944765,14.515004251875784,14.226024897652882,14.341617584228516,11069700,0.0,0.0
2017-04-20,14.754440061746445,15.249831282105156,14.704899679862349,15.035161018371582,16549100,0.0,0.0
2017-04-21,14.936087400375197,15.15075772154383,14.787469364580705,14.985626220703125,13161300,0.0,0.0
2017-04-24,15.49753241472948,15.646150448618181,15.29111882873088,15.315887451171875,14744800,0.0,0.0
2017-04-25,15.447994243293302,15.588355564963686,15.35717332325546,15.373686790466309,9324900,0.0,0.0
2017-04-26,15.357168361767679,15.580095372659676,15.324141438016094,15.42322063446045,8655000,0.0,0.0
2017-04-27,15.431478822443868,15.472760906220815,15.125986048138575,15.167269706726074,9381100,0.0,0.0
2017-04-28,15.150753257575426,15.324139865042469,15.043417341210862,15.059930801391602,8575000,0.0,0.0
2017-05-01,15.183782882117624,15.439736862619581,15.076448510315053,15.315887451171875,9209600,0.0,0.0
2017-05-02,15.340658634920073,15.35717210081644,15.117731569751472,15.258092880249023,5467400,0.0,0.0
2017-05-03,15.175527821640966,15.580099880604733,15.150759196471126,15.571843147277832,9104200,0.0,0.0
2017-05-04,15.637893911587906,15.76174174977234,15.514046073403472,15.604866981506348,10109700,0.0,0.0
2017-05-05,15.637893423512818,15.670918777752917,15.456248463354987,15.464505195617676,6969300,0.0,0.0
2017-05-08,15.447993849369224,15.522302875112247,15.381941557021078,15.414968490600586,6396500,0.0,0.0
2017-05-09,15.423222279234553,15.563583570526497,15.192038512750598,15.249834060668945,6760700,0.0,0.0
2017-05-10,15.167269482568864,15.315885926855806,15.117729092996024,15.274603843688965,6786700,0.0,0.0
2017-05-11,15.216805523488144,15.266344329220122,14.969108345207776,15.059930801391602,9310200,0.0,0.0
2017-05-12,14.94434013453797,15.043417748685599,14.795722138506244,15.035161018371582,8477000,0.0,0.0
2017-05-15,15.109474867846023,15.241579445666803,15.084706243761369,15.200297355651855,4305700,0.0,0.0
2017-05-16,15.225064799042883,15.332399158542339,15.026907968175077,15.30763053894043,10647600,0.0,0.0
2017-05-17,15.307632159535116,15.307632159535116,14.432437428700366,14.572798728942871,14381600,0.0,0.0
2017-05-18,14.556284851409114,14.713159611892214,14.42418028725828,14.59756851196289,10633300,0.0,0.0
2017-05-19,14.655364630633807,14.812239397204484,14.60582581085753,14.638851165771484,6391300,0.0,0.0
2017-05-22,14.721411752553726,14.75443867069601,14.539768427201574,14.622332572937012,7368800,0.0,0.0
2017-05-23,14.638849890204959,14.977368016332095,14.515002064150492,14.903059005737305,7992400,0.0,0.0
2017-05-24,14.952599757846235,14.969111646858666,14.73792945257875,14.919572830200195,10659600,0.0,0.0
2017-05-25,14.948621698918048,15.147825793347707,14.882220334108162,15.056523323059082,9942700,0.095,0.0
2017-05-26,14.99842729623477,15.098030168018148,14.865624522612888,14.932025909423828,7116300,0.0,0.0
2017-05-30,14.824121193740346,14.873921827799343,14.666417338897642,14.799220085144043,6391900,0.0,0.0
2017-05-31,14.80752125132918,14.849021518088811,14.442312887936355,14.50041389465332,14720400,0.0,0.0
2017-06-01,14.591713071653821,14.741116531115352,14.400809354845572,14.658114433288574,22276100,0.0,0.0
2017-06-02,14.450611114501951,14.541913587590978,14.326108749556393,14.450611114501953,15596400,0.0,0.0
2017-06-05,14.467210065579609,14.683014876966523,14.450609330134478,14.517010688781738,14822500,0.0,0.0
2017-06-06,14.351008083730221,14.608313150596697,14.276306357360395,14.517010688781738,10812400,0.0,0.0
2017-06-07,14.600017572462175,14.857322723738527,14.52531582158617,14.774320602416992,15073300,0.0,0.0
2017-06-08,14.774316750803438,15.29722887061407,14.683015865971983,15.106325149536133,15657300,0.0,0.0
2017-06-09,15.255728429401827,15.5545353824329,15.230828905404918,15.454934120178223,13901900,0.0,0.0
2017-06-12,15.47983486093891,15.695639723631679,15.421733856201172,15.421733856201172,11281300,0.0,0.0
2017-06-13,15.521339139414435,15.620940425091504,15.446637383589687,15.496438026428223,10203400,0.0,0.0
2017-06-14,15.355332926702822,15.620938432133588,15.189328694241746,15.604337692260742,10790800,0.0,0.0
2017-06-15,15.471529709760972,15.687334505759189,15.454930558632768,15.504731178283691,6848600,0.0,0.0
2017-06-16,15.496436189782353,15.529636086695207,15.338732325828598,15.388534545898438,12042800,0.0,0.0
2017-06-19,15.50473348842839,15.67903647474367,15.496433120060987,15.596035957336426,8896800,0.0,0.0
2017-06-20,15.571135965263439,15.571135965263439,15.413432121276857,15.413432121276855,5331700,0.0,0.0
2017-06-21,15.463237484185843,15.463237484185843,15.20593230019352,15.264033317565918,6954000,0.0,0.0
2017-06-22,15.230827507494206,15.272327765769106,15.00672231328965,15.106325149536133,7246000,0.0,0.0
2017-06-23,15.189328619348219,15.189328619348219,14.76602083661368,14.857321739196777,9008200,0.0,0.0
2017-06-26,14.890521150482632,15.147826248968563,14.824119783675505,15.039924621582031,7524200,0.0,0.0
2017-06-27,15.131224671247722,15.388531338578899,15.106325149536133,15.106325149536133,8513600,0.0,0.0
2017-06-28,15.239129566347268,15.446634047008278,15.205928089537403,15.255728721618652,10452200,0.0,0.0
2017-06-29,15.620933948362769,15.853339490472772,15.371929254278166,15.546232223510742,12974700,0.0,0.0
2017-06-30,15.60433745518624,15.679039200345422,15.396832959329329,15.554536819458008,8456700,0.0,0.0
2017-07-03,15.687336784071102,15.919742348083531,15.662437262195995,15.78693962097168,4962100,0.0,0.0
2017-07-05,15.828441881518366,15.93634510040283,15.604336657497017,15.936345100402832,9349500,0.0,0.0
2017-07-06,15.919745365268778,16.05254811755003,15.73714039353179,15.770341873168945,10376100,0.0,0.0
2017-07-07,15.845044063648647,16.01104830022323,15.745441205077153,15.952945709228516,8669500,0.0,0.0
2017-07-10,15.977845884655743,16.09404789357775,15.903144140881986,16.01104736328125,7303900,0.0,0.0
2017-07-11,16.102350996177307,16.168752381564545,15.952947483272546,15.969548225402832,9377200,0.0,0.0
2017-07-12,15.903143470808109,15.99444595004762,15.770340728168952,15.894843101501465,7816900,0.0,0.0
2017-07-13,15.936346671379395,16.085748585654482,15.903145190562437,16.077449798583984,6481300,0.0,0.0
2017-07-14,15.861641548835223,16.044244905086746,15.687336977889013,15.944642066955566,10806400,0.0,0.0
2017-07-17,15.919743796617112,15.919743796617112,15.762039950147336,15.886542320251465,8731000,0.0,0.0
2017-07-18,15.770343004680905,15.845044756090623,15.637540242871138,15.728842735290527,8289800,0.0,0.0
2017-07-19,15.77034061826502,15.869943466117038,15.637537876551367,15.828441619873047,9973300,0.0,0.0
2017-07-20,15.554539482302616,15.562839853533907,15.056528290362744,15.24743366241455,24780700,0.0,0.0
2017-07-21,15.288930340314273,15.347031342137182,14.90712126912527,14.956923484802246,18742900,0.0,0.0
2017-07-24,14.948620990291182,15.272327430502669,14.948620990291182,15.189325332641602,12013300,0.0,0.0
2017-07-25,15.47153259095426,15.579435800614272,15.322129121045599,15.338729858398438,14646300,0.0,0.0
2017-07-26,15.396836323248587,15.396836323248587,14.915425851006763,14.965228080749512,12352700,0.0,0.0
2017-07-27,15.015023901973876,15.039925008842772,14.865620427027508,14.99012279510498,13765000,0.0,0.0
2017-07-28,14.998427200570234,15.056528215767479,14.716220912640251,14.86562442779541,13865000,0.0,0.0
2017-07-31,14.956921449978761,15.122924063584065,14.923719977377692,14.973522186279297,12128900,0.0,0.0
2017-08-01,15.073125056079842,15.106326532245452,14.923721579601635,15.031624794006348,9126700,0.0,0.0
2017-08-02,15.015028133643414,15.106330634760882,14.965227489003862,14.998427391052246,8669600,0.0,0.0
2017-08-03,14.990127612486875,15.056529002343195,14.923726222630554,14.965228080749512,9883000,0.0,0.0
2017-08-04,15.131226221466708,15.521335655004965,15.122925852334667,15.272329330444336,14673600,0.0,0.0
2017-08-07,15.30552973461404,15.355330362783548,15.181027372623562,15.205926895141602,8134700,0.0,0.0
2017-08-08,15.189326441689825,15.521334857375676,15.131225443884839,15.230828285217285,8701200,0.0,0.0
2017-08-09,15.073124513418863,15.16442698645371,14.981822040384017,15.039924621582031,8139600,0.0,0.0
2017-08-10,14.890521551033373,14.915421074797422,14.608315338728454,14.624916076660156,10471800,0.0,0.0
2017-08-11,14.649815616614354,14.766019199131188,14.434010772664244,14.541913986206055,12267600,0.0,0.0
2017-08-14,14.774321927837496,14.873924798985579,14.674720639823343,14.86562442779541,8556700,0.0,0.0
2017-08-15,15.015027942950569,15.114629230964722,14.857324056605243,14.86562442779541,7790500,0.0,0.0
2017-08-16,14.940323960733654,14.990124597325332,14.82412194764184,14.923723220825195,15221000,0.0,0.0
2017-08-17,14.85731975790035,15.073124597003575,14.741117761126873,14.766018867492676,36375900,0.0,0.0
2017-08-18,14.707915354058233,14.782617085288969,14.541912738204777,14.600013732910156,16152500,0.0,0.0
2017-08-21,14.58341384819501,14.608314954437507,14.359308641412927,14.450611114501953,8797000,0.0,0.0
2017-08-22,14.508712494271746,14.666416338355907,14.475512601541846,14.624916076660156,8196600,0.0,0.0
2017-08-23,14.483816974570589,14.757722893631168,14.475516603310094,14.674720764160156,8521300,0.0,0.0
2017-08-24,14.724520718414974,14.774321360509726,14.59171795073972,14.641518592834473,8795600,0.0,0.0
2017-08-25,14.695760144817775,14.779210090280442,14.662378893268164,14.679069519042969,6758600,0.095,0.0
2017-08-28,14.687415370579908,14.745830971228393,14.495477942247529,14.512166976928711,4875300,0.0,0.0
2017-08-29,14.303536452527624,14.428714537110258,14.178359959650455,14.395333290100098,9544400,0.0,0.0
2017-08-30,14.437056270408723,14.528853095348621,14.370295377281137,14.420367240905762,6742600,0.0,0.0
2017-08-31,14.48713568262985,14.520515350733668,14.353613826802428,14.361957550048828,6444300,0.0,0.0
2017-09-01,14.412023950838668,14.57892541120426,14.345263048351336,14.487130165100098,7520900,0.0,0.0
2017-09-05,14.336917594345405,14.361951937713878,14.003113085220313,14.011458396911621,11862500,0.0,0.0
2017-09-06,14.094909297652192,14.261812359520894,14.011459358423403,14.111599922180176,7144500,0.0,0.0
2017-09-07,14.094915358857246,14.094915358857246,13.585863825491977,13.744420051574707,12218500,0.0,0.0
2017-09-08,13.71938116793839,13.9780795071696,13.702690541741353,13.869593620300293,7748700,0.0,0.0
2017-09-11,14.053184647909324,14.336918904520997,14.053184647909324,14.211742401123047,8059100,0.0,0.0
2017-09-12,14.295193424818754,14.695760494414765,14.278504390352614,14.570582389831543,12452600,0.0,0.0
2017-09-13,14.54554420357214,14.912729923920633,14.503817649154527,14.90438461303711,13308100,0.0,0.0
2017-09-14,14.954458025137006,15.113015781789978,14.871006490493041,14.921076774597168,14608700,0.0,0.0
2017-09-15,14.871005752517346,14.962802595240841,14.729138628174471,14.95445728302002,12743300,0.0,0.0
2017-09-18,14.996185604349261,15.188124644919075,14.946115311538223,15.096327781677246,9390100,0.0,0.0
2017-09-19,15.104673011752059,15.196468282777417,14.987840206901575,15.121363639831543,11923200,0.0,0.0
2017-09-20,15.113016975492192,15.17977789013935,14.837628003609439,15.14639663696289,19322800,0.0,0.0
2017-09-21,15.113016707386521,15.2799181951907,15.01287454133943,15.22984790802002,14381300,0.0,0.0
2017-09-22,15.188120852953887,15.321642661584669,15.071288076622817,15.288261413574219,7692400,0.0,0.0
2017-09-25,15.246537208557129,15.380059023872441,15.146395051217848,15.246537208557129,6628600,0.0,0.0
2017-09-26,15.288261996817992,15.363368216001282,15.196465152992733,15.304952621459961,5586100,0.0,0.0
2017-09-27,15.571996980072818,15.68048445363394,15.396750188220363,15.580342292785645,10743800,0.0,0.0
2017-09-28,15.597034536928213,15.622068885959207,15.371715845414395,15.571998596191406,7268900,0.0,0.0
2017-09-29,15.505237876557363,15.805662802398452,15.505237876557363,15.705520629882812,6927600,0.0,0.0
2017-10-02,15.755590066588319,15.830696293979042,15.588688577046737,15.7722806930542,11678900,0.0,0.0
2017-10-03,15.78062483672265,15.830695120703643,15.57199679647861,15.638757705688477,6771800,0.0,0.0
2017-10-04,15.605378497140356,15.65544878256584,15.471856674868611,15.496891021728516,8185100,0.0,0.0
2017-10-05,15.513583010015932,15.755590737249673,15.43013146584002,15.663795471191406,13747800,0.0,0.0
2017-10-06,15.713865660420579,15.88076874770395,15.580343827276204,15.597034454345703,11723600,0.0,0.0
2017-10-09,15.63041284400026,15.647103469710647,15.455166049158224,15.496891021728516,8619700,0.0,0.0
2017-10-10,15.488545814073026,15.622067637251662,15.48020050116115,15.563652038574219,11992800,0.0,0.0
2017-10-11,15.505237001451897,15.555307289030868,15.371715173437485,15.388405799865723,12377800,0.0,0.0
2017-10-12,15.438476633880974,15.480201609722657,15.204812630732471,15.221503257751465,16322800,0.0,0.0
2017-10-13,15.17977523803711,15.355022011478374,14.996181561054282,15.17977523803711,13147600,0.0,0.0
2017-10-16,15.204811805150557,15.405094543386241,15.171432144630801,15.380060195922852,13249800,0.0,0.0
2017-10-17,15.396748570658781,15.45516416180587,15.146393990692783,15.17977523803711,8031900,0.0,0.0
2017-10-18,15.26322609878241,15.538615010536393,15.096323052753457,15.505233764648438,25823000,0.0,0.0
2017-10-19,14.996183915047293,15.263229160604293,14.820937114097047,15.22984790802002,22308200,0.0,0.0
2017-10-20,15.405095018615695,15.455166898498561,15.279918502320056,15.430130958557129,12365400,0.0,0.0
2017-10-23,15.46351040345744,15.588686905114518,15.380058871784195,15.396749496459961,10385300,0.0,0.0
2017-10-24,15.480199412272365,15.638757163033556,15.380058847785191,15.4050931930542,11723000,0.0,0.0
2017-10-25,15.697172151469179,15.705517463471791,15.188120852953887,15.288261413574219,12014600,0.0,0.0
2017-10-26,15.304955305674591,15.538619316525923,15.263230328457428,15.455167770385742,14302400,0.0,0.0
2017-10-27,15.39675034396085,15.430130003444157,15.288262869302361,15.329989433288574,10633100,0.0,0.0
2017-10-30,15.229847325788338,15.36336914760948,15.138050476396677,15.213156700134277,6444800,0.0,0.0
2017-10-31,15.246538534312156,15.396750987529929,15.213157281727883,15.22984790802002,8859800,0.0,0.0
2017-11-01,15.296609696259397,15.505237761724858,15.246539406225315,15.254884719848633,7484600,0.0,0.0
2017-11-02,15.213157405780715,15.413440147802335,15.113016830622776,15.388405799865723,10790100,0.0,0.0
2017-11-03,15.355023412228729,15.488545230375493,15.229846906679338,15.446820259094238,8553400,0.0,0.0
2017-11-06,15.413436930161973,15.55530404177496,15.346676030091475,15.505233764648438,11972500,0.0,0.0
2017-11-07,15.513584233453342,15.605381098456737,15.046257777601932,15.104673385620117,14024500,0.0,0.0
2017-11-08,15.062943452154043,15.09632470168815,14.912732604367315,14.96280288696289,11375000,0.0,0.0
2017-11-09,14.854316259509133,15.029564646083736,14.64568821321431,14.896042823791504,11972200,0.0,0.0
2017-11-10,14.962805918114563,15.054602781223899,14.712451271008895,14.720796585083008,11448700,0.0,0.0
2017-11-13,14.60396212827324,14.996182252418578,14.520510597770567,14.95445728302002,8340000,0.0,0.0
2017-11-14,14.896043340705932,15.254883847458226,14.871007401267727,15.22984790802002,12813900,0.0,0.0
2017-11-15,15.07128727124922,15.288260596606085,14.954456092866844,15.13804817199707,11023000,0.0,0.0
2017-11-16,15.221502280079731,15.304953818108833,15.113016394835887,15.129705429077148,7449200,0.0,0.0
2017-11-17,15.037907194431705,15.313296101246253,15.021216571787095,15.279914855957031,9553700,0.0,0.0
2017-11-20,15.321643253216745,15.413438505379059,15.20481047237428,15.4050931930542,10361800,0.0,0.0
2017-11-21,15.430131530820827,15.430131530820827,15.221503465355365,15.254884719848633,8848500,0.0,0.0
2017-11-22,15.279918759306694,15.338334361780076,15.146396927451596,15.154742240905762,9207900,0.0,0.0
2017-11-24,15.263226253641534,15.263226253641534,15.121359140589178,15.13804817199707,3628800,0.0,0.0
2017-11-27,15.159034277651436,15.2010037729136,15.066704590019764,15.117066383361816,8470600,0.105,0.0
2017-11-28,15.175822953820195,15.545146528633351,15.117067258026141,15.511570930480957,19384500,0.0,0.0
2017-11-29,15.662655175098834,16.05715877841079,15.6206872857365,15.956435203552246,17054200,0.0,0.0
2017-11-30,16.065554523139546,16.267003296984605,15.8976813454216,15.931255340576172,19812000,0.0,0.0
2017-12-01,15.956439635689373,16.124312840740334,15.561935922798176,16.05716323852539,15610000,0.0,0.0
2017-12-04,16.376123104077557,16.72865887406334,16.342547506472904,16.47684669494629,16942200,0.0,0.0
2017-12-05,16.476845270114286,16.569176554570134,16.18306682134108,16.225034713745117,9827700,0.0,0.0
2017-12-06,16.14110061657346,16.493636427899887,16.124312815802487,16.267005920410156,10170300,0.0,0.0
2017-12-07,16.51881773477406,16.60275513565265,16.17467583204733,16.56917953491211,10268300,0.0,0.0
2017-12-08,16.636326021489932,16.69508171081543,16.451665054899454,16.69508171081543,10344200,0.0,0.0
2017-12-11,16.678300213660403,16.846173430321066,16.476849792110947,16.560787200927734,9581800,0.0,0.0
2017-12-12,16.644719571924544,16.837774433090637,16.57756998538971,16.787412643432617,8910400,0.0,0.0
2017-12-13,16.762235297022748,16.913322306168244,16.527212483661167,16.535606384277344,9142100,0.0,0.0
2017-12-14,16.6279343583184,16.728659554255255,16.31736807271072,16.384517669677734,8270500,0.0,0.0
2017-12-15,16.476848911655306,16.762235125798764,16.443274910506396,16.585968017578125,16624300,0.0,0.0
2017-12-18,16.78741558610383,16.95529038235395,16.7622338863745,16.921714782714844,11163100,0.0,0.0
2017-12-19,16.98046749822579,17.039223186300163,16.8713500205123,16.888137817382812,9227700,0.0,0.0
2017-12-20,17.022439802754633,17.064407700892193,16.720265813051576,16.862958908081055,7105600,0.0,0.0
2017-12-21,16.98046358975133,17.223881785427782,16.93849570820742,17.148338317871094,6616900,0.0,0.0
2017-12-22,17.257459954415282,17.274247751491753,17.064405090953237,17.156736373901367,5494400,0.0,0.0
2017-12-26,17.15673864379669,17.26585613728546,16.972076053468935,17.064407348632812,3762500,0.0,0.0
2017-12-27,17.039226698702148,17.08119619952987,16.938503098661133,16.98886489868164,4663100,0.0,0.0
2017-12-28,17.04762023136046,17.089589731283418,16.946896633490812,17.081195831298828,4168400,0.0,0.0
2017-12-29,17.06441014584603,17.131559753070803,16.930110931396484,16.930110931396484,5497400,0.0,0.0
2018-01-02,17.05601624482132,17.097985749944876,16.820993420021075,16.930110931396484,6022800,0.0,0.0
2018-01-03,16.980470998516097,17.039226698702148,16.871353498309535,16.98886489868164,9274400,0.0,0.0
2018-01-04,17.156740218707206,17.282645523051062,17.022441013944054,17.056015014648438,10503300,0.0,0.0
2018-01-05,17.181918741770357,17.181918741770357,16.972076053468935,17.064407348632812,5887400,0.0,0.0
2018-01-08,17.081197568910103,17.081197568910103,16.92171665492487,17.022441864013672,7924700,0.0,0.0
2018-01-09,17.09798396187971,17.534455562709137,17.039226660851423,17.408550262451172,9833900,0.0,0.0
2018-01-10,17.475694849856612,17.861806140996478,17.425333064393946,17.635175704956055,8898100,0.0,0.0
2018-01-11,17.735901028144927,17.82823231142549,17.651965244405268,17.786264419555664,6688300,0.0,0.0
2018-01-12,17.928964438222554,18.021294156295426,17.78627130923022,17.979326248168945,10075300,0.0,0.0
2018-01-16,18.0800483484065,18.222739851797115,17.769480438566326,17.8953857421875,10278700,0.0,0.0
2018-01-17,17.90377789743606,17.962533593334037,17.677147412424464,17.845022201538086,11754800,0.0,0.0
2018-01-18,17.341397388667847,17.62678353589828,17.30782339539086,17.475696563720703,20398100,0.0,0.0
2018-01-19,17.43373141959025,17.937354205900057,17.43373141959025,17.761085510253906,13614700,0.0,0.0
2018-01-22,17.735901239658887,17.9793194981297,17.693933347288556,17.954137802124023,9070500,0.0,0.0
2018-01-23,17.878595501629974,18.273100760372092,17.845021505699997,18.13880157470703,9896600,0.0,0.0
2018-01-24,18.22273894874693,18.35703974705658,18.113621451275442,18.239526748657227,10367900,0.0,0.0
2018-01-25,18.365430287267493,18.365430287267493,18.105225817467343,18.189163208007812,10159600,0.0,0.0
2018-01-26,18.214344050691665,18.348643228864944,17.996107485916962,18.323461532592773,8426200,0.0,0.0
2018-01-29,18.281496424192056,18.45776352202665,18.21434682487801,18.298282623291016,9114500,0.0,0.0
2018-01-30,18.17237574931806,18.331856634228142,17.987714767456055,17.987714767456055,11783500,0.0,0.0
2018-01-31,18.012895748152943,18.155588841447457,17.895384354018404,17.962533950805664,7680600,0.0,0.0
2018-02-01,17.93735297666895,18.407400131225586,17.89538348011852,18.407400131225586,8649700,0.0,0.0
2018-02-02,18.331857160728973,18.65081733873725,18.205951869435513,18.264707565307617,15179500,0.0,0.0
2018-02-05,17.96253485608851,18.348646257804166,17.190313653629953,17.2994327545166,12567400,0.0,0.0
2018-02-06,16.896528713632957,17.702325285897036,16.70347386854917,17.635175704956055,18623700,0.0,0.0
2018-02-07,17.559633813369228,18.004500827919358,17.500878124856886,17.73590087890625,12236200,0.0,0.0
2018-02-08,17.803052913803608,17.803052913803608,16.846170767096076,16.854564666748047,12803500,0.0,0.0
2018-02-09,17.106376988778244,17.257463995904313,16.48524276023882,17.114770889282227,16405400,0.0,0.0
2018-02-12,17.215496574268258,17.500882795468055,17.030835560951335,17.28264617919922,10383000,0.0,0.0
2018-02-13,17.156735720709417,17.28264099204457,17.022436551155607,17.249065399169922,9756600,0.0,0.0
2018-02-14,17.207101256246297,17.786267551680123,17.1483455568928,17.769479751586914,10234300,0.0,0.0
2018-02-15,17.861810170340743,17.895384167898854,17.53445448855639,17.58481788635254,8448600,0.0,0.0
2018-02-16,17.50088066773486,17.761085155085418,17.475698968582485,17.643573760986328,6807300,0.0,0.0
2018-02-20,17.601604084645267,17.886990268266164,17.475698792100204,17.58481788635254,6580600,0.0,0.0
2018-02-21,17.559638974387365,17.945748812935676,17.526063370527734,17.66875648498535,6875400,0.0,0.0
2018-02-22,17.761089455708596,17.786271160958407,17.223892551497133,17.23228645324707,8058700,0.0,0.0
2018-02-23,17.349793871186034,17.601604461669922,17.299432073283793,17.601604461669922,7265600,0.0,0.0
2018-02-26,17.74923352829967,17.901079225007603,17.588950082351644,17.86733627319336,7657500,0.105,0.0
2018-02-27,17.917951379370415,18.331312592619415,17.8504638671875,17.8504638671875,13814700,0.0,0.0
2018-02-28,17.917955024390764,18.23008583737626,17.799852256302515,17.825159072875977,15640300,0.0,0.0
2018-03-01,17.86733765869853,18.036055648911272,17.529900069243705,17.715490341186523,13067200,0.0,0.0
2018-03-02,17.614253560725324,18.06979539173243,17.34430356117841,18.002307891845703,13021000,0.0,0.0
2018-03-05,17.749234313427596,18.20477464176043,17.6311299542804,18.095108032226562,9163700,0.0,0.0
2018-03-06,18.187903021813028,18.331314198896745,17.867337713112025,18.306007385253906,8532100,0.0,0.0
2018-03-07,18.145724400012366,18.60970089790739,18.111979835568675,18.533777236938477,9252900,0.0,0.0
2018-03-08,18.575957545069308,18.651881204413872,18.103543307141045,18.398801803588867,9452800,0.0,0.0
2018-03-09,18.584390804187596,18.68562126159668,18.424107369422586,18.68562126159668,7517100,0.0,0.0
2018-03-12,18.67718795513522,18.896522791498164,18.373494927811365,18.390365600585938,9782100,0.0,0.0
2018-03-13,18.45785019951793,18.491594757788814,17.951694697687536,18.019182205200195,13048700,0.0,0.0
2018-03-14,18.10354296288728,18.145723666737357,17.60582352969097,17.64800262451172,12838600,0.0,0.0
2018-03-15,17.740792746478235,17.791407965471503,17.563637066458586,17.63956069946289,6575400,0.0,0.0
2018-03-16,17.69861781066771,17.82515670380585,17.580515058276024,17.681745529174805,14742100,0.0,0.0
2018-03-19,17.707054000872503,17.766105377233284,17.445540073119325,17.64800262451172,7935300,0.0,0.0
2018-03-20,17.681747550966985,17.79141578418139,17.5973893519153,17.65644073486328,5475600,0.0,0.0
2018-03-21,17.664873014258575,17.909514634272192,17.513025714718808,17.6901798248291,6681000,0.0,0.0
2018-03-22,17.428667366303973,17.53833558460885,16.846586539610808,16.88876724243164,9421400,0.0,0.0
2018-03-23,16.880328433342083,16.930943659696286,16.028297679405963,16.062042236328125,15182700,0.0,0.0
2018-03-26,16.46696587397158,16.855018591616712,16.323554737226882,16.81283950805664,11027000,0.0,0.0
2018-03-27,16.88032902710655,16.914071976186584,16.08734961086218,16.25606918334961,11489200,0.0,0.0
2018-03-28,16.306684411484202,16.3994803372552,16.028298243200307,16.25606918334961,10669500,0.0,0.0
2018-03-29,16.357300218878937,16.559762747616194,16.1885822494458,16.49227523803711,10710200,0.0,0.0
2018-04-02,16.500710147564465,16.610378348096795,15.842707380486589,16.053606033325195,11223200,0.0,0.0
2018-04-03,16.104226109694597,16.450099875796678,16.070481542743412,16.399484634399414,9060700,0.0,0.0
2018-04-04,16.087350626340392,16.627250717933613,16.05360767513041,16.593507766723633,6490700,0.0,0.0
2018-04-05,16.694741893234795,16.745357130794186,16.500713866036573,16.65256118774414,10824400,0.0,0.0
2018-04-06,16.500712188468974,16.52602060919035,15.876452291938069,16.104223251342773,10310300,0.0,0.0
2018-04-09,16.197019514435503,16.57663617880288,16.171711093199306,16.188583374023438,6965200,0.0,0.0
2018-04-10,16.416355575595375,16.62725429537864,16.340433516780575,16.55976676940918,8865100,0.0,0.0
2018-04-11,16.348861910383842,16.618813521920373,16.340427380705798,16.416349411010742,7067100,0.0,0.0
2018-04-12,16.54289118095945,16.86345643183963,16.517582762852175,16.74535369873047,7365200,0.0,0.0
2018-04-13,16.888766953160513,16.905639233999857,16.12109587429224,16.230762481689453,12978600,0.0,0.0
2018-04-16,16.37417206521183,16.424787293799398,16.137964983421345,16.315120697021484,6684600,0.0,0.0
2018-04-17,16.416352842675256,16.416352842675256,15.842709771947082,15.994555473327637,13388400,0.0,0.0
2018-04-18,16.045172350266018,16.230762613923037,15.842709805632193,15.918633460998535,11541000,0.0,0.0
2018-04-19,15.82583628207229,16.660994816499393,15.792091722768173,16.49227523803711,14692300,0.0,0.0
2018-04-20,16.58507033176886,16.871892635291136,16.551327383193392,16.7537899017334,11707000,0.0,0.0
2018-04-23,16.770662543448783,16.863458478743397,16.66099593639727,16.76222801208496,10471000,0.0,0.0
2018-04-24,17.06591945862216,17.285254261673284,16.770661008013757,16.930944442749023,10432800,0.0,0.0
2018-04-25,16.86345546261548,17.21776525060813,16.753788875178476,17.06591796875,8451800,0.0,0.0
2018-04-26,17.03217730300637,17.21776755622467,16.94781751189653,17.11653709411621,9059600,0.0,0.0
2018-04-27,17.074354660488023,17.31056172980764,17.04904624301588,17.21776580810547,8835100,0.0,0.0
2018-04-30,17.234640625999585,17.378051794749123,16.804407119750977,16.804407119750977,8869000,0.0,0.0
2018-05-01,16.779100541442606,16.838151921702433,16.559765694027934,16.79597282409668,8058700,0.0,0.0
2018-05-02,16.728486886951526,16.93938561301447,16.63569093259436,16.669435501098633,7395700,0.0,0.0
2018-05-03,16.593508997832323,16.6103812792037,16.12109638263893,16.340431213378906,12296900,0.0,0.0
2018-05-04,16.197019022125296,16.70317455923048,16.087350809131088,16.618816375732422,6996300,0.0,0.0
2018-05-07,16.660997266874716,16.753793209579626,16.48384313156104,16.64412498474121,7124700,0.0,0.0
2018-05-08,16.669433778995174,16.989999101520528,16.57663783422467,16.69474220275879,8991400,0.0,0.0
2018-05-09,16.812843538133862,17.040614505624827,16.73691988230354,16.922510147094727,6502700,0.0,0.0
2018-05-10,16.956255479899955,17.226205553330388,16.871895679695605,17.108102798461914,6262900,0.0,0.0
2018-05-11,17.10810649264332,17.20933698752392,17.015310531478015,17.09123420715332,6690100,0.0,0.0
2018-05-14,17.14184338045958,17.192458609964604,16.97312541243312,17.006868362426758,6486100,0.0,0.0
2018-05-15,17.00687099665531,17.394925440378056,16.989998714530543,17.26838493347168,7870800,0.0,0.0
2018-05-16,17.21776763607412,17.335870378758102,17.12497170452003,17.167152404785156,6932100,0.0,0.0
2018-05-17,17.15027886875078,17.428665033997436,17.065919083427445,17.411792755126953,6211200,0.0,0.0
2018-05-18,17.42023177756238,17.428667918393778,17.02374281266267,17.082794189453125,9618200,0.0,0.0
2018-05-21,17.141842164718057,17.31056172980764,17.10809921711755,17.21776580810547,6968000,0.0,0.0
2018-05-22,17.28525398864639,17.529897206695413,17.200894202800892,17.386486053466797,8249200,0.0,0.0
2018-05-23,17.22620927301392,17.335875910639523,16.947822998547714,17.09123420715332,9294100,0.0,0.0
2018-05-24,17.0237433898467,17.268385046134398,16.77910012452961,17.243078231811523,9948700,0.0,0.0
2018-05-25,17.12427620509176,17.18367630867524,16.929103973737067,17.005475997924805,5811000,0.12,0.0
2018-05-29,16.827269804217956,16.827269804217956,16.131437421097868,16.292667388916016,11536000,0.0,0.0
2018-05-30,16.521789760592103,16.776363772439435,16.377531639438153,16.67453384399414,10248300,0.0,0.0
2018-05-31,16.64058835412847,16.716960380870443,16.445414497714832,16.49633026123047,8974400,0.0,0.0
2018-06-01,16.776356071979396,16.91212816856495,16.640583975393845,16.759384155273438,7142800,0.0,0.0
2018-06-04,16.81029905614344,16.9545571176836,16.793328757191937,16.88667106628418,6291100,0.0,0.0
2018-06-05,16.835760901735306,16.91213292988228,16.683016845441358,16.878189086914062,7650300,0.0,0.0
2018-06-06,16.96304217244206,17.34490220279593,16.946070255863876,17.336416244506836,9185900,0.0,0.0
2018-06-07,17.438244506913836,17.531588429562795,17.192158190654382,17.336416244506836,7817000,0.0,0.0
2018-06-08,17.29399383658074,17.446737913935035,17.16670764496274,17.429767608642578,5476900,0.0,0.0
2018-06-11,17.44672966003418,17.667359709775305,17.35338736022403,17.44672966003418,9401700,0.0,0.0
2018-06-12,17.5315898378634,17.667361944333248,17.421275608305844,17.514617919921875,9743200,0.0,0.0
2018-06-13,17.56553890866923,17.862539468502824,17.455223027703894,17.540081024169922,13490200,0.0,0.0
2018-06-14,17.624936187540648,17.624936187540648,17.217619812215208,17.42127799987793,12499300,0.0,0.0
2018-06-15,17.37036294826046,17.48916477647937,17.073362424041857,17.30247688293457,17836500,0.0,0.0
2018-06-18,17.18367395928893,17.395818082243117,17.0139580135131,17.34490394592285,7017400,0.0,0.0
2018-06-19,17.183673155732006,17.497647155175624,17.166701238241835,17.455217361450195,7560300,0.0,0.0
2018-06-20,17.55705380026058,17.641911800849826,17.42128164673048,17.429767608642578,6597000,0.0,0.0
2018-06-21,17.3618790697381,17.709797017101973,17.209136618337247,17.540081024169922,8951500,0.0,0.0
2018-06-22,17.68433879045832,17.718281017269042,17.26005043486869,17.310964584350586,11344500,0.0,0.0
2018-06-25,17.22610302547123,17.26004686379065,16.886672734933473,17.06487464904785,12209500,0.0,0.0
2018-06-26,17.090333129377253,17.090333129377253,16.733930873381322,16.801816940307617,9384600,0.0,0.0
2018-06-27,16.801814769664283,16.95455880514817,16.538756496626085,16.581186294555664,9823900,0.0,0.0
2018-06-28,16.63210105895996,16.801815401466182,16.504814897447453,16.63210105895996,11001300,0.0,0.0
2018-06-29,16.920616585335804,17.12427475980389,16.57270033496975,16.581186294555664,13045700,0.0,0.0
2018-07-02,16.52178370014315,16.861215591430664,16.45389764559189,16.861215591430664,7420500,0.0,0.0
2018-07-03,16.886673677077596,16.98850357918588,16.68301549139241,16.699987411499023,4066100,0.0,0.0
2018-07-05,16.784847530855036,16.8442476402607,16.547245474700777,16.606645584106445,7059600,0.0,0.0
2018-07-06,16.58118877039737,16.793332936127953,16.445415015280787,16.716960906982422,5608900,0.0,0.0
2018-07-09,16.76787464650735,17.251563073665878,16.75938868586035,17.217620849609375,11707600,0.0,0.0
2018-07-10,17.268532655965995,17.34490467291304,16.929102368718745,17.073360443115234,9452400,0.0,0.0
2018-07-11,16.91213450546272,17.081848880520315,16.89516258239746,16.89516258239746,6665000,0.0,0.0
2018-07-12,17.047906255849696,17.064878178519653,16.69998993377371,16.750904083251953,9327000,0.0,0.0
2018-07-13,16.674526074106854,16.7593840385144,16.46238197235351,16.598154067993164,8151100,0.0,0.0
2018-07-16,16.67452850995676,16.929102440368098,16.649072249887528,16.903644561767578,5360700,0.0,0.0
2018-07-17,16.929105252746904,17.107305576960538,16.793333114717974,17.02244758605957,7540700,0.0,0.0
2018-07-18,17.005472473625357,17.277016672891605,17.005472473625357,17.22610092163086,9153000,0.0,0.0
2018-07-19,17.472191811833415,17.61644989435027,17.073361404183924,17.506134033203125,14906800,0.0,0.0
2018-07-20,17.523104532131846,17.582504628610366,17.387332420600586,17.412790298461914,12437500,0.0,0.0
2018-07-23,17.429763387041227,17.70130762833165,17.429763387041227,17.684335708618164,11366500,0.0,0.0
2018-07-24,17.709793383820163,17.9134515624378,17.65039166550844,17.777679443359375,11783500,0.0,0.0
2018-07-25,17.709791348187704,17.845563451659952,17.557047327148638,17.701305389404297,10291900,0.0,0.0
2018-07-26,17.80313550572549,17.97285146194805,17.726763487278465,17.938907623291016,9319600,0.0,0.0
2018-07-27,17.93890898801913,18.074681115913712,17.837080701363906,18.049224853515625,10989400,0.0,0.0
2018-07-30,18.032255227420443,18.17651333398107,17.938911270666022,17.947397232055664,10013400,0.0,0.0
2018-07-31,17.998307625190133,18.08316560284305,17.70130713120189,17.709793090820312,12636000,0.0,0.0
2018-08-01,17.837082358495426,18.14256886537336,17.81162447520077,17.896482467651367,9241900,0.0,0.0
2018-08-02,17.820105636532674,18.151049937566885,17.726761708125633,18.100135803222656,6948200,0.0,0.0
2018-08-03,18.08316719828646,18.168025183426234,17.98982487131101,18.12559700012207,9125700,0.0,0.0
2018-08-06,18.17650831102456,18.17650831102456,17.955878231458442,18.074678421020508,9531600,0.0,0.0
2018-08-07,18.117110708180146,18.329254857881242,18.117110708180146,18.210453033447266,8606800,0.0,0.0
2018-08-08,18.218940020675706,18.431084182335546,18.184997796446513,18.33774185180664,6563600,0.0,0.0
2018-08-09,18.320764870183872,18.456536966663048,18.252878821944286,18.30379295349121,5114900,0.0,0.0
2018-08-10,18.05770652035119,18.26985062206266,18.006790770598084,18.142562866210938,7941300,0.0,0.0
2018-08-13,18.117110794131573,18.26136888135397,17.964366746657106,17.97285270690918,7466900,0.0,0.0
2018-08-14,18.10862520059683,18.261369251164513,18.066197017008676,18.201969146728516,12176900,0.0,0.0
2018-08-15,18.091655676269927,18.193485596314492,17.90496937780851,17.9304256439209,9884100,0.0,0.0
2018-08-16,18.040739701776562,18.431084182335546,18.03225374108639,18.33774185180664,9573900,0.0,0.0
2018-08-17,18.320768356323242,18.380168457519353,18.16802431408674,18.320768356323242,7419200,0.0,0.0
2018-08-20,18.303799071638036,18.465029097048237,18.261370884255584,18.448057174682617,5264200,0.0,0.0
2018-08-21,18.422595516890276,18.592311468713522,18.337739159509926,18.363195419311523,11716600,0.0,0.0
2018-08-22,18.31228559530189,18.388657629761433,18.235913560842345,18.26985740661621,7803100,0.0,0.0
2018-08-23,18.252879658728908,18.29530783387458,18.049221504673646,18.10862159729004,7550300,0.0,0.0
2018-08-24,18.168022186228555,18.210450362533297,18.049221997750333,18.08316421508789,7607300,0.0,0.0
2018-08-27,18.168705761006603,18.348340707853858,18.12593639018659,18.194368362426758,6924200,0.17,0.0
2018-08-28,18.220030209953812,18.22858441083925,18.04895108688602,18.160152435302734,5955500,0.0,0.0
2018-08-29,18.177259302245716,18.177259302245716,17.96340919280753,18.10027313232422,5248400,0.0,0.0
2018-08-30,18.083168287717513,18.117385095098214,17.91208914545554,17.946304321289062,5499400,0.0,0.0
2018-08-31,17.903535070567962,18.040399037966942,17.83510308686847,18.023290634155273,4379700,0.0,0.0
2018-09-04,18.02328797216665,18.17726032063602,17.963410199216774,18.143043518066406,7655300,0.0,0.0
2018-09-05,18.185813529753247,18.39110943933697,18.16015092922521,18.245691299438477,6455700,0.0,0.0
2018-09-06,18.254245992982124,18.27990859420376,18.100273648746125,18.117382049560547,4988800,0.0,0.0
2018-09-07,18.194368600199603,18.22002957040819,18.023287851589963,18.057504653930664,11533400,0.0,0.0
2018-09-10,18.1173796898864,18.185811652684357,17.88642120361328,17.88642120361328,8249300,0.0,0.0
2018-09-11,17.877868822722885,18.27990807265666,17.85220785378029,18.10027313232422,9629700,0.0,0.0
2018-09-12,18.0746159018094,18.160156297308124,17.706794974795354,17.723901748657227,8729600,0.0,0.0
2018-09-13,17.732447710937564,17.75811030712575,16.96258777230439,17.048128128051758,18723000,0.0,0.0
2018-09-14,17.116562261185862,17.15077742890427,16.95403572776975,17.056684494018555,22428400,0.0,0.0
2018-09-17,17.082345575280634,17.15077754271836,16.936927440532113,16.988252639770508,10228200,0.0,0.0
2018-09-18,17.00536424226924,17.031026849183828,16.81717668620407,16.885608673095703,10906500,0.0,0.0
2018-09-19,16.885608776563824,17.32186330750138,16.885608776563824,17.25343132019043,18112000,0.0,0.0
2018-09-20,17.330413376217315,17.852208174722158,17.330413376217315,17.74955940246582,23372300,0.0,0.0
2018-09-21,17.809439860552814,17.852210868591563,17.681130099530826,17.775224685668945,16440000,0.0,0.0
2018-09-24,17.792331194926966,17.929195155538167,17.587035254010168,17.621252059936523,15076500,0.0,0.0
2018-09-25,17.723897918302665,17.76666892258235,17.561372996680813,17.578479766845703,6755800,0.0,0.0
2018-09-26,17.6212534675685,17.672577049010787,17.27053933654295,17.313308715820312,9679000,0.0,0.0
2018-09-27,17.313305776654417,17.321859977367147,17.073793051338853,17.125118255615234,7004400,0.0,0.0
2018-09-28,17.013914108276367,17.150778047177425,16.95403633895051,17.013914108276367,9283000,0.0,0.0
2018-10-01,17.125116818036375,17.227763954878437,16.945481881242532,17.005359649658203,7510400,0.0,0.0
2018-10-02,17.031021600219447,17.09945356602033,16.859940869943856,16.902711868286133,9871200,0.0,0.0
2018-10-03,17.0310224224066,17.313304498906003,16.94548205313927,17.227764129638672,8583600,0.0,0.0
2018-10-04,17.338970187250794,17.741007873399962,17.321861784040923,17.48438835144043,12865000,0.0,0.0
2018-10-05,17.578479891861996,17.62980509736264,17.270536816593125,17.356077194213867,9878500,0.0,0.0
2018-10-08,17.296200933502508,17.629808303742763,17.296200933502508,17.55282211303711,10601500,0.0,0.0
2018-10-09,17.50149512310317,17.612698112420198,17.373185362123404,17.48438835144043,9165500,0.0,0.0
2018-10-10,17.535711655997037,17.655467213503893,17.022470988536483,17.039579391479492,12279100,0.0,0.0
2018-10-11,16.9796996234752,17.039577395213666,16.44935061520449,16.457904815673828,12541000,0.0,0.0
2018-10-12,16.765849560266,16.765849560266,15.67949057037204,15.953218460083008,19927800,0.0,0.0
2018-10-15,15.927562015080369,16.05587179589119,15.765035422561393,15.799250602722168,16551300,0.0,0.0
2018-10-16,15.884784004270683,15.901892402589667,15.59394775903461,15.893338203430176,15342400,0.0,0.0
2018-10-17,15.919001534496083,16.12429742914445,15.688043041186642,16.030202865600586,16048700,0.0,0.0
2018-10-18,15.05505152808132,15.705156207579865,15.05505152808132,15.482751846313477,28606900,0.0,0.0
2018-10-19,15.422873942830119,15.645278302366368,15.243238962165476,15.260347366333008,20214800,0.0,0.0
2018-10-22,15.3031149190476,15.32877752223652,14.712889729625717,14.755659103393555,21731300,0.0,0.0
2018-10-23,14.44771545158658,14.969510333891604,14.387837671298557,14.832646369934082,21045100,0.0,0.0
2018-10-24,14.78132059726771,14.798427366562791,14.096999247510361,14.131216049194336,14335700,0.0,0.0
2018-10-25,14.276635560439823,14.798428783714009,14.208203582065485,14.661564826965332,15442400,0.0,0.0
2018-10-26,14.47337741743034,14.781322138507711,14.36217606345633,14.593132972717285,15385500,0.0,0.0
2018-10-29,14.866861983659955,15.140591551196023,14.747106419551622,14.960956573486328,16011100,0.0,0.0
2018-10-30,15.037940618977514,15.286007545375428,14.89252246973835,15.243236541748047,15856900,0.0,0.0
2018-10-31,15.448534396917475,15.867680495613422,15.39721081769171,15.534074783325195,13950600,0.0,0.0
2018-11-01,15.645275239107338,15.782139182555941,15.516963864520733,15.730813980102539,12096400,0.0,0.0
2018-11-02,15.876234124483611,16.06442329409885,15.628168807555031,15.765032768249512,10643200,0.0,0.0
2018-11-05,15.75647697876119,15.919003527535967,15.568289459659358,15.816354751586914,11368800,0.0,0.0
2018-11-06,15.799244849524486,15.961771382860427,15.611057348299095,15.901893615722656,9807000,0.0,0.0
2018-11-07,15.901897119728178,16.08153046072395,15.696601173641374,15.995991706848145,11005000,0.0,0.0
2018-11-08,15.910447334942392,16.149958396258782,15.9018931353887,16.030202865600586,10284900,0.0,0.0
2018-11-09,16.021651972167874,16.201286936770178,15.987436798439434,16.15851593017578,13575700,0.0,0.0
2018-11-12,16.107195381906042,16.218396756862784,15.765035422561393,15.799250602722168,9408900,0.0,0.0
2018-11-13,15.628168552517561,15.995991052711613,15.628168552517561,15.756478309631348,11753200,0.0,0.0
2018-11-14,15.87623307173996,15.936110846629946,15.328777265263513,15.585396766662598,14790700,0.0,0.0
2018-11-15,15.397210745295999,15.83346524553171,15.243238376795494,15.790694236755371,10694200,0.0,0.0
2018-11-16,15.67949315306601,15.842019726183036,15.585398563648702,15.645277976989746,10142800,0.0,0.0
2018-11-19,15.645276250346352,15.85912637975045,15.482749695166076,15.619613647460938,10179000,0.0,0.0
2018-11-20,15.457086926608095,15.525518902022057,15.191913225822368,15.251791000366211,10806200,0.0,0.0
2018-11-21,15.328776303987121,15.67093616157786,15.097817788283287,15.439977645874023,15389600,0.0,0.0
2018-11-23,15.32877782800154,15.516965360499661,15.166251267657174,15.34588623046875,4678200,0.0,0.0
2018-11-26,15.579050416388911,16.002206222977502,15.57041438190892,15.812216758728027,10862000,0.17,0.0
2018-11-27,15.708591694805808,15.889943524240204,15.604960901446452,15.65677547454834,7701500,0.0,0.0
2018-11-28,15.682683599084465,15.915851648990536,15.449515549178393,15.855401039123535,7261000,0.0,0.0
2018-11-29,15.69131814950758,15.838127465488219,15.604959437668011,15.665410041809082,7564600,0.0,0.0
2018-11-30,15.613596089131926,15.872670587709191,15.604960052891952,15.838128089904785,11216300,0.0,0.0
2018-12-03,16.1058360434374,16.200830779696805,15.699952288142601,15.924484252929688,9637500,0.0,0.0
2018-12-04,15.820854106185214,15.881304705406803,14.939998281985593,15.069537162780762,13063800,0.0,0.0
2018-12-06,14.724102747967844,14.853641632321118,14.413213708123868,14.775918960571289,12624000,0.0,0.0
2018-12-07,14.767284476957968,14.991816480368499,14.36139900468852,14.447757720947266,12243900,0.0,0.0
2018-12-10,14.180048071467128,14.39594405206367,13.679169462369375,13.817342758178711,15489400,0.0,0.0
2018-12-11,13.972786771689144,14.110960054088716,13.679168134801191,13.748254776000977,14318200,0.0,0.0
2018-12-12,13.990058714455492,14.015965175193775,13.679168008352566,13.825977325439453,14673800,0.0,0.0
2018-12-13,13.886428642309257,13.91233675153188,13.316463416655766,13.376914024353027,12764300,0.0,0.0
2018-12-14,13.21283314785354,13.575538432884724,13.031480505337948,13.066023826599121,19489900,0.0,0.0
2018-12-17,13.00557371291868,13.273284256938819,12.85012834956649,12.93648624420166,12471700,0.0,0.0
2018-12-18,13.00557225048095,13.178288843907602,12.668774275615718,12.763768196105957,14481200,0.0,0.0
2018-12-19,12.772405929799747,12.927851296339481,12.297434617044393,12.43560791015625,17657500,0.0,0.0
2018-12-20,12.331976532731396,12.616959123140695,12.228346574725988,12.38379192352295,14038300,0.0,0.0
2018-12-21,12.357884922033758,12.58241609104911,12.288797458208593,12.349248886108398,23957700,0.0,0.0
2018-12-24,12.219712205382821,12.357886325143674,11.93472957611084,11.93472957611084,6926100,0.0,0.0
2018-12-26,12.012450442322002,12.703317642211914,11.79655449383001,12.703317642211914,11627600,0.0,0.0
2018-12-27,12.418336115866571,12.634232082783074,12.150624754515896,12.625596046447754,12227600,0.0,0.0
2018-12-28,12.677410042264336,12.806947278692121,12.55650801764145,12.616958618164062,8691100,0.0,0.0
2018-12-31,12.686045523169543,12.824219621488545,12.530601000874396,12.763768196105957,9140600,0.0,0.0
2019-01-02,12.547871664274146,13.014206856605162,12.521964382360657,12.971028327941895,7710700,0.0,0.0
2019-01-03,12.919214863433352,13.264648085619632,12.867399468316528,13.014208793640137,12083300,0.0,0.0
2019-01-04,13.28191902378005,13.523722258652041,13.238739668801342,13.454635620117188,8759400,0.0,0.0
2019-01-07,13.402820881696044,13.782797388781054,13.316462172842426,13.592808723449707,9167100,0.0,0.0
2019-01-08,13.670532874377265,13.722348270005801,13.325099648779608,13.584174156188965,12223400,0.0,0.0
2019-01-09,13.584173436341427,13.75689086356545,13.437364940925374,13.687804222106934,8926300,0.0,0.0
2019-01-10,13.696439278798602,13.739618635113409,13.480543320802282,13.644624710083008,7017700,0.0,0.0
2019-01-11,13.670529926065521,13.895061886068266,13.540992700298027,13.782795906066895,8383600,0.0,0.0
2019-01-14,13.6446253936062,14.119596689707187,13.61008207153946,14.024601936340332,13519600,0.0,0.0
2019-01-15,14.01596299937518,14.093685663835354,13.75688854927806,14.085049629211426,9411500,0.0,0.0
2019-01-16,14.326858319205957,14.620477003342934,14.180048977137469,14.465031623840332,15318900,0.0,0.0
2019-01-17,14.257771773795596,14.326858426630805,13.739621053953659,14.102326393127441,23946200,0.0,0.0
2019-01-18,14.21458711170427,14.568657949077277,14.024599288002472,14.551385879516602,20623600,0.0,0.0
2019-01-22,14.456392120037481,14.706832204108828,14.43912004931077,14.594565391540527,16662700,0.0,0.0
2019-01-23,14.689560651465348,14.741375218317597,14.465028665565095,14.585929870605469,11093300,0.0,0.0
2019-01-24,14.465030122663542,14.603203412958331,14.352764941982356,14.577295303344727,9803600,0.0,0.0
2019-01-25,14.68092422107045,14.732738786529557,14.499572418385908,14.51684284210205,14462200,0.0,0.0
2019-01-28,14.41321261734162,14.56002191429694,14.370032443439928,14.551385879516602,11707800,0.0,0.0
2019-01-29,14.551388951036722,14.611839560103844,14.456394195556639,14.45639419555664,11894100,0.0,0.0
2019-01-30,14.490938995929119,14.560025644717282,14.35276569835279,14.370036125183105,12567500,0.0,0.0
2019-01-31,14.283680720612981,14.361401768331072,14.007332445974697,14.223228454589844,15285800,0.0,0.0
2019-02-01,14.292312054804164,14.421850949993798,14.257769557334276,14.361398696899414,11962500,0.0,0.0
2019-02-04,14.29231290441998,14.413215770640422,14.154139612015678,14.335493087768555,12454900,0.0,0.0
2019-02-05,14.361397415376953,14.361397415376953,14.059144412653598,14.128231048583984,14158800,0.0,0.0
2019-02-06,14.093685436163543,14.300945322324166,14.050506910896598,14.240494728088379,16249100,0.0,0.0
2019-02-07,14.646383068480256,15.12135523145015,14.508209767619551,14.741377830505371,37227800,0.0,0.0
2019-02-08,14.689561042700673,14.706833114496566,14.439120943126493,14.655016899108887,17675200,0.0,0.0
2019-02-11,14.724103825850005,14.758647970114447,14.61183865130148,14.698197364807129,9699500,0.0,0.0
2019-02-12,14.827734457785155,15.009086271827234,14.827734457785155,14.879549026489258,7322900,0.0,0.0
2019-02-13,14.948635641330565,14.965907713253918,14.732739683754971,14.836370468139648,8973700,0.0,0.0
2019-02-14,14.68956132874102,14.767284006180558,14.51684390172972,14.698197364807129,6431800,0.0,0.0
2019-02-15,14.862279822609949,15.129992048080158,14.827737319193128,15.121356010437012,8026900,0.0,0.0
2019-02-19,15.000450781081787,15.380426453206335,14.939998533686438,15.319975852966309,12376700,0.0,0.0
2019-02-20,15.285436299396652,15.50133228302002,15.207713613519788,15.50133228302002,9664500,0.0,0.0
2019-02-21,15.50996410553131,15.527236176679517,15.1904390250663,15.285433769226074,8141600,0.0,0.0
2019-02-22,15.294068825754886,15.319976933608972,15.069538479641208,15.242254257202148,7615900,0.0,0.0
2019-02-25,15.328616269520808,15.397702924849318,15.18180692105325,15.207715034484863,7164300,0.0,0.0
2019-02-26,15.147261904802336,15.250891047030374,15.017723006284015,15.034995079040527,9870500,0.0,0.0
2019-02-27,15.129990107751244,15.250891324938907,15.00908724340803,15.224983215332031,10583200,0.0,0.0
2019-02-28,15.250892639160156,15.328615327522867,15.181805988077267,15.250892639160156,6940000,0.0,0.0
2019-03-01,15.3458880476915,15.449517205097717,15.034997281161324,15.121356010437012,13865000,0.0,0.0
2019-03-04,15.173675834702896,15.382967720173497,14.877178581126868,15.042868614196777,16135500,0.17,0.0
2019-03-05,14.98182847817712,15.095194316030186,14.702772572719356,15.007988929748535,9662600,0.0,0.0
2019-03-06,14.981822047846968,15.051585994268107,14.720206001289931,14.755088806152344,8563900,0.0,0.0
2019-03-07,14.694051106964425,14.694051106964425,14.458597075186109,14.563243865966797,9605100,0.0,0.0
2019-03-08,14.388829812643095,14.633004493101605,14.371388407616644,14.624283790588379,7735400,0.0,0.0
2019-03-11,14.685330041417135,14.96438592556594,14.633007478965302,14.7899751663208,15705200,0.0,0.0
2019-03-12,14.851020296773678,14.999268945141276,14.824858183542586,14.88590145111084,11026300,0.0,0.0
2019-03-13,14.946942074828453,15.156233953744259,14.903340223793327,15.103911399841309,11030900,0.0,0.0
2019-03-14,15.1126345189759,15.27832457334775,15.069032660969539,15.191119194030762,9116300,0.0,0.0
2019-03-15,15.156232833862305,15.260879597239942,15.112630986048885,15.156232833862305,30656400,0.0,0.0
2019-03-18,15.17367623158847,15.45273208618164,15.17367623158847,15.45273208618164,12434600,0.0,0.0
2019-03-19,15.574819386563366,15.574819386563366,15.199837479485588,15.225997924804688,22292200,0.0,0.0
2019-03-20,15.147517737891295,15.156236779080473,14.397553784494471,14.414995193481445,17489400,0.0,0.0
2019-03-21,14.292906629101044,14.310348037642887,13.865602099651452,13.900484085083008,24849700,0.0,0.0
2019-03-22,13.743513786715909,13.760954361347107,12.99354994957773,13.054594039916992,33997200,0.0,0.0
2019-03-25,13.089474982540196,13.281325446525443,12.923784962600621,13.080754280090332,19290100,0.0,0.0
2019-03-26,13.185402675053657,13.455738679882975,13.167962098551312,13.438297271728516,19825000,0.0,0.0
2019-03-27,13.377252494959468,13.508059714729185,13.290047127344975,13.403413772583008,13638700,0.0,0.0
2019-03-28,13.420856503954377,13.717352953485538,13.420856503954377,13.691191673278809,19243100,0.0,0.0
2019-03-29,13.865599926302647,13.909202609170668,13.691190026482564,13.734792709350586,13578600,0.0,0.0
2019-04-01,13.917922402195359,14.292903454381282,13.891761126845632,14.25802230834961,11646600,0.0,0.0
2019-04-02,14.22314295381172,14.510919547515428,14.179541094855278,14.3626708984375,10761400,0.0,0.0
2019-04-03,14.519637875931387,14.702769312849744,14.196980180524038,14.327787399291992,13411500,0.0,0.0
2019-04-04,14.196981258875656,14.502197571416001,14.188260555188196,14.371390342712402,11828100,0.0,0.0
2019-04-05,14.397553609381685,14.502198735422152,14.301627524424351,14.467317581176758,13926600,0.0,0.0
2019-04-08,14.397553784494471,14.528361025288163,14.353950262027034,14.414995193481445,9339300,0.0,0.0
2019-04-09,14.310347870078914,14.353949727618712,14.118497368277858,14.179540634155273,10157400,0.0,0.0
2019-04-10,14.301626511264743,14.345230030112873,14.057453458931903,14.292905807495117,11412200,0.0,0.0
2019-04-11,14.388830350974182,14.502196161279615,14.258023134989761,14.336507797241211,12791500,0.0,0.0
2019-04-12,14.633007313719201,14.80741640769052,14.38011188200005,14.720211029052734,12839600,0.0,0.0
2019-04-15,14.702769191931562,14.755091746347627,14.484756608009938,14.528358459472656,10759000,0.0,0.0
2019-04-16,14.56324009149941,14.851016612430648,14.441151923347087,14.807413101196289,10339600,0.0,0.0
2019-04-17,14.868457703767564,14.999266586045005,14.711490038981891,14.973104476928711,12269200,0.0,0.0
2019-04-18,14.73764994345602,14.842296712773319,14.441152704244974,14.641725540161133,19536500,0.0,0.0
2019-04-22,14.563239792395754,14.868456048248243,14.476034435021965,14.816133499145508,14575000,0.0,0.0
2019-04-23,14.737650184676976,15.016706023018637,14.52835830592073,14.98182487487793,16984700,0.0,0.0
2019-04-24,14.868459867646974,15.016708514273262,14.71149218001703,14.938223838806152,9471600,0.0,0.0
2019-04-25,14.85101887038882,15.086471213637152,14.728930683674136,14.946943283081055,9091500,0.0,0.0
2019-04-26,14.97310344007903,15.10391064999437,14.833575527728811,15.077750205993652,7631300,0.0,0.0
2019-04-29,15.121355119334474,15.382969592183537,15.103913710930069,15.29576587677002,10188200,0.0,0.0
2019-04-30,15.321923865625578,15.400408527537813,15.121352691096083,15.304482460021973,8756900,0.0,0.0
2019-05-01,15.295762611552119,15.39168701069066,14.999265385188119,15.130072593688965,11836400,0.0,0.0
2019-05-02,15.173677206506417,15.36552936634391,15.077752789891871,15.35680866241455,9796300,0.0,0.0
2019-05-03,15.382968122533347,15.557378863306127,15.330645565623152,15.45273208618164,10898600,0.0,0.0
2019-05-06,15.156236265703255,15.548659638096343,15.156236265703255,15.417852401733398,9220400,0.0,0.0
2019-05-07,15.208557251450255,15.313202352929373,15.034146531246526,15.130072593688965,10327000,0.0,0.0
2019-05-08,15.069030240185697,15.182396050772999,14.973104172016752,14.98182487487793,12551900,0.0,0.0
2019-05-09,14.833575527728811,15.10391064999437,14.702768317813472,15.077750205993652,10169100,0.0,0.0
2019-05-10,14.973102895670534,15.173674054468396,14.789971477804418,15.086468696594238,9186800,0.0,0.0
2019-05-13,14.755094352205909,14.816137620356011,14.353950262027034,14.414995193481445,15648500,0.0,0.0
2019-05-14,14.406269074046646,14.833573453789086,14.406269074046646,14.755088806152344,14299400,0.0,0.0
2019-05-15,14.48475769235444,14.571961401808041,14.214420870475031,14.449874877929688,11642800,0.0,0.0
2019-05-16,14.571959575509029,14.78125310921857,14.528357726246835,14.624283790588379,7353300,0.0,0.0
2019-05-17,14.423715107622922,14.920783593384515,14.423715107622922,14.606844902038574,10500400,0.0,0.0
2019-05-20,14.624284312488758,14.789972676241204,14.589401501190986,14.7114896774292,9132900,0.0,0.0
2019-05-21,14.755092657895286,14.938222441317007,14.737651250911089,14.781254768371582,7771500,0.0,0.0
2019-05-22,14.685327925384064,14.685327925384064,14.57196044921875,14.57196044921875,8112400,0.0,0.0
2019-05-23,14.432432380046734,14.458594488888206,14.240581905121314,14.406271934509277,7554700,0.0,0.0
2019-05-24,14.494385809760628,14.688231085003803,14.46795167561898,14.652985572814941,6320200,0.17,0.0
2019-05-28,14.564873358616637,14.644174070670315,14.406271934509277,14.406271934509277,8174700,0.0,0.0
2019-05-29,14.247671769113671,14.547251889872156,14.133127219693527,14.520817756652832,7772200,0.0,0.0
2019-05-30,14.53844018542706,14.652984732273177,14.23004869385892,14.362215995788574,5199400,0.0,0.0
2019-05-31,14.141935868230403,14.282914540416503,14.053824618263675,14.071447372436523,8394000,0.0,0.0
2019-06-03,14.045014934162957,14.423896631857033,13.974525589573124,14.344595909118652,7567100,0.0,0.0
2019-06-04,14.591306582264766,14.952564653835084,14.52962862086472,14.926132202148438,7549000,0.0,0.0
2019-06-05,14.926132196879614,14.95256464855693,14.652984538492404,14.882075309753418,7006000,0.0,0.0
2019-06-06,14.855642863320044,14.978998786120133,14.741096637349903,14.926132202148438,4795400,0.0,0.0
2019-06-07,14.846831149492619,14.88207497780906,14.69704109780142,14.72347354888916,7606100,0.0,0.0
2019-06-10,14.890885547279794,15.119976301003886,14.87326279377834,14.90850830078125,12329700,0.0,0.0
2019-06-11,15.014242487897707,15.32263225776326,15.014242487897707,15.190464973449707,9191600,0.0,0.0
2019-06-12,15.155222560084109,15.305012611083255,14.93494317217939,14.996621131896973,5332800,0.0,0.0
2019-06-13,15.05830078064465,15.155224259985724,14.952565923127246,15.040678024291992,5328500,0.0,0.0
2019-06-14,15.031865284560688,15.119977377744425,14.776342062986085,15.111166000366211,7999700,0.0,0.0
2019-06-17,15.102357994955527,15.225715625194697,14.838023336983591,14.87326717376709,6513000,0.0,0.0
2019-06-18,14.873265730214097,15.190468633472706,14.802776382889807,15.155224800109863,9999200,0.0,0.0
2019-06-19,15.225710334428237,15.401932818307902,14.890884758039961,14.943751335144043,9110500,0.0,0.0
2019-06-20,14.979002045315127,15.014247562697395,14.50319764424712,14.87326717376709,16032700,0.0,0.0
2019-06-21,14.952563834285613,15.199277346961836,14.926131384047729,15.023053169250488,18507600,0.0,0.0
2019-06-24,15.040674978794694,15.260954346804219,14.934941823285117,15.067109107971191,9007900,0.0,0.0
2019-06-25,15.031867445264888,15.067112959843985,14.802776642296658,15.0054349899292,8734800,0.0,0.0
2019-06-26,15.05829865950195,15.225711460073004,15.031864528696529,15.128787994384766,9131200,0.0,0.0
2019-06-27,15.19927804269953,15.401934679925244,15.19927804269953,15.278578758239746,10968900,0.0,0.0
2019-06-28,15.490048151624057,15.666272353088138,15.287391496359342,15.639838218688965,13264700,0.0,0.0
2019-07-01,15.807249282697763,15.921793824481808,15.57815851853132,15.719137191772461,8043800,0.0,0.0
2019-07-02,15.710327981627499,15.772005949603267,15.463614429125839,15.56934928894043,9047600,0.0,0.0
2019-07-03,15.63983479456173,15.692701371187129,15.490044760291298,15.675080299377441,4519600,0.0,0.0
2019-07-05,15.851303674569255,16.062771673581057,15.789625718265595,15.860115051269531,5721800,0.0,0.0
2019-07-08,15.736759177004716,15.877737843356076,15.613401583498572,15.692702293395996,6781100,0.0,0.0
2019-07-09,15.622213723694795,15.851304487861238,15.551724387074223,15.719137191772461,7963900,0.0,0.0
2019-07-10,15.666272420923956,15.75438284143898,15.463614084183181,15.51648235321045,7391800,0.0,0.0
2019-07-11,15.525295139207545,15.727951813726579,15.490049623326653,15.710329055786133,6504500,0.0,0.0
2019-07-12,15.754381787132035,15.798438675039739,15.622214484605788,15.745572090148926,6045000,0.0,0.0
2019-07-15,15.754378769345225,15.798435648813735,15.43717764016251,15.498855590820312,8473100,0.0,0.0
2019-07-16,15.331443591614011,15.437178427130553,15.14640973020781,15.313820838928223,13353400,0.0,0.0
2019-07-17,15.208089276527504,15.26976723678819,15.049487846943816,15.09354305267334,9816500,0.0,0.0
2019-07-18,15.128789836298116,15.437181344181125,15.023054980801637,15.252145767211914,10130000,0.0,0.0
2019-07-19,15.278579113871027,15.498858510921535,15.234523906700296,15.375502586364746,7597500,0.0,0.0
2019-07-22,15.375502998337133,15.419558206688281,15.26095676766659,15.305013656616211,10351900,0.0,0.0
2019-07-23,15.401936509797673,15.87774085956831,15.287391951852106,15.833683967590332,10200700,0.0,0.0
2019-07-24,15.842493500433132,16.30067504003725,15.842493500433132,16.2478084564209,10532600,0.0,0.0
2019-07-25,16.221373078083925,16.309485164407445,15.886549166772468,15.965849876403809,10946600,0.0,0.0
2019-07-26,16.045151986774645,16.31829967489312,15.957041564128517,16.30948829650879,7633300,0.0,0.0
2019-07-29,16.274241125109924,16.397598729325484,16.15088520149278,16.159696578979492,5580200,0.0,0.0
2019-07-30,16.01871560484213,16.335918426513672,15.99228147617011,16.335918426513672,6100700,0.0,0.0
2019-07-31,16.318295900329346,16.353539725115876,16.106827909815568,16.186128616333008,8915900,0.0,0.0
2019-08-01,16.212564730679336,16.212564730679336,15.234525263478382,15.260957717895508,13471700,0.0,0.0
2019-08-02,15.260957980796997,15.296203494758444,14.899699865685182,15.155224800109863,8371400,0.0,0.0
2019-08-05,14.820397326894314,14.820397326894314,14.326971955984908,14.494384765625,11632200,0.0,0.0
2019-08-06,14.679418944422997,14.714664454781005,14.318160866245599,14.670607566833496,8262800,0.0,0.0
2019-08-07,14.25648193061187,14.31815988892999,13.96571321239907,14.238859176635742,12742000,0.0,0.0
2019-08-08,14.397460323164532,14.644173832270532,14.344593742855492,14.556061744689941,8146600,0.0,0.0
2019-08-09,14.485575258266499,14.652986408920578,14.371029017715163,14.512007713317871,6234000,0.0,0.0
2019-08-12,14.300538478545102,14.362216442658108,14.194805305950942,14.2741060256958,6794100,0.0,0.0
2019-08-13,14.23004848504616,14.697041404316561,14.150747768932348,14.494384765625,9026300,0.0,0.0
2019-08-14,14.133126827118758,14.35340622269905,13.956902638415158,14.097881317138672,24127900,0.0,0.0
2019-08-15,14.168368180453442,14.265291635362036,13.956900199324062,14.027389526367188,8638400,0.0,0.0
2019-08-16,14.159558957702846,14.494384572522284,14.150747580407767,14.476761817932129,8949100,0.0,0.0
2019-08-19,14.679418815002085,14.776342287033644,14.512006003474415,14.573685646057129,9509700,0.0,0.0
2019-08-20,14.441516553330624,14.503194514842356,14.300537875418549,14.326972007751465,7070400,0.0,0.0
2019-08-21,14.467949478699719,14.538438811775306,14.318159435839316,14.432703971862793,7137100,0.0,0.0
2019-08-22,14.538439723177751,14.644174569718691,14.415083802711964,14.600117683410645,5797700,0.0,0.0
2019-08-23,14.476761948303134,14.652984453996531,14.009769031048764,14.0802583694458,8863600,0.0,0.0
2019-08-26,14.218430885742404,14.280832101700751,14.057972680763907,14.22734546661377,5911600,0.185,0.0
2019-08-27,14.307573822147171,14.334317564159605,13.977742838739198,14.093629837036133,5616600,0.0,0.0
2019-08-28,13.98665758966184,14.432377304166524,13.98665758966184,14.396718978881836,6138700,0.0,0.0
2019-08-29,14.56609249830334,14.780037347326191,14.530434173324938,14.664151191711426,8255800,0.0,0.0
2019-08-30,14.780035753374015,14.940494797907087,14.726549971957104,14.79786491394043,6857700,0.0,0.0
2019-09-03,14.673063686470318,14.68197826748028,14.36106185253396,14.459118843078613,7514200,0.0,0.0
2019-09-04,14.619579315185549,14.717638015500176,14.548264360488355,14.619579315185547,5454200,0.0,0.0
2019-09-05,14.940493725988746,15.314897569609883,14.86917878912197,15.190096855163574,10042800,0.0,0.0
2019-09-06,15.154441602091183,15.270327760335789,14.967240492553918,14.976153373718262,9037500,0.0,0.0
2019-09-09,15.181186470757842,15.831935662033446,15.109871514183567,15.75170612335205,16367800,0.0,0.0
2019-09-10,15.867591499715825,16.215253383443567,15.858678618335393,16.15285301208496,11007800,0.0,0.0
2019-09-11,16.170678181682078,16.22416566407426,15.84976178874078,16.04587745666504,10971500,0.0,0.0
2019-09-12,15.938905284333641,16.143937246988216,15.70713297921538,16.072622299194336,13998600,0.0,0.0
2019-09-13,16.26873662011149,16.482681445602367,16.16176335722489,16.28656578063965,10433700,0.0,0.0
2019-09-16,16.054790369686152,16.357879270634978,16.00130459313112,16.34896469116211,8598000,0.0,0.0
2019-09-17,16.25982283229905,16.277651993696143,15.97456305107524,16.16176414489746,7369900,0.0,0.0
2019-09-18,16.099366485247227,16.357884268093038,15.965651152867501,16.233081817626953,8227300,0.0,0.0
2019-09-19,16.233078262859152,16.33113694526303,16.04587717857793,16.0904483795166,4896900,0.0,0.0
2019-09-20,16.010220867788064,16.108279562503842,15.76061939074068,15.840848922729492,19468200,0.0,0.0
2019-09-23,15.698215026237106,15.965645597949592,15.591241777382848,15.858674049377441,8438200,0.0,0.0
2019-09-24,15.894333371441947,15.983477477283358,15.609073592975351,15.733874320983887,10337600,0.0,0.0
2019-09-25,15.760620857238985,16.081539015055114,15.742791692853045,15.95673656463623,8337000,0.0,0.0
2019-09-26,15.894336990516077,16.019137746941226,15.831936612303503,15.84976577758789,6539500,0.0,0.0
2019-09-27,16.001306298119513,16.224165707841053,15.83193267065208,15.921076774597168,8897000,0.0,0.0
2019-09-30,15.974563735286734,16.06370784580794,15.814104676405066,15.90324878692627,6264700,0.0,0.0
2019-10-01,16.045877114284536,16.08153543511846,15.448613842574876,15.493185043334961,7923700,0.0,0.0
2019-10-02,15.332726891111525,15.359468930043104,15.047465440344244,15.199009895324707,9314200,0.0,0.0
2019-10-03,15.118782565251188,15.261414161410942,14.788951568640913,15.2524995803833,10452700,0.0,0.0
2019-10-04,15.323816155633095,15.404045693119341,15.109871289097326,15.39513111114502,10538500,0.0,0.0
2019-10-07,15.386215941712553,15.573417055177867,15.305986407289536,15.404045104980469,6438500,0.0,0.0
2019-10-08,15.136610421365706,15.207925363151508,14.913751015749783,14.9226655960083,9732800,0.0,0.0
2019-10-09,15.056378909097099,15.100951804497823,14.90483446529885,14.967236518859863,7921000,0.0,0.0
2019-10-10,15.056382064485623,15.368385596549315,15.056382064485623,15.323814392089844,8274700,0.0,0.0
2019-10-11,15.707132311664564,15.769532675796896,15.502100357723817,15.511014938354492,10613700,0.0,0.0
2019-10-14,15.412956897454691,15.751702436832007,15.386213157392422,15.680387496948242,10850100,0.0,0.0
2019-10-15,15.742792486164348,15.983481116655232,15.67147752530958,15.84976577758789,6499900,0.0,0.0
2019-10-16,15.912161126630183,16.019132683961697,15.689301731860244,15.76953125,10037500,0.0,0.0
2019-10-17,16.01022250050933,16.072624576417475,15.564503588576004,15.609076499938965,12328000,0.0,0.0
2019-10-18,15.564502001309119,15.90324929199134,15.564502001309119,15.840848922729492,11816900,0.0,0.0
2019-10-21,16.045877996381193,16.215251629088737,16.01021967358701,16.16176414489746,8371400,0.0,0.0
2019-10-22,16.143936683782783,16.411367303609506,16.001306793170876,16.16176414489746,10148500,0.0,0.0
2019-10-23,16.12610717145031,16.28656621996741,16.09044884943212,16.25090789794922,8038800,0.0,0.0
2019-10-24,16.2509081781064,16.322223123089834,16.08153624644725,16.206336975097656,8605200,0.0,0.0
2019-10-25,16.08153508311944,16.34896568239096,16.08153508311944,16.224164962768555,7527000,0.0,0.0
2019-10-28,16.31330953189223,16.464854011709043,16.268738326180085,16.384624481201172,7811900,0.0,0.0
2019-10-29,16.268738975887185,16.580742529179894,16.2509098127773,16.4470272064209,10149700,0.0,0.0
2019-10-30,16.402451923507996,16.411366503772076,16.108277575922752,16.28656578063965,7147700,0.0,0.0
2019-10-31,16.152855380450355,16.286570724436217,15.86759382625557,16.01913833618164,10307500,0.0,0.0
2019-11-01,16.21525156928491,16.357881459370777,16.099363720913633,16.30439567565918,9137200,0.0,0.0
2019-11-04,16.4381108166052,16.91057168506649,16.4381108166052,16.901657104492188,13251700,0.0,0.0
2019-11-05,16.937315818857346,17.240404764270018,16.90165749573471,17.106689453125,12142900,0.0,0.0
2019-11-06,16.96406116708338,17.053203582763672,16.848173306246853,17.053203582763672,8437500,0.0,0.0
2019-11-07,17.204748153686523,17.365207223145415,17.14234778229309,17.204748153686523,8827900,0.0,0.0
2019-11-08,17.151258858827454,17.302803315647807,17.07994392034036,17.25823211669922,6438800,0.0,0.0
2019-11-11,17.115604400634766,17.276061757277386,17.09777523869143,17.115604400634766,8868800,0.0,0.0
2019-11-12,17.115604400634766,17.222575971729846,17.026460291200554,17.115604400634766,8172200,0.0,0.0
2019-11-13,16.91057086008366,16.97297292105949,16.723369778003093,16.830341339111328,8260600,0.0,0.0
2019-11-14,16.76794081862349,16.839255758776805,16.65205467848022,16.821428298950195,6861100,0.0,0.0
2019-11-15,16.90165747123422,16.955144955840634,16.803600483353975,16.910572052001953,6025900,0.0,0.0
2019-11-18,16.839257106142494,16.955144955840634,16.776856741050768,16.910572052001953,6098800,0.0,0.0
2019-11-19,16.98188620563299,17.044288268096,16.794685119091003,17.03537368774414,9031200,0.0,0.0
2019-11-20,16.999718078138194,17.05320386849907,16.821431543507728,17.00863265991211,9272500,0.0,0.0
2019-11-21,17.071035677775033,17.10669401039715,16.83926161657993,17.026464462280273,7159800,0.0,0.0
2019-11-22,17.062115103625352,17.293889083438017,17.044287643856904,17.16908836364746,6092600,0.0,0.0
2019-11-25,17.204744728622966,17.383032925924844,17.16017352943863,17.311717987060547,9302200,0.0,0.0
2019-11-26,17.213660667088153,17.293890192177813,17.133431141998496,17.195833206176758,7815500,0.0,0.0
2019-11-27,17.293893732178713,17.374123273691083,17.19583672610573,17.33846664428711,6084000,0.0,0.0
2019-11-29,17.311718792804587,17.41869205622105,17.267147591545758,17.284975051879883,3809000,0.0,0.0
2019-12-02,17.397477526741277,17.48748034082052,17.145469990651574,17.154470443725586,8836000,0.185,0.0
2019-12-03,16.9114697679523,16.938469418002096,16.68646352867669,16.893468856811523,7457900,0.0,0.0
2019-12-04,16.99247045909155,17.26247897660568,16.920468531086723,17.181476593017578,7785000,0.0,0.0
2019-12-05,17.262475663443716,17.38847858410326,17.163472387690618,17.3704776763916,7038500,0.0,0.0
2019-12-06,17.613484252429167,17.793489890826777,17.613484252429167,17.694486618041992,11302100,0.0,0.0
2019-12-09,17.640488772213015,17.73049160752936,17.5684868472922,17.676488876342773,8498600,0.0,0.0
2019-12-10,17.622484234172926,17.820489057779923,17.559482777418925,17.739486694335938,8486800,0.0,0.0
2019-12-11,17.75748775054902,17.82048920783351,17.649485742821597,17.68548583984375,5726700,0.0,0.0
2019-12-12,17.79349086010119,18.360505733617284,17.730489398228414,18.351505279541016,10212300,0.0,0.0
2019-12-13,18.234506262116685,18.387510577058556,17.973498194472906,18.054500579833984,7304900,0.0,0.0
2019-12-16,18.16250020827372,18.26150348271411,18.063496933833328,18.099498748779297,13741900,0.0,0.0
2019-12-17,18.153501555011854,18.432508781871118,18.07249918001059,18.324506759643555,9229800,0.0,0.0
2019-12-18,18.405509426143666,18.441509528569277,18.252505128347075,18.279504776000977,9792400,0.0,0.0
2019-12-19,18.324506231428984,18.324506231428984,18.135500122987175,18.198501586914062,6998000,0.0,0.0
2019-12-20,18.369506511974414,18.477510246135136,18.216502223299038,18.360506057739258,14328400,0.0,0.0
2019-12-23,18.360505389451355,18.360505389451355,18.216501560252603,18.225502014160156,5943600,0.0,0.0
2019-12-24,18.234503607875066,18.315505981445312,18.207502244464596,18.315505981445312,4366900,0.0,0.0
2019-12-26,18.342500551114103,18.37850235902967,18.23449856068877,18.3335018157959,3581200,0.0,0.0
2019-12-27,18.369508742042438,18.40551056335369,18.207503979464448,18.252506256103516,4797300,0.0,0.0
2019-12-30,18.396508149725594,18.405508604095314,18.180502394835766,18.198501586914062,5349800,0.0,0.0
2019-12-31,18.1895017792414,18.31550642823621,18.135500767764317,18.216503143310547,6166800,0.0,0.0
2020-01-02,18.324507533136558,18.333507988145637,18.009498474463847,18.23450469970703,11104200,0.0,0.0
2020-01-03,17.92849317510033,18.02749644740914,17.793489805281666,17.919492721557617,6898800,0.0,0.0
2020-01-06,17.65848508725495,17.712486087727292,17.523480011082807,17.649484634399414,9225600,0.0,0.0
2020-01-07,17.622484314793375,17.676485318449433,17.424479490280536,17.514480590820312,8343900,0.0,0.0
2020-01-08,17.53248156501243,17.793489564232136,17.496481467990275,17.68548583984375,10701700,0.0,0.0
2020-01-09,17.811491776781384,17.838491422362026,17.62248567441147,17.72148895263672,7836700,0.0,0.0
2020-01-10,17.721491311368908,17.739490505264666,17.451482802996743,17.50548553466797,6898600,0.0,0.0
2020-01-13,17.541482600936458,17.56848396209543,17.397478774743956,17.532482147216797,8704500,0.0,0.0
2020-01-14,17.550487518310547,17.712492293145402,17.478485586901886,17.550487518310547,10120300,0.0,0.0
2020-01-15,17.379478109719702,17.397479017410102,17.163472367418027,17.253475189208984,11296900,0.0,0.0
2020-01-16,17.37947769488371,17.52348151964756,17.298475328871422,17.469480514526367,7813900,0.0,0.0
2020-01-17,17.58648443452739,17.64048543884859,17.47848070922401,17.631484985351562,9686800,0.0,0.0
2020-01-21,17.53248660629302,17.703491837136635,17.433485023519516,17.550487518310547,11608300,0.0,0.0
2020-01-22,17.61348504997866,17.685486965265795,17.514481772710944,17.65848731994629,12092800,0.0,0.0
2020-01-23,17.78449075490888,18.063497970102166,17.442480359945776,17.847492218017578,14745300,0.0,0.0
2020-01-24,17.94649653999802,17.95549699477336,17.217475153146392,17.361480712890625,9356400,0.0,0.0
2020-01-27,16.94746812751023,17.109472877763476,16.839464388454335,16.95646858215332,10412200,0.0,0.0
2020-01-28,17.073472842679653,17.31647999344396,16.99247045909155,17.181476593017578,8932100,0.0,0.0
2020-01-29,17.19947296334093,17.352477234539112,16.99246597290039,16.99246597290039,8441600,0.0,0.0
2020-01-30,16.80346385978178,17.181474361885208,16.71346103229789,17.172473907470703,9626700,0.0,0.0
2020-01-31,16.94746984497173,17.01047131719676,16.76746416719047,16.839466094970703,16521800,0.0,0.0
2020-02-03,17.001467572520916,17.22647376788688,16.99246711870695,17.082469940185547,9474400,0.0,0.0
2020-02-04,17.40648111268887,17.5774863185514,17.379479748607036,17.415481567382812,10445900,0.0,0.0
2020-02-05,17.667486299052765,18.036498051192858,17.667486299052765,18.009496688842773,11465500,0.0,0.0
2020-02-06,18.14449752482775,18.216499431011158,17.640484181543883,17.649484634399414,9084700,0.0,0.0
2020-02-07,17.478481030943268,17.69448676886498,17.4064791183027,17.640485763549805,8710700,0.0,0.0
2020-02-10,17.550484351240588,17.685487733687133,17.53248344247141,17.568485260009766,8029300,0.0,0.0
2020-02-11,17.667486551119218,17.8474922026991,17.5864858962355,17.73048973083496,6421600,0.0,0.0
2020-02-12,17.838489964469908,17.991494238012887,17.703486597616912,17.739486694335938,5983000,0.0,0.0
2020-02-13,17.649487813958505,17.757489834359777,17.550484531373034,17.748489379882812,7548600,0.0,0.0
2020-02-14,17.730490510819113,17.811492885927333,17.6314872264288,17.757490158081055,6350500,0.0,0.0
2020-02-18,17.694485464086057,17.757486918418248,17.352476833428078,17.604482650756836,7611200,0.0,0.0
2020-02-19,17.667487328331788,17.847492987830325,17.595485407864615,17.757490158081055,6923000,0.0,0.0
2020-02-20,17.69448610660615,18.108498376289777,17.69448610660615,18.018495559692383,8423800,0.0,0.0
2020-02-21,17.892491775028425,17.955494951285516,17.550483115795064,17.703487396240234,8108000,0.0,0.0
2020-02-24,17.100470847813472,17.208474576919993,16.956467020112136,17.082469940185547,7456100,0.0,0.0
2020-02-25,17.118470172911838,17.14546981519669,16.16444275675996,16.236446380615234,10468800,0.0,0.0
2020-02-26,16.380451356335904,16.47945291283411,15.894437160820898,15.903437614440918,10241800,0.0,0.0
2020-02-27,15.507426756043907,15.786435677593738,15.030414714889075,15.039413452148438,13973800,0.0,0.0
2020-02-28,14.490398330571963,14.814406062336099,14.256391697449526,14.715404510498047,21650200,0.0,0.0
2020-03-02,14.756370059689297,15.457320851955215,14.455963693487268,15.448217391967773,13350600,0.185,0.0
2020-03-03,15.348082316987272,15.775934504955954,14.510582255985108,14.756369590759277,22824300,0.0,0.0
2020-03-04,14.902023185434835,15.202430409756618,14.510582232433002,15.193326950073242,13860900,0.0,0.0
2020-03-05,14.592513417913775,14.747268769635777,14.364931252304578,14.546996116638184,15279300,0.0,0.0
2020-03-06,13.727702617606884,14.21927814329267,13.363572920118774,13.536534309387207,23797200,0.0,0.0
2020-03-09,12.134632794949338,12.207458729184381,11.060448962752039,11.069552421569824,15961300,0.0,0.0
2020-03-10,11.706781173571724,12.289389584949094,10.98762433628974,12.17104721069336,17303800,0.0,0.0
2020-03-11,11.724988507498761,11.843330885934327,11.00583164481629,11.151483535766602,29399900,0.0,0.0
2020-03-12,10.177436262529715,11.01493553644918,9.585724347176951,9.895235061645508,20950900,0.0,0.0
2020-03-13,10.860178653119661,11.597541493357758,10.32308670856267,11.588438034057617,17318400,0.0,0.0
2020-03-16,9.103251141688514,10.350396443921397,9.094147682189941,9.094147682189941,17925300,0.0,0.0
2020-03-17,9.358142632606432,9.403659065360184,8.484230422718618,9.32172966003418,20549200,0.0,0.0
2020-03-18,8.73912245263785,8.875670888272845,7.227982293410907,7.428253650665283,17912800,0.0,0.0
2020-03-19,7.2461881547801745,8.902979633063744,6.78192212466103,8.511540412902832,13965800,0.0,0.0
2020-03-20,8.648088816865778,8.975805554232727,7.737763678248328,8.365887641906738,23725300,0.0,0.0
2020-03-23,8.23844278622586,8.43871456243276,7.573904974874941,7.792383670806885,16697600,0.0,0.0
2020-03-24,8.484230022130646,9.075941883683909,8.41140408042466,8.893877029418945,15626800,0.0,0.0
2020-03-25,9.121458775135308,9.494691962273903,8.748224719842963,8.939393043518066,20647100,0.0,0.0
2020-03-26,9.075942043485332,10.55066869122782,8.784637403378643,10.432326316833496,22494500,0.0,0.0
2020-03-27,9.758685861869948,10.641700633275326,9.74047894213604,10.19564151763916,20794800,0.0,0.0
2020-03-30,10.04998802003898,10.232052847400386,9.44917365566955,9.822406768798828,15175400,0.0,0.0
2020-03-31,9.722272266646858,9.886130192968173,9.21248983281008,9.440071105957031,15997000,0.0,0.0
2020-04-01,8.766432216744725,8.848361627729393,8.511541391134276,8.60257339477539,14533700,0.0,0.0
2020-04-02,8.566160323848775,9.12145927290818,8.329475554353088,8.6298828125,14255200,0.0,0.0
2020-04-03,8.557054277354698,8.811945891243596,8.156511676913414,8.256647109985352,11898600,0.0,0.0
2020-04-06,8.921187012234835,9.185181281916357,8.648089282320287,9.057735443115234,13435800,0.0,0.0
2020-04-07,9.840615095822814,10.049989460254467,9.385452528115358,9.512897491455078,19699300,0.0,0.0
2020-04-08,9.731375506600308,10.432326291341475,9.622136592384877,10.313983917236328,13998100,0.0,0.0
2020-04-09,10.878385441593995,11.260722076602308,10.659907612490308,10.933005332946777,20269900,0.0,0.0
2020-04-13,10.978519891762692,11.005829398704009,10.341291696672457,10.523357391357422,9937500,0.0,0.0
2020-04-14,10.750940614090048,10.832869149945843,9.922543982113293,10.141022682189941,11881600,0.0,0.0
2020-04-15,9.458278209889817,9.685859487497,9.33083238189447,9.385452270507812,13975700,0.0,0.0
2020-04-16,9.42186453581089,9.467380093406597,8.73001729525136,8.866565704345703,15631500,0.0,0.0
2020-04-17,9.349040631332002,9.940751690058974,9.31262678830506,9.840616226196289,20448200,0.0,0.0
2020-04-20,9.430968889282013,10.35039756229486,9.358142941731865,9.949854850769043,15870100,0.0,0.0
2020-04-21,9.449173063370772,9.867922574130485,9.376347136991129,9.394553184509277,16088800,0.0,0.0
2020-04-22,9.658550535927173,9.80420330436148,9.276213863613957,9.312626838684082,14957800,0.0,0.0
2020-04-23,9.42186697765927,9.776893280577541,9.32173064142789,9.6767578125,15754700,0.0,0.0
2020-04-24,9.813306501109437,10.068198210444956,9.70406756917444,9.922545433044434,12073100,0.0,0.0
2020-04-27,10.004472887389143,10.632597708047,10.004472887389143,10.56887435913086,13598800,0.0,0.0
2020-04-28,11.115068626723954,11.269823950937882,10.70542253775033,10.769145011901855,12635500,0.0,0.0
2020-04-29,11.306238886939743,11.415477805152477,10.996728184593458,11.151483535766602,10844800,0.0,0.0
2020-04-30,10.741835878052255,10.887487748699153,10.441428677804621,10.605286598205566,9352600,0.0,0.0
2020-05-01,10.25026041241389,10.313982888981636,9.913440243457238,10.077298164367676,7417700,0.0,0.0
2020-05-04,9.685860443448995,9.849718389153725,9.522001629590498,9.740479469299316,11397400,0.0,0.0
2020-05-05,10.004474600152365,10.17743688919538,9.658550890220171,9.6767578125,9655900,0.0,0.0
2020-05-06,9.795099857660661,9.913442243847435,9.239800901849355,9.43096923828125,12918900,0.0,0.0
2020-05-07,9.594826539248578,10.095505518921636,9.56751702927475,9.795098304748535,11804100,0.0,0.0
2020-05-08,10.077298642535093,10.295777327705201,9.940750223938238,10.26846694946289,9225700,0.0,0.0
2020-05-11,10.031784123731505,10.059093636656666,9.603931036519747,9.740479469299316,8511700,0.0,0.0
2020-05-12,9.813303069045697,10.013574808294585,9.248901684029338,9.258005142211914,11504700,0.0,0.0
2020-05-13,9.166974416452286,9.230697770312062,8.693605767493432,8.793741226196289,15763600,0.0,0.0
2020-05-14,8.538849551883729,9.112354469714017,8.238442337994579,9.030425071716309,18563800,0.0,0.0
2020-05-15,8.902980040093459,9.11235528346905,8.739122097618807,8.848361015319824,10252400,0.0,0.0
2020-05-18,9.385452581667263,9.813304772682864,9.312625771717126,9.749582290649414,9910700,0.0,0.0
2020-05-19,9.613034406677262,9.68586035256352,9.276213321761128,9.29442024230957,7718900,0.0,0.0
2020-05-20,9.540206965720111,9.831511598276348,9.476484484295481,9.776891708374023,10154400,0.0,0.0
2020-05-21,9.713169319751199,9.968060116038703,9.676756348852983,9.749582290649414,9365000,0.0,0.0
2020-05-22,9.804202087402034,9.895234079700979,9.531104374197806,9.776891708374023,9706900,0.0,0.0
2020-05-26,10.423222230865333,10.978521097989585,10.359499751616452,10.796455383300781,12681600,0.0,0.0
2020-05-27,11.41547602018813,11.67036678949555,11.014933382705044,11.597540855407715,13175400,0.0,0.0
2020-05-28,11.83422750488196,11.861537017579407,10.951211824896179,11.005831718444824,10332900,0.0,0.0
2020-05-29,10.760044086957597,10.969419344141768,10.568875751334572,10.787354469299316,15634800,0.0,0.0
2020-06-01,10.865958463581633,11.069406443454985,10.717996617099983,10.95843505859375,8024500,0.185,0.0
2020-06-02,11.152636100364107,11.337588423354756,10.949188104113274,11.078654289245605,7513500,0.0,0.0
2020-06-03,11.383824274115431,11.762976675110957,11.319090313561574,11.633509635925293,16029800,0.0,0.0
2020-06-04,11.642758190545365,12.530530086621322,11.513291143353543,12.51203441619873,15875800,0.0,0.0
2020-06-05,13.751216322099769,14.167359211792593,13.28883513756949,13.464540481567383,24089200,0.0,0.0
2020-06-08,13.926920734169917,14.130367806765536,13.501530037590436,14.065634727478027,14806500,0.0,0.0
2020-06-09,13.40905454765628,14.02864541455003,13.251844872061023,13.67723560333252,24688800,0.0,0.0
2020-06-10,13.547769523146963,13.547769523146963,12.77096980691251,12.835702896118164,25464000,0.0,0.0
2020-06-11,11.670500172950137,12.206862238822113,11.531786180091613,11.744481086730957,19858600,0.0,0.0
2020-06-12,12.484292183585909,12.50278785458792,11.74448210002602,12.225358963012695,15234700,0.0,0.0
2020-06-15,11.541033971651625,12.475044178419024,11.448558263665682,12.364072799682617,15870300,0.0,0.0
2020-06-16,13.057643950251794,13.085386573121152,12.364072205063279,12.687739372253418,16009500,0.0,0.0
2020-06-17,12.752472221147755,12.770967890672557,12.428805059840233,12.465795516967773,10680700,0.0,0.0
2020-06-18,12.308586991435599,12.687739405353598,12.132881654986425,12.558272361755371,12793700,0.0,0.0
2020-06-19,12.854196799924043,12.854196799924043,12.03115884162783,12.34557819366455,23224200,0.0,0.0
2020-06-22,12.169871619969925,12.521281396713142,12.105138541753718,12.382567405700684,7391300,0.0,0.0
2020-06-23,12.623006203652588,12.780215879670948,12.32708252264021,12.34557819366455,9958900,0.0,0.0
2020-06-24,12.077397660369181,12.151378583826576,11.531787688429258,11.55028247833252,10606400,0.0,0.0
2020-06-25,11.44855872644084,11.966425181477332,11.346835178967783,11.938682556152344,7269400,0.0,0.0
2020-06-26,11.531786319141379,11.652005525965324,10.875205039978027,10.875205039978027,15776200,0.0,0.0
2020-06-29,11.060158422344452,11.189625476808791,10.773481688145614,10.976929664611816,15321400,0.0,0.0
2020-06-30,10.865957965826828,11.337586991324027,10.745738750587025,11.263606071472168,13704400,0.0,0.0
2020-07-01,11.309844168548375,11.319092004569365,10.699501101917996,10.81047248840332,12865100,0.0,0.0
2020-07-02,11.189625711872855,11.291349261281818,10.72724449868674,10.828968048095703,14911700,0.0,0.0
2020-07-06,11.143387546208888,11.3560824834721,10.875206474660125,11.050910949707031,7342600,0.0,0.0
2020-07-07,10.902948952308272,10.995425547550298,10.54229128917098,10.588529586791992,7305300,0.0,0.0
2020-07-08,10.542290251188158,10.791976504604477,10.431318876977155,10.727243423461914,7519200,0.0,0.0
2020-07-09,10.616272432330222,10.66251073090827,10.126148584016168,10.200129508972168,8606500,0.0,0.0
2020-07-10,10.070662458925906,10.690253313204261,10.042918953028941,10.681005477905273,10252400,0.0,0.0
2020-07-13,10.921443332129094,11.069405161474851,10.560785711657257,10.875205039978027,9782400,0.0,0.0
2020-07-14,10.810471870791678,10.847462330840155,10.440567270306898,10.53304386138916,8854100,0.0,0.0
2020-07-15,10.912196645069157,11.134139412431933,10.754986964373316,11.08790111541748,13127100,0.0,0.0
2020-07-16,10.90294980288505,11.309844913464477,10.838216710318884,11.078654289245605,8019200,0.0,0.0
2020-07-17,11.04166309739496,11.115644903640694,10.782729862262535,10.81047248840332,8349500,0.0,0.0
2020-07-20,10.782729674221661,10.8844541048342,10.579281694918752,10.597777366638184,8021600,0.0,0.0
2020-07-21,10.681005038787834,11.226614952087402,10.681005038787834,11.226614952087402,26050400,0.0,0.0
2020-07-22,10.875205427311602,11.217367390340696,10.838214968657702,11.069405555725098,13285800,0.0,0.0
2020-07-23,11.097147829818391,11.550281154541345,11.004671245134409,11.476300239562988,9238900,0.0,0.0
2020-07-24,11.522540689050606,11.679750383291505,11.300597902565418,11.328340530395508,8283000,0.0,0.0
2020-07-27,11.245111048323878,11.309844136442678,11.078653528107328,11.180377960205078,10738500,0.0,0.0
2020-07-28,11.115644622779449,11.282101257340452,11.069406325764998,11.08790111541748,5918600,0.0,0.0
2020-07-29,11.050910362361817,11.624262937202515,10.995425112947439,11.615015983581543,11284400,0.0,0.0
2020-07-30,11.245111112694554,11.309844201183907,10.93069174245109,11.291349411010742,7586800,0.0,0.0
2020-07-31,11.208119259570173,11.217367094470251,10.949186055822528,11.106395721435547,8889100,0.0,0.0
2020-08-03,11.097147705128968,11.245109533423157,11.00467112148407,11.124890327453613,5826400,0.0,0.0
2020-08-04,11.124890932348004,11.226615356272875,11.05091001417834,11.17112922668457,10166700,0.0,0.0
2020-08-05,11.291347928918585,11.374576678578759,11.180376556679045,11.356081008911133,5104100,0.0,0.0
2020-08-06,11.235862565086123,11.420815746637901,11.161881645234264,11.263606071472168,7753500,0.0,0.0
2020-08-07,11.161880985406123,11.615015195114657,11.050909612188343,11.587271690368652,7019400,0.0,0.0
2020-08-10,11.624261827103933,11.957176819485904,11.59651920504612,11.753728866577148,5431700,0.0,0.0
2020-08-11,12.197614535907514,12.493539076150155,12.02191008426019,12.095890998840332,7375100,0.0,0.0
2020-08-12,12.391815124203328,12.456549088342301,11.716739032735662,11.920186996459961,6995100,0.0,0.0
2020-08-13,11.716738993717295,11.873948663082254,11.624262406353637,11.67974853515625,5107600,0.0,0.0
2020-08-14,11.559529398001878,11.920187032711494,11.522538939205155,11.790719985961914,4271900,0.0,0.0
2020-08-17,11.70748960785151,11.74448006151289,11.47629905198739,11.50404167175293,8521600,0.0,0.0
2020-08-18,11.522537395095767,11.522537395095767,11.19887026255678,11.254356384277344,4624700,0.0,0.0
2020-08-19,11.300594672057482,11.476299107315628,11.189623310538341,11.254356384277344,5379300,0.0,0.0
2020-08-20,11.08790111541748,11.16188203787174,10.976929731736092,11.08790111541748,8017600,0.0,0.0
2020-08-21,11.004672651456103,11.180378008425194,10.958435235127359,11.050910949707031,10263000,0.0,0.0
2020-08-24,11.097148929517928,11.46705354106633,10.995425381822658,11.457806587219238,8550300,0.0,0.0
2020-08-25,11.64275896076522,11.772225134599696,11.356082223704863,11.568778038024902,8896300,0.0,0.0
2020-08-26,11.476301365277795,11.494797036797667,11.309843849287573,11.337587356567383,11753300,0.0,0.0
2020-08-27,11.374577673072915,11.762977950830685,11.28210108049358,11.716739654541016,12963400,0.0,0.0
2020-08-28,11.799967710561255,11.873948627461404,11.707491123475018,11.809215545654297,9398800,0.0,0.0
2020-08-31,11.776373129428945,11.81390735004927,11.551167805706989,11.560550689697266,15158700,0.185,0.0
2020-09-01,11.438564230472988,11.832673993792667,11.391647125938213,11.75760555267334,10700800,0.0,0.0
2020-09-02,11.748222535265858,11.973427856066037,11.654386537489252,11.926509857177734,9088000,0.0,0.0
2020-09-03,12.020344853661117,12.405070801702065,11.738837778667198,11.8514404296875,11518600,0.0,0.0
2020-09-04,12.179866445217979,12.330004230817993,11.804524218434088,12.095415115356445,8333600,0.0,0.0
2020-09-08,11.842058413784738,11.917126858968281,11.635619742086764,11.748223304748535,9521000,0.0,0.0
2020-09-09,11.832673791981959,11.898359348005885,11.654386471085912,11.776372909545898,5711600,0.0,0.0
2020-09-10,11.88897567095272,12.039112551914375,11.523016352443882,11.532400131225586,7749100,0.0,0.0
2020-09-11,11.523016959009986,11.70130518570176,11.419798071637056,11.598085403442383,8370700,0.0,0.0
2020-09-14,11.72945481471136,12.06726279121595,11.682536816475238,12.020345687866211,9339400,0.0,0.0
2020-09-15,12.020345991477395,12.05788021203706,11.720071332113674,11.75760555267334,6396300,0.0,0.0
2020-09-16,11.77637297664428,12.179865619356336,11.682536978867674,11.926509857177734,7553000,0.0,0.0
2020-09-17,11.729454862324932,11.982811516896616,11.663770201459556,11.898359298706055,8759000,0.0,0.0
2020-09-18,11.813907854343801,11.964044743233925,11.766989852844025,11.870208740234375,12371500,0.0,0.0
2020-09-21,11.55116856087747,11.682537894193823,11.203975878833338,11.307195663452148,8630700,0.0,0.0
2020-09-22,11.30719489636881,11.401030000245195,10.941235575057611,11.016304016113281,10851200,0.0,0.0
2020-09-23,11.110140420079599,11.307195308759225,10.819249529214845,10.828633308410645,6891800,0.0,0.0
2020-09-24,10.856783172514785,11.110139827980493,10.631577853136195,10.838016510009766,6403900,0.0,0.0
2020-09-25,10.725414847610372,11.044456193838917,10.669113065087375,10.988154411315918,5415200,0.0,0.0
2020-09-28,11.203974967331286,11.438564066181396,11.1852083047642,11.38226318359375,7616600,0.0,0.0
2020-09-29,11.344729535069746,11.344729535069746,10.884935092933882,11.100756645202637,6785100,0.0,0.0
2020-09-30,11.194592475891113,11.363496024460963,11.081989811882405,11.194592475891113,10530500,0.0,0.0
2020-10-01,11.232127277106121,11.335346167388025,11.025688601655842,11.185209274291992,7231200,0.0,0.0
2020-10-02,10.96938534869442,11.579317513734773,10.884934028814696,11.466714859008789,8707200,0.0,0.0
2020-10-05,11.635619825560452,11.992195390183578,11.560551379838369,11.973428726196289,6938500,0.0,0.0
2020-10-06,12.161099782708467,12.395688898196758,11.776373776489503,11.823291778564453,9601500,0.0,0.0
2020-10-07,12.00158023300156,12.508292733965316,12.00158023300156,12.348772048950195,9168000,0.0,0.0
2020-10-08,12.414454553481496,12.573975210644182,12.254934791205196,12.489523887634277,7031600,0.0,0.0
2020-10-09,12.564592076496075,12.583358738495473,12.236166990086119,12.311235427856445,4367700,0.0,0.0
2020-10-12,12.330003428597124,12.527058308559397,12.283085429580126,12.470756530761719,5037600,0.0,0.0
2020-10-13,12.3581536643708,12.395687883982422,11.954660132381086,12.020345687866211,7050200,0.0,0.0
2020-10-14,12.039112983450169,12.189249869793404,11.879592317988873,11.888976097106934,4931800,0.0,0.0
2020-10-15,11.75760470871478,12.189248661610804,11.729454269037266,12.179864883422852,4552800,0.0,0.0
2020-10-16,12.170484053299106,12.208018277496647,11.879593144603284,12.132949829101562,5556600,0.0,0.0
2020-10-19,12.189250018851348,12.301852684985752,11.973428465815351,11.992195129394531,4625700,0.0,0.0
2020-10-20,12.198632279367665,12.508289796406862,12.132947622688542,12.273700714111328,8018500,0.0,0.0
2020-10-21,11.7294549605423,11.982811617235484,11.532400081409733,11.654386520385742,13325800,0.0,0.0
2020-10-22,11.71068655864752,12.301851153418621,11.626235240725647,12.273700714111328,8289700,0.0,0.0
2020-10-23,12.423837658605846,12.658426742317676,12.330002562052915,12.620892524719238,9689200,0.0,0.0
2020-10-26,12.283086373386489,12.414455706864548,12.067263919279517,12.198634147644043,8580700,0.0,0.0
2020-10-27,12.114179948734876,12.170481721688187,11.842056651714229,11.8514404296875,5671500,0.0,0.0
2020-10-28,11.588702058771231,11.842057824946128,11.372879618435332,11.635619163513184,7233000,0.0,0.0
2020-10-29,11.56055009516593,12.067262494924531,11.438563660701737,11.964043617248535,7154100,0.0,0.0
2020-10-30,11.879591140499128,12.189248661610804,11.766988486902731,12.179864883422852,6659500,0.0,0.0
2020-11-02,12.320619968693867,12.686579296634388,12.076647083400184,12.602127075195312,9870500,0.0,0.0
2020-11-03,12.902401721683352,13.080689060814743,12.79918283006902,12.92116928100586,6904600,0.0,0.0
2020-11-04,12.517674023525199,12.517674023525199,11.766988754272461,11.766988754272461,11274400,0.0,0.0
2020-11-05,11.84205954798644,12.489526068315236,11.832675767718127,12.348772048950195,8837800,0.0,0.0
2020-11-06,12.517673659838831,12.724112304234932,12.029727935791016,12.029727935791016,21146200,0.0,0.0
2020-11-09,13.352811660535327,14.450688762723189,13.34342877628494,14.263017654418945,16639200,0.0,0.0
2020-11-10,14.413153892127651,14.628976328125212,14.028427913704164,14.591442108154297,13058200,0.0,0.0
2020-11-11,14.619592425036943,14.647742866054047,13.972126912325256,14.09411334991455,8948500,0.0,0.0
2020-11-12,13.86890851282966,13.89705985152559,13.380963608957712,13.587401390075684,7294400,0.0,0.0
2020-11-13,13.775072281078998,14.019044265721872,13.709386724352562,13.953359603881836,6393200,0.0,0.0
2020-11-16,14.638359637365486,14.86356494996831,14.47883898388356,14.826030731201172,9243300,0.0,0.0
2020-11-17,14.497606631024135,14.816647959668778,14.253633745015124,14.704045295715332,6341900,0.0,0.0
2020-11-18,14.807264117171565,15.032470338999918,14.544524569072644,14.553908348083496,5893200,0.0,0.0
2020-11-19,14.385003114548306,14.685276867295205,14.225482459679922,14.657126426696777,4796800,0.0,0.0
2020-11-20,14.544523744499887,14.563291301457603,14.244249992267399,14.385003089904785,5507800,0.0,0.0
2020-11-23,14.675895430163045,14.919867430872932,14.53514142352525,14.694662094116211,6739800,0.0,0.0
2020-11-24,15.135688396204833,15.726853948120164,15.098155069766554,15.717470169067383,7953100,0.0,0.0
2020-11-25,15.435963863415575,15.539181852827534,15.229524305045977,15.492264747619629,5478800,0.0,0.0
2020-11-27,15.417197403662579,15.567334298750238,15.145073162708092,15.32336139678955,4249600,0.0,0.0
2020-11-30,15.204721908208905,15.356579156382578,14.597292010373614,14.67322063446045,12859800,0.185,0.0
2020-12-01,15.090828156947765,15.299633232142886,14.995917828843423,15.033882141113281,9903300,0.0,0.0
2020-12-02,14.929478619585666,15.347086932172148,14.834568297736405,15.138282775878906,14050900,0.0,0.0
2020-12-03,15.195229355115133,15.290140579993835,14.976933899950323,15.147773742675781,12530300,0.0,0.0
2020-12-04,15.299633026123047,15.479962375550864,15.147774873947887,15.299633026123047,12094900,0.0,0.0
2020-12-07,15.157265314387672,15.16675571293105,14.844059533942751,15.06235408782959,9526000,0.0,0.0
2020-12-08,14.94846089454292,15.242684062413963,14.863040973180192,15.147773742675781,12191000,0.0,0.0
2020-12-09,15.375560183361808,15.546398212272976,15.138282126072394,15.233192443847656,9309300,0.0,0.0
2020-12-10,15.166756023087917,15.337595872329889,14.92947885698098,15.261667251586914,9879900,0.0,0.0
2020-12-11,15.01489953240805,15.176248085840095,14.872533587681234,15.033882141113281,5691000,0.0,0.0
2020-12-14,15.309122747129706,15.309122747129706,14.597292117382517,14.644747734069824,7164200,0.0,0.0
2020-12-15,14.825077460239301,14.901006082162786,14.540344675455946,14.891514778137207,22412600,0.0,0.0
2020-12-16,14.967443803096828,14.967443803096828,14.730166641260597,14.957952499389648,8907500,0.0,0.0
2020-12-17,14.93896947049119,14.967443380809371,14.597290692937648,14.78711223602295,6690500,0.0,0.0
2020-12-18,14.834568671182295,14.863041677939798,14.4739072667385,14.635255813598633,16984000,0.0,0.0
2020-12-21,14.825077297040218,15.109810078689145,14.511871508768568,14.948461532592773,10821000,0.0,0.0
2020-12-22,14.99591652815732,15.119300758617651,14.93896961212158,14.938969612121582,8066400,0.0,0.0
2020-12-23,15.138284747542071,15.584366124268477,15.109811737792922,15.498946189880371,5907100,0.0,0.0
2020-12-24,15.546400101520526,15.565382710466706,15.157266574670563,15.366070747375488,2250900,0.0,0.0
2020-12-28,15.508435517982042,15.679275364981283,15.356578278489625,15.423015594482422,4224200,0.0,0.0
2020-12-29,15.451489748134515,15.479961849560311,15.138283055342363,15.157265663146973,4671800,0.0,0.0
2020-12-30,15.195229735243796,15.489452910475217,15.166755823983559,15.423015594482422,5757800,0.0,0.0
2020-12-31,15.404032178869867,15.603345926673214,15.280648857110458,15.574872016906738,4131200,0.0,0.0
2021-01-04,15.736221946703923,15.736221946703923,15.21421289334272,15.460981369018555,8488000,0.0,0.0
2021-01-05,15.479960660423354,15.907060251812625,15.366068642906868,15.707746505737305,5927700,0.0,0.0
2021-01-06,16.381617520751114,17.378181001081998,16.229760262991764,17.235815048217773,16270000,0.0,0.0
2021-01-07,17.54901885986328,17.852733340616954,17.51105545490962,17.54901885986328,8182400,0.0,0.0
2021-01-08,17.51105462522077,17.530035421657725,17.00802640888072,17.31174087524414,6472500,0.0,0.0
2021-01-11,17.083956163182346,17.558510501048524,16.90362500791448,17.539527893066406,5397900,0.0,0.0
2021-01-12,17.69138595179159,17.995100452379756,17.53952870149751,17.881208419799805,6267600,0.0,0.0
2021-01-13,17.748333656824798,17.919171704524853,17.577493798843538,17.83375358581543,5640300,0.0,0.0
2021-01-14,17.98560781916704,18.241865752887314,17.881205298955987,17.966625213623047,9962800,0.0,0.0
2021-01-15,17.596474350158008,17.786294984390956,17.273777280652904,17.47308921813965,11254100,0.0,0.0
2021-01-19,17.5680031593834,17.634440482161438,17.340217276881017,17.605966567993164,5676500,0.0,0.0
2021-01-20,17.5015654712325,17.539528879049712,17.188359663045226,17.35919952392578,5875400,0.0,0.0
2021-01-21,17.36869003707932,17.91917305983152,17.188360671376614,17.2263240814209,11935000,0.0,0.0
2021-01-22,17.05548065722623,17.40665163095092,16.941588640539983,17.27377700805664,5855800,0.0,0.0
2021-01-25,17.102938448535717,17.102938448535717,16.58092760056142,16.875152587890625,9622400,0.0,0.0
2021-01-26,17.07446415751201,17.15988407964006,16.561946435024772,16.571435928344727,8245100,0.0,0.0
2021-01-27,16.172813059539788,16.27721378517808,15.840624653662445,15.869096755981445,11048800,0.0,0.0
2021-01-28,16.201283338387697,16.5429630100087,16.0494261088408,16.438560485839844,9009200,0.0,0.0
2021-01-29,16.34365007680189,16.552455135513632,15.888078365527099,16.001972198486328,9279700,0.0,0.0
2021-02-01,16.15383227122872,16.334161640504423,15.9829923969411,16.286706924438477,6595500,0.0,0.0
2021-02-02,16.561948676486878,16.97006392487757,16.49550954228805,16.770751953125,6574600,0.0,0.0
2021-02-03,16.79922148721224,17.15988192741059,16.780238882391053,17.150390625,7839500,0.0,0.0
2021-02-04,17.226323547961737,17.94764641927889,17.226323547961737,17.757823944091797,8881000,0.0,0.0
2021-02-05,17.957138856317794,18.04255879450984,17.586986997673193,17.624950408935547,5407800,0.0,0.0
2021-02-08,17.65341979356347,17.957134246826172,17.643928490613895,17.957134246826172,4407400,0.0,0.0
2021-02-09,17.871715558431205,18.014081491894185,17.748332232171574,17.976118087768555,5278200,0.0,0.0
2021-02-10,18.06154106516138,18.241870433254192,17.92866460254186,17.995101928710938,6086300,0.0,0.0
2021-02-11,17.947646079584413,18.08052072353169,17.511056929311206,17.87171745300293,4505600,0.0,0.0
2021-02-12,17.900188719681978,18.241866583629463,17.81476880112486,18.09950065612793,4066400,0.0,0.0
2021-02-16,18.39372548402134,18.858790331840016,18.308307367991397,18.782861709594727,7520600,0.0,0.0
2021-02-17,18.71642303466797,18.92522810861311,18.48863716241243,18.71642303466797,6683700,0.0,0.0
2021-02-18,18.52660314294179,18.6120230748423,18.241869433179676,18.488637924194336,6315100,0.0,0.0
2021-02-19,18.612022561980353,19.219451562951548,18.612022561980353,19.124540328979492,8467000,0.0,0.0
2021-02-22,19.07708333060561,19.589601036175743,19.07708333060561,19.447235107421875,7448300,0.0,0.0
2021-02-23,19.67502335729379,19.769934591476236,19.3048715352916,19.694005966186523,7514300,0.0,0.0
2021-02-24,19.836372943068856,20.46278458682925,19.788918228652374,20.443803787231445,9459200,0.0,0.0
2021-02-25,20.65260456709533,20.700059275772094,19.53265606362514,19.627567291259766,9252400,0.0,0.0
2021-02-26,19.380800459942076,19.580112425550734,18.944209500071626,19.115049362182617,9586300,0.0,0.0
2021-03-01,19.56047611750999,19.991535331195163,19.50300216470664,19.867006301879883,6481900,0.185,0.0
2021-03-02,19.76163555069318,20.001112481795957,19.72332019179001,19.780794143676758,5746900,0.0,0.0
2021-03-03,19.914901142245196,20.480064981139616,19.752056766849353,19.77121353149414,7689500,0.0,0.0
2021-03-04,19.69458022651895,20.001110373692196,18.918675563103697,19.388050079345703,9735400,0.0,0.0
2021-03-05,19.943639855789307,20.03943100001154,19.01446995908109,19.790374755859375,12799900,0.0,0.0
2021-03-08,20.096903664919974,20.642910776734002,19.86700602979112,20.326801300048828,12809200,0.0,0.0
2021-03-09,19.99153496950182,20.020271031851582,19.34973672243997,19.598791122436523,10897700,0.0,0.0
2021-03-10,19.60837217194924,20.269329071044922,19.531739620392074,20.269329071044922,11770700,0.0,0.0
2021-03-11,20.07774470566678,20.365118114634033,19.981955396408324,20.21185302734375,7386200,0.0,0.0
2021-03-12,20.52796254349247,20.6716483347607,20.259747726611533,20.393856048583984,9054400,0.0,0.0
2021-03-15,20.3555393213111,20.46090975657601,19.704161770698903,19.991535186767578,13783100,0.0,0.0
2021-03-16,19.924481333851595,19.924481333851595,19.31142093190666,19.455106735229492,16128200,0.0,0.0
2021-03-17,19.799953707101277,19.95321880435381,19.33057911838239,19.522159576416016,11510900,0.0,0.0
2021-03-18,19.895745378291018,20.46091112457552,19.713742385318685,19.847848892211914,13549500,0.0,0.0
2021-03-19,19.550898783811316,19.8095343379899,19.167736014878706,19.531740188598633,34834600,0.0,0.0
2021-03-22,19.445526120133206,19.48384330618985,18.851624352767146,19.08152198791504,10595600,0.0,0.0
2021-03-23,18.84204468741241,19.02404766349071,18.43014408068656,18.449302673339844,12764400,0.0,0.0
2021-03-24,18.822886094759127,19.09110091071325,18.439723377013202,18.449302673339844,10270800,0.0,0.0
2021-03-25,18.343934308901385,19.167735615228246,18.200248501930556,19.052785873413086,13003800,0.0,0.0
2021-03-26,19.3497343977445,19.48384087810234,18.985728483824968,19.301837921142578,11749000,0.0,0.0
2021-03-29,19.00489111298921,19.043206475348963,18.401408169011752,18.660043716430664,12310800,0.0,0.0
2021-03-30,18.880359745763858,19.359313592104666,18.880359745763858,19.244365692138672,10257900,0.0,0.0
2021-03-31,19.225207966661362,19.455105604023448,19.081522171693063,19.138996124267578,12576300,0.0,0.0
2021-04-01,19.081520065238617,19.474262047426123,19.024046119008784,19.41678810119629,9114000,0.0,0.0
2021-04-05,19.704162329015286,19.857427424435738,19.28268240307702,19.435949325561523,6661300,0.0,0.0
2021-04-06,19.368894298408566,19.531738691102692,19.177313842162814,19.464685440063477,6868300,0.0,0.0
2021-04-07,19.55089744983282,19.685003953042955,19.388053055764484,19.675426483154297,7573200,0.0,0.0
2021-04-08,19.38805230273538,19.531738097317515,19.071942823829087,19.47426414489746,9500600,0.0,0.0
2021-04-09,19.732900027587227,19.953218371727786,19.598791700100943,19.74247932434082,9630900,0.0,0.0
2021-04-12,19.857426730349477,19.99153505445286,19.780794185317824,19.962797164916992,5648700,0.0,0.0
2021-04-13,19.85742737888121,19.895744566180444,19.37847350002504,19.617950439453125,7421800,0.0,0.0
2021-04-14,19.50300047737207,20.10648149725613,19.50300047737207,19.92447853088379,7120100,0.0,0.0
2021-04-15,19.972375633842006,19.972375633842006,19.368892768043025,19.732898712158203,9358900,0.0,0.0
2021-04-16,19.98195584940379,20.106483050501218,19.752058213256532,19.809532165527344,7957600,0.0,0.0
2021-04-19,19.905325618295468,20.07774749515438,19.50300425149625,19.56047821044922,9297600,0.0,0.0
2021-04-20,19.349733942360256,19.52215577287803,18.918674798406517,19.004886627197266,12741800,0.0,0.0
2021-04-21,18.899520143279528,19.61795098141086,18.75583434106608,19.579635620117188,7804200,0.0,0.0
2021-04-22,19.61795012733709,19.6371087206819,19.158154849445758,19.167734146118164,8462600,0.0,0.0
2021-04-23,19.20604773603168,20.001111015941223,19.04320336173388,19.895742416381836,11988200,0.0,0.0
2021-04-26,20.154380291041072,20.566279096043072,20.135221697209147,20.374698638916016,12438100,0.0,0.0
2021-04-27,20.44175061553292,20.575857109865495,20.298064824881738,20.547121047973633,8168200,0.0,0.0
2021-04-28,20.60459464610753,20.738701138144442,20.451329561761366,20.64291000366211,6183900,0.0,0.0
2021-04-29,20.949441878981833,21.179339504179417,20.84407144895064,21.13144302368164,7068500,0.0,0.0
2021-04-30,21.01649602496981,21.19849717746662,20.83449304540901,20.844072341918945,7420200,0.0,0.0
2021-05-03,21.0739688873291,21.227233969435474,20.805754080111,21.0739688873291,5854500,0.0,0.0
2021-05-04,20.98775964643114,21.457134246826172,20.80575665376723,21.457134246826172,11013200,0.0,0.0
2021-05-05,21.49544935093692,21.840294881357377,21.198496647741372,21.763662338256836,9537800,0.0,0.0
2021-05-06,21.85945469924042,21.936087246636635,21.45713336864429,21.9265079498291,5294100,0.0,0.0
2021-05-07,21.476290718955294,22.108509655139688,21.42839606475439,22.09893035888672,7003700,0.0,0.0
2021-05-10,22.280932276429578,22.453355946674357,21.993558883666992,21.993558883666992,6686600,0.0,0.0
2021-05-11,21.811558952765502,22.31924886875696,21.629555976641644,21.792400360107422,8471600,0.0,0.0
2021-05-12,22.146826675396493,22.27135387163082,21.275128993500516,21.34218406677246,7340100,0.0,0.0
2021-05-13,21.208075028314877,22.156403393387247,21.169759671950914,22.022296905517578,8582800,0.0,0.0
2021-05-14,22.09893018819443,22.462936134739884,22.003139053468576,22.405460357666016,7187900,0.0,0.0
2021-05-17,22.29051232074187,22.558725303850228,22.17556259436406,22.52998924255371,5164800,0.0,0.0
2021-05-18,22.520408917088478,22.654515402513024,22.0797704510218,22.0893497467041,5807900,0.0,0.0
2021-05-19,21.88819199898197,21.964824544310158,21.524186038375092,21.936086654663086,6922400,0.0,0.0
2021-05-20,21.916928470050337,22.031878203717035,21.600818986296957,21.869033813476562,4949200,0.0,0.0
2021-05-21,22.00313818048539,22.347985520990935,21.964822824353583,22.146825790405273,5861800,0.0,0.0
2021-05-24,22.242616095333823,22.26177468779392,21.955244516688122,22.070194244384766,6449300,0.0,0.0
2021-05-25,22.1180901430681,22.462937518498844,21.67745162701059,21.715768814086914,5525300,0.0,0.0
2021-05-26,21.763662384100925,22.003139310177552,21.639135186449217,21.94566535949707,4989600,0.0,0.0
2021-05-27,22.24261560486685,22.347986034009946,22.09892981871238,22.290512084960938,7545300,0.0,0.0
2021-05-28,22.31465328799573,22.333963573888763,21.918763880747758,22.24706268310547,5004400,0.185,0.0
2021-06-01,22.478801436899783,22.594670512626447,22.266371728557978,22.343618392944336,5603400,0.0,0.0
2021-06-02,22.35327467649317,22.35327467649317,21.996009540825135,22.16981315612793,6014200,0.0,0.0
2021-06-03,22.121534239173975,22.43052089359243,22.073255765060743,22.208436965942383,6518200,0.0,0.0
2021-06-04,22.179469104964053,22.179469104964053,21.73530124308513,21.947729110717773,4688300,0.0,0.0
2021-06-07,22.02497662088207,22.092567224918444,21.880139349131877,21.957386016845703,5325500,0.0,0.0
2021-06-08,21.77392449038568,22.053944811914445,21.51321813791766,21.957386016845703,6772200,0.0,0.0
2021-06-09,21.7159880336351,21.754612284936417,21.426313515697895,21.49390411376953,4466500,0.0,0.0
2021-06-10,21.85116942778846,21.880137616526948,21.011112213134766,21.011112213134766,5055500,0.0,0.0
2021-06-11,21.04973251705367,21.32975278839265,21.03042223486569,21.18491554260254,5375500,0.0,0.0
2021-06-14,21.155951288716285,21.204229765717315,20.58625641991605,20.789030075073242,6252300,0.0,0.0
2021-06-15,20.79868507719713,21.13663808236607,20.702126286417826,20.95317840576172,5561100,0.0,0.0
2021-06-16,20.798685080492763,21.213884750009786,20.51866477135899,21.1076717376709,8570800,0.0,0.0
2021-06-17,21.29113324483951,21.368379915775435,19.755854048495337,19.804134368896484,8093100,0.0,0.0
2021-06-18,19.359962011162995,19.59170383433195,19.099255683082827,19.24409294128418,14814000,0.0,0.0
2021-06-21,19.446866427047702,19.90069220840601,19.388931887065766,19.881380081176758,5340100,0.0,0.0
2021-06-22,19.87172339676754,20.006904599737585,19.59170492751448,19.8524112701416,7639400,0.0,0.0
2021-06-23,19.95862759376414,20.103464870706677,19.881380923281064,19.891036987304688,6711500,0.0,0.0
2021-06-24,19.977939483437716,20.296582225591656,19.823446144314946,20.219335556030273,9626200,0.0,0.0
2021-06-25,20.286924262505934,20.576598785816532,20.171053348158274,20.5283203125,7307200,0.0,0.0
2021-06-28,20.4124477606777,20.4124477606777,19.842752981055835,19.9586238861084,8846900,0.0,0.0
2021-06-29,20.103461972450713,20.25795529114403,19.697916550454345,19.81378746032715,7832200,0.0,0.0
2021-06-30,19.78482055980382,20.04552874270233,19.736542085210353,19.939313888549805,5819600,0.0,0.0
2021-07-01,20.122774460417013,20.24829959347825,19.94896901332786,20.171052932739258,6113700,0.0,0.0
2021-07-02,20.161399853741806,20.190368046445734,19.900693486230228,20.006906509399414,4785300,0.0,0.0
2021-07-06,19.929658155928685,19.939314219348727,19.32134089411242,19.369619369506836,8271900,0.0,0.0
2021-07-07,19.1571923385304,19.47583507852618,19.099257797178222,19.224782943725586,7750300,0.0,0.0
2021-07-08,18.799924739989514,19.060632930268604,18.587496867376444,18.73233413696289,8973800,0.0,0.0
2021-07-09,19.19581358354051,19.51445630413707,19.012353906810134,19.475833892822266,7741100,0.0,0.0
2021-07-12,19.19581348039834,19.775164380653436,19.022009867856976,19.71722984313965,6110000,0.0,0.0
2021-07-13,19.726887207048943,19.726887207048943,19.23443900144748,19.379276275634766,5350300,0.0,0.0
2021-07-14,19.41789957467262,19.69791804541649,19.002698058533237,19.30202865600586,7470500,0.0,0.0
2021-07-15,19.118567964672465,19.63032829494506,19.022011010252523,19.46617889404297,6798900,0.0,0.0
2021-07-16,19.60135924722302,19.639983500668205,18.635775011562657,18.68405532836914,8612300,0.0,0.0
2021-07-19,18.20126388109147,18.35575721715235,17.71847174547475,17.853652954101562,14320900,0.0,0.0
2021-07-20,17.341892090557266,18.732333913773278,17.28395755175412,18.442659378051758,12614900,0.0,0.0
2021-07-21,18.655086410586204,18.983385185240884,18.63577428461694,18.741989135742188,11760500,0.0,0.0
2021-07-22,18.65508456427166,18.674396688329583,18.230227043524984,18.346097946166992,7286300,0.0,0.0
2021-07-23,18.58749664591252,18.85786089650351,18.35575664899415,18.442659378051758,7375000,0.0,0.0
2021-07-26,18.500593807916054,18.85786078546093,18.500593807916054,18.68405532836914,7462000,0.0,0.0
2021-07-27,18.452316164699145,18.86751769942451,18.336445240845567,18.69371223449707,7250400,0.0,0.0
2021-07-28,18.809579522632156,19.128222230705802,18.54887135010671,18.915794372558594,9908300,0.0,0.0
2021-07-29,19.13787691566043,19.369616882873725,18.954415417643656,19.1861572265625,10000800,0.0,0.0
2021-07-30,19.07028781076152,19.379274457832594,18.877170235489256,18.98338508605957,8863200,0.0,0.0
2021-08-02,19.07028928347338,19.611015957605623,18.8578614076336,18.867517471313477,7933800,0.0,0.0
2021-08-03,19.01235578046979,19.379277011796223,18.635776643230685,19.32134246826172,7653400,0.0,0.0
2021-08-04,18.993042436728516,19.40824396252071,18.915795769723395,18.954418182373047,7512400,0.0,0.0
2021-08-05,19.08960089655262,19.302028766669522,19.079944833132885,19.215126037597656,5549800,0.0,0.0
2021-08-06,19.50480208580544,19.85241115451901,19.466177832778516,19.630327224731445,6153500,0.0,0.0
2021-08-09,19.49514473389034,19.76550712038445,19.311683227551026,19.50480079650879,6129300,0.0,0.0
2021-08-10,19.47583192281307,19.968280048778766,19.388929204012918,19.871721267700195,7416600,0.0,0.0
2021-08-11,19.910349538186477,20.200024098223345,19.67860768010986,20.161399841308594,6823500,0.0,0.0
2021-08-12,20.122775188521178,20.20967791521016,19.91034732422907,20.11311912536621,5301300,0.0,0.0
2021-08-13,20.22898895834346,20.267611367189534,19.87172200756269,19.968280792236328,5761100,0.0,0.0
2021-08-16,19.746196863612028,19.92965652849432,19.524111106497955,19.81378746032715,6031200,0.0,0.0
2021-08-17,19.5917042993149,19.75585184525477,19.2344373350137,19.514455795288086,5611400,0.0,0.0
2021-08-18,19.39858615703935,19.717228860036226,19.302027371526975,19.330995559692383,5857900,0.0,0.0
2021-08-19,19.099256959366205,19.292372702637497,18.896483310969696,19.060632705688477,5763400,0.0,0.0
2021-08-20,19.002699000454015,19.234439007568593,18.915796267572816,19.224782943725586,6086000,0.0,0.0
2021-08-23,19.39858828926667,19.572393753951925,19.330997684490374,19.46617889404297,4428000,0.0,0.0
2021-08-24,19.543425444450648,19.775165448728025,19.48549090380776,19.70757484436035,4603300,0.0,0.0
2021-08-25,19.794478065719826,20.257958085737023,19.688263203826175,20.13243293762207,4973100,0.0,0.0
2021-08-26,20.219335915816796,20.219335915816796,19.71723163388033,19.804134368896484,5157600,0.0,0.0
2021-08-27,19.804131754655458,20.219333246767167,19.775163566238714,20.171052932739258,4688400,0.0,0.0
2021-08-30,20.185668517754937,20.214895541693156,19.640110411372806,19.649852752685547,4268200,0.185,0.0
2021-08-31,19.68882037130292,19.951858013752037,19.601143015314832,19.795984268188477,6984700,0.0,0.0
2021-09-01,19.815468322668316,19.8349530047864,19.406299288996404,19.49397850036621,6946100,0.0,0.0
2021-09-02,19.47449240950765,19.795982208553916,19.416040225543263,19.60114097595215,5525600,0.0,0.0
2021-09-03,19.610884416714033,20.565613475693834,19.38681612924561,19.532947540283203,6050100,0.0,0.0
2021-09-07,19.591401244214293,19.864179377809755,19.513464369163923,19.52320671081543,5955700,0.0,0.0
2021-09-08,19.425784886500068,19.542689268394227,19.1919742645501,19.230941772460938,5085800,0.0,0.0
2021-09-09,19.191971798555613,19.640108301837827,19.104292594320153,19.455007553100586,4872700,0.0,0.0
2021-09-10,19.581656065365284,19.64010824864347,19.328360793611257,19.357587814331055,6625000,0.0,0.0
2021-09-13,19.610883802817487,20.224638311388876,19.50372176243075,20.1856689453125,13308200,0.0,0.0
2021-09-14,20.224637474441913,20.399995898205532,19.93237281544869,20.068763732910156,13302500,0.0,0.0
2021-09-15,20.185668428962217,20.594837471489363,20.166185604584047,20.45844841003418,11208300,0.0,0.0
2021-09-16,20.39025148024549,20.67277191118516,20.31231461741785,20.351282119750977,9390500,0.0,0.0
2021-09-17,20.37076938933597,20.6338070316246,20.14670111249526,20.224637985229492,14040200,0.0,0.0
2021-09-20,19.63036566531457,19.66933502579173,19.17248682867624,19.542686462402344,12057400,0.0,0.0
2021-09-21,19.688818520546405,19.72778788235497,19.289391852815836,19.416040420532227,8320200,0.0,0.0
2021-09-22,19.727787440780393,20.000567392850275,19.65959291730327,19.786239624023438,7159800,0.0,0.0
2021-09-23,20.049280074812376,20.594838198041092,19.96160085845184,20.429222106933594,8767200,0.0,0.0
2021-09-24,20.468188574654768,20.789678369726357,20.42921921371935,20.59483528137207,5767000,0.0,0.0
2021-09-27,20.906584485449024,21.36446522394373,20.838389956267658,21.257301330566406,8736000,0.0,0.0
2021-09-28,21.41317424858484,21.539822819195795,21.1403961423363,21.189105987548828,8352400,0.0,0.0
2021-09-29,21.25730033857246,21.50085327894687,21.101426605385758,21.422916412353516,6013100,0.0,0.0
2021-09-30,21.530081163988307,21.60801803370657,21.06245994567871,21.06245994567871,7711500,0.0,0.0
2021-10-01,21.247558309979027,21.91976495556834,21.218333145928295,21.763891220092773,9436100,0.0,0.0
2021-10-04,21.793119056865724,22.241255598567587,21.715182186214896,21.83208656311035,8231600,0.0,0.0
2021-10-05,22.036671894406147,22.299707670122906,21.802859425517717,22.114608764648438,7023500,0.0,0.0
2021-10-06,21.91976480190671,22.085380876958688,21.559305629795414,22.046411514282227,7767200,0.0,0.0
2021-10-07,22.221770799880616,22.406871563516642,21.92950800101241,22.114608764648438,10087800,0.0,0.0
2021-10-08,22.0561537769078,22.47506513339002,22.007443931896066,22.377643585205078,12401700,0.0,0.0
2021-10-11,22.553003080543444,22.689393997799773,22.24125559794881,22.260740280151367,5679800,0.0,0.0
2021-10-12,22.17306106840143,22.416614021448684,22.065897174448935,22.260740280151367,6940100,0.0,0.0
2021-10-13,22.1048656317171,22.24125468521474,21.588532723507967,22.095123291015625,7651400,0.0,0.0
2021-10-14,22.397128092199768,22.640681031686274,22.163317493272096,22.611454010009766,8952900,0.0,0.0
2021-10-15,22.87449188363307,22.94268641013777,22.309449132100788,22.426355361938477,9414800,0.0,0.0
2021-10-18,22.406873375566537,22.7381055654235,22.377646350051496,22.445842742919922,6793800,0.0,0.0
2021-10-19,22.5530033817337,22.64068259465457,22.36790261466057,22.601715087890625,6940500,0.0,0.0
2021-10-20,22.465323435089566,23.157014774634348,22.41661358868511,23.10830307006836,10598900,0.0,0.0
2021-10-21,23.381083513554245,23.93638394969531,22.971914477740583,23.166757583618164,9893700,0.0,0.0
2021-10-22,23.38108221243547,23.673344996826327,23.312887686621703,23.42005157470703,7746100,0.0,0.0
2021-10-25,23.54669751478659,23.59540735786969,23.351854426131375,23.449275970458984,5525200,0.0,0.0
2021-10-26,23.497988266933326,23.497988266933326,23.205723626547123,23.27391815185547,6028000,0.0,0.0
2021-10-27,23.137530538869783,23.293404280162925,22.679651656091366,22.689393997192383,7458400,0.0,0.0
2021-10-28,22.767331397957527,22.942687967374173,22.718619691318228,22.893978118896484,4888800,0.0,0.0
2021-10-29,22.923203808858513,22.932946149619415,22.650423842037767,22.66990852355957,5218600,0.0,0.0
2021-11-01,22.903719045383497,23.04985043995114,22.825782177736656,23.001140594482422,3930600,0.0,0.0
2021-11-02,22.94268724587849,23.098560985899148,22.84526755198674,22.92320442199707,4948500,0.0,0.0
2021-11-03,22.78681273561256,23.468761718772708,22.70887586823667,23.332372665405273,6548100,0.0,0.0
2021-11-04,23.25443658408136,23.31288877204872,22.68939381196608,22.92320442199707,6157300,0.0,0.0
2021-11-05,23.186238397010936,23.312886962297117,22.913460302230998,23.069334030151367,5088500,0.0,0.0
2021-11-08,23.205723874659427,23.361597607934065,22.90371874870999,23.08881950378418,6969700,0.0,0.0
2021-11-09,22.82578222500389,23.127787355490604,22.757587697941876,23.098560333251953,6616800,0.0,0.0
2021-11-10,23.14727373190958,23.390826693914313,23.108304366071234,23.283662796020508,6988900,0.0,0.0
2021-11-11,23.244691792513233,23.731797643265573,23.244691792513233,23.575923919677734,6778900,0.0,0.0
2021-11-12,23.527215541498357,23.731800993943533,23.27392024036517,23.46876335144043,6491500,0.0,0.0
2021-11-15,23.575924405941663,23.614891908561667,23.1764977487393,23.303144454956055,7302900,0.0,0.0
2021-11-16,23.34211195757606,23.45901818175886,23.1764977487393,23.303144454956055,4228300,0.0,0.0
2021-11-17,23.283661091107067,23.3615979589153,22.981655960620355,23.098560333251953,4037700,0.0,0.0
2021-11-18,23.098558795564234,23.176497516345528,22.80629602527988,23.05959129333496,5779300,0.0,0.0
2021-11-19,22.72836080646866,23.010883115249904,22.46532317929195,22.767330169677734,7545900,0.0,0.0
2021-11-22,23.108303371969345,23.42005271077996,22.79655589132029,23.0206241607666,6189600,0.0,0.0
2021-11-23,23.23495185598644,23.41031027770251,23.069335775272553,23.351856231689453,4894700,0.0,0.0
2021-11-24,23.361598176546995,23.56618361780042,23.215466780315417,23.342113494873047,5113300,0.0,0.0
2021-11-26,22.601712876042686,22.601712876042686,21.86131173836886,22.3094482421875,8458800,0.0,0.0
2021-11-29,22.756524792852,22.85478304739447,22.16697713971753,22.432273864746094,7676300,0.195,0.0
2021-11-30,22.11784675269126,22.29471121847689,21.89185410157413,22.0490665435791,16124800,0.0,0.0
2021-12-01,22.510878163386213,22.628788433551154,21.656035732641005,21.67568588256836,8518200,0.0,0.0
2021-12-02,21.92133244042153,22.589486322365907,21.74446795706916,22.432273864746094,8062800,0.0,0.0
2021-12-03,22.491225795671784,22.618962075908666,21.813247843473437,22.019588470458984,9779800,0.0,0.0
2021-12-06,22.44209752214738,22.953038892844848,22.265233057358248,22.65826416015625,8455400,0.0,0.0
2021-12-07,22.795826573292345,23.149553630636856,22.697568328538814,22.80565071105957,8759800,0.0,0.0
2021-12-08,22.81547729077523,23.05129595958064,22.697568893432617,22.697568893432617,6288800,0.0,0.0
2021-12-09,22.57965915609268,22.81547783047639,22.392970543530723,22.58948516845703,5810600,0.0,0.0
2021-12-10,22.7663509473675,22.795828986149747,22.324189736235496,22.60913848876953,5177100,0.0,0.0
2021-12-13,22.51087851925254,22.550182567968918,22.03924117937716,22.05889320373535,8929500,0.0,0.0
2021-12-14,22.13750029903786,22.618963670057042,22.068718211074888,22.363492965698242,7643900,0.0,0.0
2021-12-15,23.296941305366765,23.296941305366765,22.412620803579678,22.707395553588867,11667900,0.0,0.0
2021-12-16,22.992342569081906,23.463979923270603,22.756523891987555,22.91373634338379,8581400,0.0,0.0
2021-12-17,22.74669723026295,22.84495547811112,22.088369406036442,22.117847442626953,19772200,0.0,0.0
2021-12-20,21.80342281641363,21.83289897924572,21.282655408310802,21.68551254272461,10854700,0.0,0.0
2021-12-21,21.980287170678558,22.40279445331558,21.97046115841441,22.29471206665039,6662200,0.0,0.0
2021-12-22,22.21610580640991,22.41262042901157,22.14732559479332,22.265233993530273,4748400,0.0,0.0
2021-12-23,22.432273794132186,22.638616315433858,22.265235324171908,22.343841552734375,4851200,0.0,0.0
2021-12-27,22.491225744491487,22.687742233276367,22.147324700298142,22.687742233276367,4040300,0.0,0.0
2021-12-28,22.540356523677513,22.884259452975105,22.540356523677513,22.786001205444336,3964000,0.0,0.0
2021-12-29,22.874432873348763,23.041471327771177,22.69756840700501,22.89408302307129,3667200,0.0,0.0
2021-12-30,23.002167850715875,23.149554284951932,22.766349181114144,22.786001205444336,3132300,0.0,0.0
2021-12-31,22.707394909057435,22.894083517231984,22.677916872657153,22.7270450592041,3397000,0.0,0.0
2022-01-03,23.041472207647875,23.39519927972288,23.0119941707582,23.169206619262695,6834300,0.0,0.0
2022-01-04,23.53276131483806,24.43673382069952,23.47380524171739,24.387603759765625,8397900,0.0,0.0
2022-01-05,24.56446811298895,24.829764818398075,24.230391196722685,24.240217208862305,10080400,0.0,0.0
2022-01-06,24.80028594065668,25.576524006271793,24.662725523608987,25.4782657623291,9425800,0.0,0.0
2022-01-07,25.547048209737987,25.989209409170027,25.409487780634812,25.89095115661621,11174500,0.0,0.0
2022-01-10,26.185722729441288,26.274154964901257,25.488092732057318,25.87129783630371,9951900,0.0,0.0
2022-01-11,26.04816303394913,26.077641071298267,25.527395618835854,25.96955680847168,7982800,0.0,0.0
2022-01-12,26.038336985592945,26.16607139902257,25.78286628461345,25.940078735351562,10741600,0.0,0.0
2022-01-13,26.06781338448266,26.42154043935077,25.98920716405417,26.234851837158203,10551600,0.0,0.0
2022-01-14,25.782865530740818,26.54927761126995,25.556872873677676,26.539451599121094,9869500,0.0,0.0
2022-01-18,26.677012327902556,26.69666435242638,25.959730299864873,26.136594772338867,6643800,0.0,0.0
2022-01-19,26.136594576156277,26.195548775165026,25.144189834594727,25.144189834594727,10692100,0.0,0.0
2022-01-20,25.30140318019466,25.596176059830377,24.6234233080882,24.692203521728516,10669000,0.0,0.0
2022-01-21,24.57429423971311,25.016453543336493,24.230391309703688,24.35812759399414,13063000,0.0,0.0
2022-01-24,23.925793807820366,24.652901884380437,23.503284630088903,24.554643630981445,11456600,0.0,0.0
2022-01-25,24.358128927254366,24.682379850641038,23.709625206360723,24.466211318969727,7949800,0.0,0.0
2022-01-26,24.70202899758688,25.016453895465816,24.318823887561948,24.8002872467041,13971100,0.0,0.0
2022-01-27,24.957499462852486,25.340706443423272,24.328649672960204,24.50551414489746,9332300,0.0,0.0
2022-01-28,24.4367346922417,24.692203521728512,24.092831749919856,24.692203521728516,8776500,0.0,0.0
2022-01-31,24.387603950712194,24.770809058395933,24.092831079281652,24.623422622680664,8375500,0.0,0.0
2022-02-01,24.593947468837005,25.163843084667604,24.446559152955757,25.104887008666992,6372000,0.0,0.0
2022-02-02,25.05575839353503,25.409487347044593,24.94767413015816,25.3603572845459,5676700,0.0,0.0
2022-02-03,25.497920090028735,25.68460870885759,25.12453910413044,25.163843154907227,6388300,0.0,0.0
2022-02-04,25.301403373478028,25.890951011373414,25.203145121475416,25.714086532592773,6724500,0.0,0.0
2022-02-07,25.71408671351452,26.077641686246032,25.596176435457725,25.949905395507812,7508600,0.0,0.0
2022-02-08,26.46084533596155,26.559103583181066,26.12676841988731,26.480497360229492,11143500,0.0,0.0
2022-02-09,26.431366451169346,26.480496510262228,26.166069754428168,26.234851837158203,6496500,0.0,0.0
2022-02-10,26.244677737671573,26.62788472785497,25.95973087227392,26.087465286254883,8221500,0.0,0.0
2022-02-11,25.900776410521708,26.451019984935332,25.56669948609766,25.763214111328125,11342100,0.0,0.0
2022-02-14,25.861471472485057,26.008857904874233,25.242447706802455,25.458614349365234,8755800,0.0,0.0
2022-02-15,25.72391283185838,26.13659599557184,25.684608780971242,26.06781578063965,6272200,0.0,0.0
2022-02-16,25.841818782060244,26.35276015034673,25.802516609025965,26.146419525146484,5209000,0.0,0.0
2022-02-17,25.841821239050116,25.900777315387145,25.173669240979805,25.28175163269043,6181400,0.0,0.0
2022-02-18,25.20314533337361,25.54704828121401,25.104887080544884,25.19331932067871,7210700,0.0,0.0
2022-02-22,25.212970045791632,25.37018249256176,24.92802318881585,25.144189834594727,7548500,0.0,0.0
2022-02-23,25.30140215637862,25.40948641579423,24.122306937307076,24.240217208862305,8771800,0.0,0.0
2022-02-24,23.43450438393191,23.76858132057418,22.874434776655246,23.709625244140625,12517100,0.0,0.0
2022-02-25,23.915966790476414,24.898545534952454,23.866838602900703,24.859241485595703,8884300,0.0,0.0
2022-02-28,24.002710055695022,24.8245849609375,24.002710055695022,24.8245849609375,11545700,0.195,0.0
2022-03-01,24.47801020847341,24.527521881502548,22.616414742153733,22.76494598388672,14839300,0.0,0.0
2022-03-02,23.170932607724435,24.101731299217832,23.170932607724435,23.933395385742188,12759200,0.0,0.0
2022-03-03,23.903689668413584,24.12153726739135,23.4977033649989,23.923494338989258,10191800,0.0,0.0
2022-03-04,23.071911645803056,23.31946435397123,22.646122574242707,22.992694854736328,8838100,0.0,0.0
2022-03-07,22.745142999384296,22.854066799439057,21.893562935656814,21.903465270996094,13428000,0.0,0.0
2022-03-08,22.428275908700957,22.84416455114886,21.883660683706555,22.180723190307617,12318900,0.0,0.0
2022-03-09,23.032304644067313,23.37887882000136,22.903576175648542,23.091716766357422,7809000,0.0,0.0
2022-03-10,22.665924575218117,23.14122719393327,22.507490998538806,22.735239028930664,11670900,0.0,0.0
2022-03-11,23.002597771634953,23.477898530059687,22.665925928914767,22.695632934570312,7928500,0.0,0.0
2022-03-14,23.170933262632147,24.072024975330034,23.15112859256296,23.576919555664062,11074500,0.0,0.0
2022-03-15,23.73535308844181,23.923493676344854,23.26005233985471,23.606626510620117,6940200,0.0,0.0
2022-03-16,24.052221799454774,24.468108532022985,23.606626173592748,24.121536254882812,12916900,0.0,0.0
2022-03-17,23.60662721478343,23.893787384033203,23.319465156856314,23.893787384033203,7443500,0.0,0.0
2022-03-18,23.854179049872556,23.854179049872556,23.200640053055,23.69574546813965,24007000,0.0,0.0
2022-03-21,23.784864021565458,24.12153584681518,23.48779964645717,23.65613555908203,6494300,0.0,0.0
2022-03-22,24.042319514141038,24.37899134578027,23.913591049214546,24.091829299926758,6197900,0.0,0.0
2022-03-23,23.854178541223845,24.06212190456028,23.230344673860085,23.289758682250977,5056000,0.0,0.0
2022-03-24,23.497703173354925,23.666039094520574,23.24024812400291,23.368976593017578,5844900,0.0,0.0
2022-03-25,23.418485192201736,23.814569137002227,23.30956328780487,23.65613555908203,6459700,0.0,0.0
2022-03-28,23.44819242877053,23.44819242877053,22.824358556932776,23.200639724731445,6018300,0.0,0.0
2022-03-29,23.62643157235823,23.725451146780923,23.190738267924562,23.398681640625,5608300,0.0,0.0
2022-03-30,23.388781115150792,23.41848623190637,22.586708966558522,22.784751892089844,8303100,0.0,0.0
2022-03-31,22.745141815984294,22.982792185730396,22.141114501133586,22.160917282104492,8962700,0.0,0.0
2022-04-01,22.388666630622737,22.52729553724446,21.339041830358486,21.447965621948242,14329300,0.0,0.0
2022-04-04,21.408358958263253,21.497476195307918,20.962763329653566,21.368749618530273,8741400,0.0,0.0
2022-04-05,21.23011986988936,21.566791689638404,21.11129374405203,21.141000747680664,9276200,0.0,0.0
2022-04-06,20.982567329566844,21.101391567617306,20.645895507295197,20.7152099609375,10894900,0.0,0.0
2022-04-07,20.784526053458343,20.853840512566155,20.239910827316386,20.527070999145508,9634000,0.0,0.0
2022-04-08,20.794427034136305,20.814231703641827,20.447852872498586,20.566679000854492,10992700,0.0,0.0
2022-04-11,20.576581169668007,21.150903359955937,20.517167161630578,20.655797958374023,7571600,0.0,0.0
2022-04-12,20.626091628472597,20.893449007347336,20.150790880702363,20.2993221282959,9048500,0.0,0.0
2022-04-13,20.071573313398154,20.388440466327562,20.0022588597795,20.378538131713867,12789100,0.0,0.0
2022-04-14,20.398344262643366,20.517168509167984,20.200301333532547,20.279518127441406,9067900,0.0,0.0
2022-04-18,20.25971228955058,20.59638411643554,20.220104839216773,20.566679000854492,9049300,0.0,0.0
2022-04-19,20.6756015618278,21.29943545030571,20.596384769969355,21.220218658447266,12486100,0.0,0.0
2022-04-20,21.497477145332994,21.952975129005473,21.358848227495756,21.537086486816406,13951100,0.0,0.0
2022-04-21,20.99247000377195,21.913364473930237,20.705307961263134,20.87364387512207,16539300,0.0,0.0
2022-04-22,20.9033509282484,20.982567717974153,20.48746231001888,20.507265090942383,13425700,0.0,0.0
2022-04-25,20.34883229474948,20.497365433795135,19.824021750869544,20.428049087524414,15848300,0.0,0.0
2022-04-26,19.992357139033288,20.3785387574391,19.705195092450417,19.715097427368164,11212500,0.0,0.0
2022-04-27,19.75470750783063,19.932943877002053,19.566566914692785,19.66558837890625,11467400,0.0,0.0
2022-04-28,19.873530790402416,19.982454584623927,19.566565966033085,19.83392333984375,8962800,0.0,0.0
2022-04-29,19.774508740808194,19.972551653722554,19.071459988448876,19.120969772338867,10362700,0.0,0.0
2022-05-02,19.20018689769889,19.358620475347987,18.833809957639314,19.279403686523438,10348400,0.0,0.0
2022-05-03,19.46754572301344,19.675490989640554,19.269502791814034,19.51705551147461,8193300,0.0,0.0
2022-05-04,19.47744700390236,20.140888332220065,19.38832787855541,20.08147621154785,10343100,0.0,0.0
2022-05-05,19.79431383131802,19.903237624607968,19.210089303325596,19.58637046813965,9991500,0.0,0.0
2022-05-06,19.576468588457917,19.596273258366843,19.002146381840024,19.34872055053711,8197000,0.0,0.0
2022-05-09,19.091266184838197,19.23979743706835,18.71498499793265,18.992244720458984,9018300,0.0,0.0
2022-05-10,19.289306428122813,19.30911109791604,18.427824067567368,18.73478889465332,12488300,0.0,0.0
2022-05-11,18.74469123215017,19.180384524275272,18.358509614515004,18.398117065429688,9088400,0.0,0.0
2022-05-12,18.35851035226369,18.5862583980378,17.972326830432223,18.348608016967773,12601100,0.0,0.0
2022-05-13,18.51694376744062,18.705082470281408,18.308998505514847,18.437726974487305,8640000,0.0,0.0
2022-05-16,18.467432263164117,18.556551392150045,18.1604674237,18.348608016967773,7519000,0.0,0.0
2022-05-17,18.724885996959546,19.14077460673099,18.724885996959546,19.031850814819336,6574200,0.0,0.0
2022-05-18,18.82390750806566,18.893221961779446,18.209975981914432,18.32880210876465,7998000,0.0,0.0
2022-05-19,18.071347354769326,18.338704727821057,17.952521226076144,18.18027114868164,9430400,0.0,0.0
2022-05-20,18.259487364583986,18.49713772582673,17.75447963868921,18.140661239624023,9884200,0.0,0.0
2022-05-23,18.615962715231117,18.952634546114588,18.427824018725904,18.764495849609375,9014500,0.0,0.0
2022-05-24,18.72488693986963,18.932832199565244,18.229781517051972,18.863515853881836,13355300,0.0,0.0
2022-05-25,18.764496658482262,19.517055254297844,18.764496658482262,19.328916549682617,16263100,0.0,0.0
2022-05-26,19.4378383258726,19.814119509849707,19.4378383258726,19.725000381469727,15423800,0.0,0.0
2022-05-27,19.75,19.920000076293945,19.65999984741211,19.81999969482422,6529700,0.195,0.0
2022-05-31,19.510000228881836,20.1200008392334,19.450000762939453,19.959999084472656,22267600,0.0,0.0
2022-06-01,20.049999237060547,20.049999237060547,19.209999084472656,19.5,8022500,0.0,0.0
2022-06-02,19.579999923706055,19.959999084472656,19.420000076293945,19.920000076293945,5045400,0.0,0.0
2022-06-03,19.780000686645508,19.860000610351562,19.579999923706055,19.639999389648438,7764800,0.0,0.0
2022-06-06,19.860000610351562,19.989999771118164,19.6299991607666,19.65999984741211,6143800,0.0,0.0
2022-06-07,19.450000762939453,19.770000457763672,19.389999389648438,19.719999313354492,7363400,0.0,0.0
2022-06-08,19.5,19.549999237060547,19.209999084472656,19.31999969482422,6142000,0.0,0.0
2022-06-09,19.299999237060547,19.34000015258789,18.649999618530273,18.649999618530273,6735000,0.0,0.0
2022-06-10,18.200000762939453,18.360000610351562,17.739999771118164,17.770000457763672,7510000,0.0,0.0
2022-06-13,17.299999237060547,17.739999771118164,17.1200008392334,17.389999389648438,16276700,0.0,0.0
2022-06-14,17.40999984741211,17.709999084472656,17.25,17.540000915527344,15323400,0.0,0.0
2022-06-15,17.739999771118164,18.030000686645508,17.540000915527344,17.739999771118164,14413900,0.0,0.0
2022-06-16,17.350000381469727,17.399999618530273,16.950000762939453,17.079999923706055,8566500,0.0,0.0
2022-06-17,17.1200008392334,17.510000228881836,17.09000015258789,17.260000228881836,17306600,0.0,0.0
2022-06-21,17.739999771118164,17.850000381469727,17.399999618530273,17.520000457763672,7033200,0.0,0.0
2022-06-22,17.270000457763672,17.489999771118164,17.149999618530273,17.40999984741211,15142500,0.0,0.0
2022-06-23,17.270000457763672,17.309999465942383,16.690000534057617,17.0,14936000,0.0,0.0
2022-06-24,17.049999237060547,17.93000030517578,17.010000228881836,17.829999923706055,14867300,0.0,0.0
2022-06-27,17.940000534057617,17.979999542236328,17.440000534057617,17.559999465942383,8650200,0.0,0.0
2022-06-28,17.760000228881836,18.1200008392334,17.559999465942383,17.610000610351562,7895100,0.0,0.0
2022-06-29,17.700000762939453,17.700000762939453,17.389999389648438,17.489999771118164,7174700,0.0,0.0
2022-06-30,16.940000534057617,17.549999237060547,16.75,17.229999542236328,10531100,0.0,0.0
2022-07-01,17.170000076293945,17.600000381469727,16.950000762939453,17.5,8677000,0.0,0.0
2022-07-05,17.059999465942383,17.3799991607666,16.799999237060547,17.3799991607666,6269700,0.0,0.0
2022-07-06,17.229999542236328,17.399999618530273,17.040000915527344,17.25,7574900,0.0,0.0
2022-07-07,17.5,17.670000076293945,17.40999984741211,17.6200008392334,5105000,0.0,0.0
2022-07-08,17.780000686645508,17.8700008392334,17.399999618530273,17.489999771118164,5668400,0.0,0.0
